blz,city,ags,bank,pan
10000000,Berlin,11000000,Bundesbank,20100
10010010,Berlin,11000000,Postbank Ndl der Deutsche Bank,10010
10010123,Berlin,11000000,OLINDA Zweigniederlassung Deutschland,
10010178,Berlin,11000000,"Revolut Bank, Zweigniederlassung Deutschland",
10010200,Berlin,11000000,"Treezor, Berlin",53144
10010300,Berlin,11000000,Klarna Bank German Branch,
10010424,Berlin,11000000,Aareal Bank,26910
10010500,Berlin,11000000,Noelse Pay,
10010700,Berlin,11000000,Financiere des Paiements Electroniques NL Deutschland,
10011001,Berlin,11000000,N26 Bank,
10012345,Berlin,11000000,Trade Republic Bank,
10014000,Berlin,11000000,Swan Zweigniederlassung Deutschland,
10014001,Berlin,11000000,Swan Zweigniederlassung Deutschland (Geschäftsfeld),
10017997,Berlin,11000000,Holvi Payment Services Zweigniederlassung Deutschland,
10018000,Berlin,11000000,Finom Payments Zweigniederlassung Deutschland,
10019000,Berlin,11000000,"Adyen, German Branch",
10020200,Berlin,11000000,BHF-BANK,25155
10020500,Berlin,11000000,SozialBank,25013
10020510,Berlin,11000000,SozialBank,
10020520,Berlin,11000000,SozialBank,
10020890,Berlin,11000000,UniCredit Bank - HypoVereinsbank,22014
10020890,Brandenburg an der Havel,12051000,UniCredit Bank - HypoVereinsbank,22014
10020890,Königs Wusterhausen,12061260,UniCredit Bank - HypoVereinsbank,22014
10030200,Berlin,11000000,Landesbank Baden-Württemberg,26706
10030400,Berlin,11000000,ABK Allgemeine Beamten Bank,25686
10030500,Hamburg,02000000,M.M. Warburg & Co (vormals Bankhaus Löbbecke),26225
10033300,Berlin,11000000,Santander Consumer Bank,29411
10040000,Berlin,11000000,"Commerzbank, Filiale Berlin 1",24100
10040005,Berlin,11000000,"Commerzbank, Filiale Berlin 3",24001
10040010,Berlin,11000000,"Commerzbank, CC SP",
10040048,Berlin,11000000,Commerzbank GF-B48,24148
10040060,Berlin,11000000,Commerzbank Gf 160,24101
10040061,Berlin,11000000,Commerzbank Gf 161,24102
10040062,Berlin,11000000,Commerzbank CC,
10040063,Berlin,11000000,Commerzbank CC,
10040085,Berlin,11000000,"Commerzbank, Gf Web-K",
10045050,Berlin,11000000,Commerzbank Service-BZ,
10050000,Berlin,11000000,BSK 1818 - Berliner Sparkasse,51000
10050020,Berlin,11000000,"S-Kreditpartner, Berlin",51002
10050500,Berlin,11000000,LBS Landesbausparkasse NordOst,
10050999,Frankfurt am Main,06412000,DekaBank,
10060198,Berlin,11000000,Pax-Bank,61335
10061006,Berlin,11000000,Bank für Kirche und Diakonie - KD-Bank Gf Sonder-BLZ,
10070000,Berlin,11000000,Deutsche Bank,27060
10070000,Berlin,11000000,Deutsche Bank Gf P2,27703
10070000,Berlin,11000000,Deutsche Bank Gf P2,27700
10070024,Berlin,11000000,Deutsche Bank,21060
10070024,Berlin,11000000,Deutsche Bank,21703
10070024,Berlin,11000000,Deutsche Bank,21700
10070100,Berlin,11000000,Deutsche Bank,27701
10070124,Berlin,11000000,Deutsche Bank,21701
10070324,Berlin,11000000,Postbank/DSL Ndl der Deutsche Bank,21397
10070397,Berlin,11000000,Postbank/DSL Ndl der Deutsche Bank,27397
10070398,Berlin,11000000,Postbank/DSL Ndl der Deutsche Bank,27398
10070399,Berlin,11000000,Postbank/DSL Ndl der Deutsche Bank,27399
10070848,Berlin,11000000,Deutsche Bank,21848
10071324,Berlin,11000000,Postbank/DSL Ndl der Deutsche Bank,21398
10072324,Berlin,11000000,Postbank/DSL Ndl der Deutsche Bank,21399
10077777,Berlin,11000000,norisbank,21431
10080000,Berlin,11000000,Commerzbank vormals Dresdner Bank Filiale Berlin I,28100
10080005,Berlin,11000000,Commerzbank vormals Dresdner Bank Zw A,
10080006,Berlin,11000000,Commerzbank vormals Dresdner Bank Zw B,
10080055,Berlin,11000000,Commerzbank vormals Dresdner Bank Zw 55,28101
10080057,Berlin,11000000,Commerzbank vormals Dresdner Bank Gf ZW 57,28103
10080085,Berlin,11000000,Commerzbank vormals Dresdner Bank Gf PCC DCC-ITGK 3,
10080086,Berlin,11000000,"Commerzbank vormals Dresdner Bank, PCC DCC-ITGK 4",
10080087,Berlin,11000000,"Commerzbank vormals Dresdner Bank, PCC DCC-ITGK 5",
10080088,Berlin,11000000,Commerzbank vormals Dresdner Bank IBLZ,
10080089,Berlin,11000000,"Commerzbank vormals Dresdner Bank, PCC DCC-ITGK 6",
10080900,Berlin,11000000,Commerzbank vormals Dresdner Bank Filiale Berlin III,28109
10089260,Berlin,11000000,Commerzbank vormals Dresdner Bank ITGK,
10089999,Berlin,11000000,Commerzbank vormals Dresdner Bank ITGK 2,
10090000,Berlin,11000000,Berliner Volksbank,91001
10090000,Beelitz,12069017,Berliner Volksbank,91001
10090000,Berlin,11000000,Berliner Volksbank (Gf P2),81001
10090000,Bernau bei Berlin,12060020,Berliner Volksbank,91001
10090000,Eberswalde,12060052,Berliner Volksbank,91001
10090000,Falkensee,12063080,Berliner Volksbank,91001
10090000,Gransee,12065100,Berliner Volksbank,91001
10090000,Großbeeren,12072120,Berliner Volksbank,91001
10090000,Halbe,12061216,Berliner Volksbank,91001
10090000,Hennigsdorf,12065136,Berliner Volksbank,91001
10090000,Kyritz,12068264,Berliner Volksbank,91001
10090000,Königs Wusterhausen,12061260,Berliner Volksbank,91001
10090000,Neuruppin,12068320,Berliner Volksbank,91001
10090000,Oranienburg,12065256,Berliner Volksbank,91001
10090000,Potsdam,12054000,Volksbank Potsdam Zndl d Berliner Volksbank,91001
10090000,Strausberg,12064472,Berliner Volksbank,91001
10090000,Treuenbrietzen,12069632,Berliner Volksbank,91001
10090000,Wittstock/Dosse,12068468,Berliner Volksbank,91001
10090000,Zehdenick,12065356,Berliner Volksbank,91001
10090300,Berlin,11000000,Bank für Schiffahrt (BFS) Fil d Ostfr VB Leer,
10090900,Berlin,11000000,PSD Bank Berlin-Brandenburg -alt-,91008
10090900,Berlin,11000000,PSD Bank Berlin-Brandenburg (Gf P2),81008
10110300,Frankfurt am Main,06412000,Westend Bank,26240
10110400,Berlin,11000000,Investitionsbank Berlin,
10110600,Berlin,11000000,Quirin Privatbank,25207
10120100,Berlin,11000000,Weberbank,51012
10130600,Berlin,11000000,Isbank Fil Berlin,29835
10130800,Frankfurt am Main,06412000,flatexDEGIRO Bank,25185
10220500,Berlin,11000000,Lloyds Bank,
10220600,Flensburg,01001000,Sydbank Filiale Berlin,
10310600,Berlin,11000000,Tradegate Berlin,25257
10310666,Berlin,11000000,"Tradegate, GF DIR",
10320700,Berlin,11000000,MANGOPAY German Branch,
11010100,Berlin,11000000,Solaris,
11010101,Berlin,11000000,Solaris,
11010111,Berlin,11000000,Solaris,
12016836,Berlin,11000000,KfW Kreditanstalt für Wiederaufbau,
12030000,Berlin,11000000,Deutsche Kreditbank Berlin,51011
12030000,Berlin,11000000,Deutsche Kreditbank (Gf P2),51100
12030000,Chemnitz,14511000,Deutsche Kreditbank,51011
12030000,Cottbus,12052000,Deutsche Kreditbank,51011
12030000,Dresden,14612000,Deutsche Kreditbank,51011
12030000,Erfurt,16051000,Deutsche Kreditbank,51011
12030000,Frankfurt (Oder),12053000,Deutsche Kreditbank,51011
12030000,Gera,16052000,Deutsche Kreditbank,51011
12030000,Halle (Saale),15002000,Deutsche Kreditbank,51011
12030000,Leipzig,14713000,Deutsche Kreditbank,51011
12030000,Magdeburg,15003000,Deutsche Kreditbank,51011
12030000,Neubrandenburg,13071107,Deutsche Kreditbank,51011
12030000,Potsdam,12054000,Deutsche Kreditbank,51011
12030000,Rostock,13003000,Deutsche Kreditbank,51011
12030000,Schwerin,13004000,Deutsche Kreditbank,51011
12030000,Suhl,16054000,Deutsche Kreditbank,51011
12030900,Berlin,11000000,Merck Finck A Quintet Private Bank,26249
12040000,Berlin,11000000,Commerzbank Filiale Berlin 2,24120
12050555,Hannover,03241001,ZVA Norddeutsche Landesbank Gf SA,
12060000,Berlin,11000000,DZ BANK,
12070000,Potsdam,12054000,Deutsche Bank,27704
12070000,Angermünde,12073008,Deutsche Bank,27704
12070000,Bad Freienwalde (Oder),12064044,Deutsche Bank,27704
12070000,Berlin,11000000,Deutsche Bank,27704
12070000,Bernau bei Berlin,12060020,Deutsche Bank,27704
12070000,Brandenburg an der Havel,12051000,Deutsche Bank,27704
12070000,Cottbus,12052000,Deutsche Bank,27704
12070000,Eberswalde,12060052,Deutsche Bank,27704
12070000,Eisenhüttenstadt,12067120,Deutsche Bank,27704
12070000,Falkensee,12063080,Deutsche Bank,27704
12070000,Finsterwalde,12062140,Deutsche Bank,27704
12070000,Forst (Lausitz),12071076,Deutsche Bank,27704
12070000,Frankfurt (Oder),12053000,Deutsche Bank,27704
12070000,Fürstenwalde/Spree,12067144,Deutsche Bank,27704
12070000,Guben,12071160,Deutsche Bank,27704
12070000,Hennigsdorf,12065136,Deutsche Bank,27704
12070000,Jüterbog,12072169,Deutsche Bank,27704
12070000,Kyritz,12068264,Deutsche Bank,27704
12070000,Königs Wusterhausen,12061260,Deutsche Bank,27704
12070000,Luckenwalde,12072232,Deutsche Bank,27704
12070000,Ludwigsfelde,12072240,Deutsche Bank,27704
12070000,Lübben (Spreewald),12061316,Deutsche Bank,27704
12070000,Nauen,12063208,Deutsche Bank,27704
12070000,Neuruppin,12068320,Deutsche Bank,27704
12070000,Oranienburg,12065256,Deutsche Bank,27704
12070000,Pritzwalk,12070316,Deutsche Bank,27704
12070000,Rathenow,12063252,Deutsche Bank,27704
12070000,Schwarzheide,12066296,Deutsche Bank,27704
12070000,Schwedt/Oder,12073532,Deutsche Bank,27704
12070000,Seelow,12064448,Deutsche Bank,27704
12070000,Senftenberg,12066304,Deutsche Bank,27704
12070000,Spremberg,12071372,Deutsche Bank,27704
12070000,Strausberg,12064472,Deutsche Bank,27704
12070000,Teltow,12069616,Deutsche Bank,27704
12070000,Weißwasser/O.L.,14626600,Deutsche Bank,27704
12070000,Werder (Havel),12069656,Deutsche Bank,27704
12070000,Wittstock/Dosse,12068468,Deutsche Bank,27704
12070000,Zossen,12072477,Deutsche Bank,27704
12070024,Potsdam,12054000,Deutsche Bank,21704
12070024,Angermünde,12073008,Deutsche Bank,21704
12070024,Bad Freienwalde (Oder),12064044,Deutsche Bank,21704
12070024,Berlin,11000000,Deutsche Bank,21704
12070024,Bernau bei Berlin,12060020,Deutsche Bank,21704
12070024,Brandenburg an der Havel,12051000,Deutsche Bank,21704
12070024,Cottbus,12052000,Deutsche Bank,21704
12070024,Eberswalde,12060052,Deutsche Bank,21704
12070024,Eisenhüttenstadt,12067120,Deutsche Bank,21704
12070024,Falkensee,12063080,Deutsche Bank,21704
12070024,Finsterwalde,12062140,Deutsche Bank,21704
12070024,Forst (Lausitz),12071076,Deutsche Bank,21704
12070024,Frankfurt (Oder),12053000,Deutsche Bank,21704
12070024,Fürstenwalde/Spree,12067144,Deutsche Bank,21704
12070024,Gerdshagen,12070096,Deutsche Bank,21704
12070024,Guben,12071160,Deutsche Bank,21704
12070024,Hennigsdorf,12065136,Deutsche Bank,21704
12070024,Jüterbog,12072169,Deutsche Bank,21704
12070024,Kyritz,12068264,Deutsche Bank,21704
12070024,Königs Wusterhausen,12061260,Deutsche Bank,21704
12070024,Luckenwalde,12072232,Deutsche Bank,21704
12070024,Ludwigsfelde,12072240,Deutsche Bank,21704
12070024,Lübben (Spreewald),12061316,Deutsche Bank,21704
12070024,Nauen,12063208,Deutsche Bank,21704
12070024,Neuruppin,12068320,Deutsche Bank,21704
12070024,Oranienburg,12065256,Deutsche Bank,21704
12070024,Rathenow,12063252,Deutsche Bank,21704
12070024,Schwarzheide,12066296,Deutsche Bank,21704
12070024,Schwedt/Oder,12073532,Deutsche Bank,21704
12070024,Seelow,12064448,Deutsche Bank,21704
12070024,Senftenberg,12066304,Deutsche Bank,21704
12070024,Spremberg,12071372,Deutsche Bank,21704
12070024,Strausberg,12064472,Deutsche Bank,21704
12070024,Teltow,12069616,Deutsche Bank,21704
12070024,Weißwasser/O.L.,14626600,Deutsche Bank,21704
12070024,Werder (Havel),12069656,Deutsche Bank,21704
12070024,Wittstock/Dosse,12068468,Deutsche Bank,21704
12070024,Zossen,12072477,Deutsche Bank,21704
12070070,Potsdam,12054000,Deutsche Bank,
12070088,Potsdam,12054000,Deutsche Bank,
12070400,Cottbus,12052000,Postbank/DSL Ndl der Deutsche Bank,27400
12070424,Cottbus,12052000,Postbank/DSL Ndl der Deutsche Bank,21400
12080000,Berlin,11000000,Commerzbank vormals Dresdner Bank Filiale Berlin II,28120
12096597,Berlin,11000000,Sparda-Bank Berlin,91055
12096597,Aschersleben,15089015,Sparda-Bank Berlin,91055
12096597,Bautzen,14625020,Sparda-Bank Berlin,91055
12096597,Bergen auf Rügen,13073010,Sparda-Bank Berlin,91055
12096597,Berlin,11000000,Sparda-Bank Berlin (Gf P2),81055
12096597,Bernburg (Saale),15089030,Sparda-Bank Berlin,91055
12096597,Brandenburg an der Havel,12051000,Sparda-Bank Berlin,91055
12096597,Chemnitz,14511000,Sparda-Bank Berlin,91055
12096597,Cottbus,12052000,Sparda-Bank Berlin,91055
12096597,Delitzsch,14730070,Sparda-Bank Berlin,91055
12096597,Dessau-Roßlau,15001000,Sparda-Bank Berlin,91055
12096597,Dresden,14612000,Sparda-Bank Berlin,91055
12096597,Eisenach,07232218,Sparda-Bank Berlin,91055
12096597,Erfurt,16051000,Sparda-Bank Berlin,91055
12096597,Falkenberg,12064125,Sparda-Bank Berlin,91055
12096597,Frankfurt (Oder),12053000,Sparda-Bank Berlin,91055
12096597,Gera,16052000,Sparda-Bank Berlin,91055
12096597,Gotha,16067029,Sparda-Bank Berlin,91055
12096597,Greifswald,13075039,Sparda-Bank Berlin,91055
12096597,Güstrow,13072043,Sparda-Bank Berlin,91055
12096597,Görlitz,14626110,Sparda-Bank Berlin,91055
12096597,Halberstadt,15085135,Sparda-Bank Berlin,91055
12096597,Halle (Saale),15002000,Sparda-Bank Berlin,91055
12096597,Leipzig,14713000,Sparda-Bank Berlin,91055
12096597,Lutherstadt Wittenberg,15091375,Sparda-Bank Berlin,91055
12096597,Magdeburg,15003000,Sparda-Bank Berlin,91055
12096597,Meiningen,16066042,Sparda-Bank Berlin,91055
12096597,Neubrandenburg,13071107,Sparda-Bank Berlin,91055
12096597,Nordhausen,16062041,Sparda-Bank Berlin,91055
12096597,Pirna,14628270,Sparda-Bank Berlin,91055
12096597,Potsdam,12054000,Sparda-Bank Berlin,91055
12096597,Riesa,14627230,Sparda-Bank Berlin,91055
12096597,Rostock,13003000,Sparda-Bank Berlin,91055
12096597,Saalfeld/Saale,16073077,Sparda-Bank Berlin,91055
12096597,Schwerin,13004000,Sparda-Bank Berlin,91055
12096597,Stendal,15090535,Sparda-Bank Berlin,91055
12096597,Stralsund,13073088,Sparda-Bank Berlin,91055
12096597,Weimar,16055000,Sparda-Bank Berlin,91055
12096597,Weißenfels,15084550,Sparda-Bank Berlin,91055
12096597,Wismar,13074087,Sparda-Bank Berlin,91055
12096597,Wittenberge,12070424,Sparda-Bank Berlin,91055
12096597,Zwickau,14524330,Sparda-Bank Berlin,91055
13000000,Rostock,13003000,Bundesbank,20130
13040000,Rostock,13003000,Commerzbank,24130
13040000,Roggentin,13072087,Commerzbank,24130
13040000,Wismar,13074087,Commerzbank,24130
13050000,Rostock,13003000,Ostseesparkasse Rostock,51399
13050000,Bad Doberan,13072006,Ostseesparkasse Rostock,51399
13050000,Bützow,13072020,Ostseesparkasse Rostock,51399
13050000,Güstrow,13072043,Ostseesparkasse Rostock,51399
13050000,Teterow,13072106,Ostseesparkasse Rostock,51399
13051042,Bergen auf Rügen,13073010,Sparkasse Vorpommern auf Rügen,51303
13061008,Wolgast,13075144,Volksbank Wolgast -alt-,61260
13061008,Wolgast,13075144,Volksbank Wolgast (Gf P2),71260
13061078,Wismar,13074087,Volks- und Raiffeisenbank,61286
13061078,Bobitz,13074008,Volks- und Raiffeisenbank,61286
13061078,Gadebusch,13074021,Volks- und Raiffeisenbank,61286
13061078,Grevesmühlen,13074026,Volks- und Raiffeisenbank,61286
13061078,Insel Poel,13074035,Volks- und Raiffeisenbank,61286
13061078,Klütz,13074039,Volks- und Raiffeisenbank,61286
13061078,Kühlungsborn,13072060,Volks- und Raiffeisenbank,61286
13061078,Lützow,13074050,Volks- und Raiffeisenbank,61286
13061078,Neubukow,13072074,Volks- und Raiffeisenbank,61286
13061078,Neuburg,13074056,Volks- und Raiffeisenbank,61286
13061078,Neukloster,13074057,Volks- und Raiffeisenbank,61286
13061078,Rehna,13074065,Volks- und Raiffeisenbank,61286
13061078,Schönberg,13074074,Volks- und Raiffeisenbank,61286
13061078,Wismar,13074087,Volks- und Raiffeisenbank (Gf P2),71286
13061088,Wismar,13074087,Raiffeisenbank Wismar -alt-,61315
13061128,Bad Doberan,13072006,Raiffeisenbank,61288
13061128,Bad Doberan,13072006,Raiffeisenbank (Gf P2),71288
13070000,Rostock,13003000,Deutsche Bank,27707
13070000,Anklam,13075005,Deutsche Bank,27707
13070000,Bad Doberan,13072006,Deutsche Bank,27707
13070000,Barth,13073009,Deutsche Bank,27707
13070000,Bergen auf Rügen,13073010,Deutsche Bank,27707
13070000,Bützow,13072020,Deutsche Bank,27707
13070000,Demmin,13071029,Deutsche Bank,27707
13070000,Gadebusch,13074021,Deutsche Bank,27707
13070000,Greifswald,13075039,Deutsche Bank,27707
13070000,Grevesmühlen,13074026,Deutsche Bank,27707
13070000,Grimmen,13073035,Deutsche Bank,27707
13070000,Güstrow,13072043,Deutsche Bank,27707
13070000,Hagenow,13076060,Deutsche Bank,27707
13070000,Ludwigslust,13076090,Deutsche Bank,27707
13070000,Lübz,13076089,Deutsche Bank,27707
13070000,Malchin,13071092,Deutsche Bank,27707
13070000,Neubrandenburg,13071107,Deutsche Bank,27707
13070000,Neustrelitz,13071110,Deutsche Bank,27707
13070000,Parchim,13076108,Deutsche Bank,27707
13070000,Perleberg,12070296,Deutsche Bank,27707
13070000,Plau am See,13076114,Deutsche Bank,27707
13070000,Prenzlau,12073452,Deutsche Bank,27707
13070000,Ribnitz-Damgarten,13073075,Deutsche Bank,27707
13070000,Sassnitz,13073080,Deutsche Bank,27707
13070000,Schwerin,13004000,Deutsche Bank,27707
13070000,Stavenhagen,13071142,Deutsche Bank,27707
13070000,Stralsund,13073088,Deutsche Bank,27707
13070000,Templin,12073572,Deutsche Bank,27707
13070000,Teterow,13072106,Deutsche Bank,27707
13070000,Torgelow,13075131,Deutsche Bank,27707
13070000,Ueckermünde,13075136,Deutsche Bank,27707
13070000,Waren (Müritz),13071156,Deutsche Bank,27707
13070000,Wismar,13074087,Deutsche Bank,27707
13070000,Wittenberge,12070424,Deutsche Bank,27707
13070000,Wolgast,13075144,Deutsche Bank,27707
13070024,Rostock,13003000,Deutsche Bank,21707
13070024,Anklam,13075005,Deutsche Bank,21707
13070024,Bad Doberan,13072006,Deutsche Bank,21707
13070024,Barth,13073009,Deutsche Bank,21707
13070024,Bergen auf Rügen,13073010,Deutsche Bank,21707
13070024,Bützow,13072020,Deutsche Bank,21707
13070024,Demmin,13071029,Deutsche Bank,21707
13070024,Gadebusch,13074021,Deutsche Bank,21707
13070024,Greifswald,13075039,Deutsche Bank,21707
13070024,Grevesmühlen,13074026,Deutsche Bank,21707
13070024,Grimmen,13073035,Deutsche Bank,21707
13070024,Güstrow,13072043,Deutsche Bank,21707
13070024,Hagenow,13076060,Deutsche Bank,21707
13070024,Ludwigslust,13076090,Deutsche Bank,21707
13070024,Lübz,13076089,Deutsche Bank,21707
13070024,Malchin,13071092,Deutsche Bank,21707
13070024,Neubrandenburg,13071107,Deutsche Bank,21707
13070024,Neustrelitz,13071110,Deutsche Bank,21707
13070024,Parchim,13076108,Deutsche Bank,21707
13070024,Perleberg,12070296,Deutsche Bank,21707
13070024,Plau am See,13076114,Deutsche Bank,21707
13070024,Prenzlau,12073452,Deutsche Bank,21707
13070024,Ribnitz-Damgarten,13073075,Deutsche Bank,21707
13070024,Sassnitz,13073080,Deutsche Bank,21707
13070024,Schwerin,13004000,Deutsche Bank,21707
13070024,Stavenhagen,13071142,Deutsche Bank,21707
13070024,Stralsund,13073088,Deutsche Bank,21707
13070024,Templin,12073572,Deutsche Bank,21707
13070024,Teterow,13072106,Deutsche Bank,21707
13070024,Torgelow,13075131,Deutsche Bank,21707
13070024,Ueckermünde,13075136,Deutsche Bank,21707
13070024,Waren (Müritz),13071156,Deutsche Bank,21707
13070024,Wismar,13074087,Deutsche Bank,21707
13070024,Wittenberge,12070424,Deutsche Bank,21707
13070024,Wolgast,13075144,Deutsche Bank,21707
13070405,Schwerin,13004000,Postbank/DSL Ndl der Deutsche Bank,27405
13070424,Schwerin,13004000,Postbank/DSL Ndl der Deutsche Bank,21405
13080000,Rostock,13003000,Commerzbank vormals Dresdner Bank,28130
13090000,Rostock,13003000,Rostocker Volks- und Raiffeisenbank -alt-,91063
13090000,Rostock,13003000,Rostocker Volks- und Raiffeisenbank (Gf P2),81063
13091054,Stralsund,13073088,Volksbank Vorpommern,91054
13091054,Stralsund,13073088,Volksbank Vorpommern (Gf P2),81054
13091084,Wismar,13074087,Volksbank Wismar -alt-,
14040000,Schwerin,13004000,Commerzbank,24140
14040000,Parchim,13076108,Commerzbank,24140
14051000,Wismar,13074087,Sparkasse Mecklenburg-Nordwest,51499
14051000,Bad Kleinen,13074002,Sparkasse Mecklenburg-Nordwest,51499
14051000,Dassow,13074017,Sparkasse Mecklenburg-Nordwest,51499
14051000,Dorf Mecklenburg,13074019,Sparkasse Mecklenburg-Nordwest,51499
14051000,Gadebusch,13074021,Sparkasse Mecklenburg-Nordwest,51499
14051000,Grevesmühlen,13074026,Sparkasse Mecklenburg-Nordwest,51499
14051000,Klütz,13074039,Sparkasse Mecklenburg-Nordwest,51499
14051000,Neukloster,13074057,Sparkasse Mecklenburg-Nordwest,51499
14051000,Ostseebad Boltenhagen,13074010,Sparkasse Mecklenburg-Nordwest,51499
14051000,Rehna,13074065,Sparkasse Mecklenburg-Nordwest,51499
14051000,Schönberg,13074074,Sparkasse Mecklenburg-Nordwest,51499
14051000,Warin,13074084,Sparkasse Mecklenburg-Nordwest,51499
14051362,Parchim,13076108,Sparkasse Parchim-Lübz,51404
14051462,Schwerin,13004000,Sparkasse Schwerin -alt-,51409
14052000,Schwerin,13004000,Sparkasse Mecklenburg-Schwerin,51498
14052000,Boizenburg,13076014,Sparkasse Mecklenburg-Schwerin,51498
14052000,Dömitz,13076034,Sparkasse Mecklenburg-Schwerin,51498
14052000,Eldena,13076037,Sparkasse Mecklenburg-Schwerin,51498
14052000,Grabow,13076050,Sparkasse Mecklenburg-Schwerin,51498
14052000,Hagenow,13076060,Sparkasse Mecklenburg-Schwerin,51498
14052000,Ludwigslust,13076090,Sparkasse Mecklenburg-Schwerin,51498
14052000,Lübtheen,13076088,Sparkasse Mecklenburg-Schwerin,51498
14052000,Malliß,13076094,Sparkasse Mecklenburg-Schwerin,51498
14052000,Neu Kaliß,13076103,Sparkasse Mecklenburg-Schwerin,51498
14052000,Neustadt-Glewe,13076105,Sparkasse Mecklenburg-Schwerin,51498
14052000,Pampow,13076107,Sparkasse Mecklenburg-Schwerin,51498
14052000,Vellahn,13076142,Sparkasse Mecklenburg-Schwerin,51498
14052000,Wittenburg,13076152,Sparkasse Mecklenburg-Schwerin,51498
14052000,Wöbbelin,13076156,Sparkasse Mecklenburg-Schwerin,51498
14052000,Zarrentin am Schaalsee,13076159,Sparkasse Mecklenburg-Schwerin,51498
14061308,Rostock,13003000,VR Bank Mecklenburg,61289
14061308,Brüel,13076020,VR Bank Mecklenburg,61289
14061308,Bützow,13072020,VR Bank Mecklenburg,61289
14061308,Dabel,13076026,VR Bank Mecklenburg,61289
14061308,Dobbertin,13076032,VR Bank Mecklenburg,61289
14061308,Goldberg,13076048,VR Bank Mecklenburg,61289
14061308,Güstrow,13072043,VR Bank Mecklenburg,61289
14061308,Krakow am See,13072056,VR Bank Mecklenburg,61289
14061308,Laage,13072062,VR Bank Mecklenburg,61289
14061308,Lalendorf,13072063,VR Bank Mecklenburg,61289
14061308,Lübz,13076089,VR Bank Mecklenburg,61289
14061308,Plau am See,13076114,VR Bank Mecklenburg,61289
14061308,Rostock,13003000,VR Bank Mecklenburg (Gf P2),71289
14061308,Schwaan,13072095,VR Bank Mecklenburg,61289
14061308,Sternberg,13076128,VR Bank Mecklenburg,61289
14061308,Warin,13074084,VR Bank Mecklenburg,61289
14061438,Gadebusch,13074021,Raiffeisen-Volksbank -alt-,61311
14080000,Schwerin,13004000,Commerzbank vormals Dresdner Bank,28140
14080000,Parchim,13076108,Commerzbank vormals Dresdner Bank,28140
14080000,Wismar,13074087,Commerzbank vormals Dresdner Bank,28140
14080011,Schwerin,13004000,Commerzbank vormals Dresdner Bank Zw W,
14091464,Schwerin,13004000,VR-Bank -alt-,91044
14091464,Ludwigslust,13076090,VR-Bank,91044
14091464,Parchim,13076108,VR-Bank Schwerin,91044
14091464,Schwerin,13004000,VR-Bank (Gf P2),81044
15000000,Neubrandenburg,13071107,Bundesbank,20150
15040068,Neubrandenburg,13071107,Commerzbank,24151
15040068,Bergen auf Rügen,13073010,Commerzbank,24151
15040068,Greifswald,13075039,Commerzbank,24151
15040068,Pasewalk,13075105,Commerzbank,24151
15040068,Stralsund,13073088,Commerzbank,24151
15040068,Waren (Müritz),13071156,Commerzbank,24151
15050100,Waren (Müritz),13071156,Müritz-Sparkasse,51514
15050200,Neubrandenburg,13071107,Sparkasse Neubrandenburg-Demmin,51515
15050200,Altentreptow,13071004,Sparkasse Neubrandenburg-Demmin,51515
15050200,Dargun,13071027,Sparkasse Neubrandenburg-Demmin,51515
15050200,Demmin,13071029,Sparkasse Neubrandenburg-Demmin,51515
15050200,Malchin,13071092,Sparkasse Neubrandenburg-Demmin,51515
15050200,Neukalen,13071109,Sparkasse Neubrandenburg-Demmin,51515
15050200,Stavenhagen,13071142,Sparkasse Neubrandenburg-Demmin,51515
15050400,Pasewalk,13075105,Sparkasse Uecker-Randow,51598
15050500,Greifswald,13075039,Sparkasse Vorpommern,51597
15050500,Anklam,13075005,Sparkasse Vorpommern,51597
15050500,Barth,13073009,Sparkasse Vorpommern,51597
15050500,Born,13073012,Sparkasse Vorpommern,51597
15050500,Franzburg,13073024,Sparkasse Vorpommern,51597
15050500,Grimmen,13073035,Sparkasse Vorpommern,51597
15050500,Karlshagen,13075058,Sparkasse Vorpommern,51597
15050500,Koserow,13075066,Sparkasse Vorpommern,51597
15050500,Marlow,13073055,Sparkasse Vorpommern,51597
15050500,Ostseebad Prerow,13073067,Sparkasse Vorpommern,51597
15050500,Ostseebad Wustrow,13073103,Sparkasse Vorpommern,51597
15050500,Ribnitz-Damgarten,13073075,Sparkasse Vorpommern,51597
15050500,Seebad Ahlbeck,13075001,Sparkasse Vorpommern,51597
15050500,Stralsund,13073088,Sparkasse Vorpommern,51597
15050500,Usedom,13075137,Sparkasse Vorpommern,51597
15050500,Wolgast,13075144,Sparkasse Vorpommern,51597
15050500,Zingst,13073105,Sparkasse Vorpommern,51597
15050500,Zinnowitz,13075151,Sparkasse Vorpommern,51597
15051732,Neustrelitz,13071110,Sparkasse Mecklenburg-Strelitz,51512
15051732,Burg Stargard,13071021,Sparkasse Mecklenburg-Strelitz,51512
15051732,Feldberger Seenlandschaft,13071033,Sparkasse Mecklenburg-Strelitz Gs,51512
15051732,Friedland,13071035,Sparkasse Mecklenburg-Strelitz,51512
15051732,Mirow,13071099,Sparkasse Mecklenburg-Strelitz Gs,51512
15051732,Wesenberg,13071159,Sparkasse Mecklenburg-Strelitz Gs,51512
15051732,Woldegk,13071164,Sparkasse Mecklenburg-Strelitz,51512
15061618,Waren (Müritz),13071156,Raiffeisenbank Mecklenburger Seenplatte,61261
15061618,Malchow,13071093,Raiffeisenbank Mecklenburger Seenplatte,61261
15061618,Waren (Müritz),13071156,Raiffeisenbank Mecklenburger Seenplatte (Gf P2),71261
15061638,Greifswald,13075039,Volksbank Vorpommern -alt-,61265
15061638,Greifswald,13075039,Volksbank Vorpommern (Gf P2),71265
15061698,Malchin,13071092,Raiffeisenbank Malchin -alt-,61247
15061698,Malchin,13071092,Raiffeisenbank Malchin (Gf P2),71247
15080000,Neubrandenburg,13071107,Commerzbank vormals Dresdner Bank,28150
15080000,Greifswald,13075039,Commerzbank vormals Dresdner Bank,28150
15080000,Pasewalk,13075105,Commerzbank vormals Dresdner Bank,28150
15080000,Stralsund,13073088,Commerzbank vormals Dresdner Bank,28150
15080000,Waren (Müritz),13071156,Commerzbank vormals Dresdner Bank,28150
15091674,Demmin,13071029,Volksbank Demmin,91048
15091674,Demmin,13071029,Volksbank Demmin (Gf P2),81048
15091704,Prenzlau,12073452,VR-Bank Uckermark-Randow,91045
15091704,Angermünde,12073008,VR-Bank Uckermark-Randow,91045
15091704,Gartz (Oder),12073189,VR-Bank Uckermark-Randow,91045
15091704,Gramzow,12073225,VR-Bank Uckermark-Randow,91045
15091704,Joachimsthal,12060100,VR-Bank Uckermark-Randow,91045
15091704,Lychen,12073384,VR-Bank Uckermark-Randow,91045
15091704,Löcknitz,13075079,VR-Bank Uckermark-Randow,91045
15091704,Pasewalk,13075105,VR-Bank Uckermark-Randow,91045
15091704,Prenzlau,12073452,VR-Bank Uckermark-Randow (Gf P2),81045
15091704,Schwedt/Oder,12073532,VR-Bank Uckermark-Randow,91045
15091704,Strasburg (Uckermark),13075130,VR-Bank Uckermark-Randow,91045
15091704,Templin,12073572,VR-Bank Uckermark-Randow,91045
15091704,Woldegk,13071164,VR-Bank Uckermark-Randow,91045
16010300,Potsdam,12054000,Investitionsbank des Landes Brandenburg,
16020086,Potsdam,12054000,UniCredit Bank - HypoVereinsbank,22102
16040000,Potsdam,12054000,Commerzbank,24160
16040000,Angermünde,12073008,Commerzbank,24160
16040000,Bad Belzig,12069020,Commerzbank,24160
16040000,Brandenburg an der Havel,12051000,Commerzbank,24160
16040000,Erkner,12067124,Commerzbank,24160
16040000,Falkensee,12063080,Commerzbank,24160
16040000,Hennigsdorf,12065136,Commerzbank,24160
16040000,Königs Wusterhausen,12061260,Commerzbank,24160
16040000,Luckenwalde,12072232,Commerzbank,24160
16040000,Ludwigsfelde,12072240,Commerzbank,24160
16040000,Nauen,12063208,Commerzbank,24160
16040000,Neuruppin,12068320,Commerzbank,24160
16040000,Neustrelitz,13071110,Commerzbank,24160
16040000,Oranienburg,12065256,Commerzbank,24160
16040000,Rathenow,12063252,Commerzbank,24160
16040000,Strausberg,12064472,Commerzbank,24160
16040000,Teltow,12069616,Commerzbank,24160
16040000,Wittenberge,12070424,Commerzbank,24160
16040000,Zehdenick,12065356,Commerzbank,24160
16050000,Potsdam,12054000,Mittelbrandenburgische Sparkasse in Potsdam,51699
16050101,Pritzwalk,12070316,Sparkasse Prignitz,51698
16050101,Bad Wilsnack,12070008,Sparkasse Prignitz,51698
16050101,Karstädt,12070173,Sparkasse Prignitz,51698
16050101,Lenzen (Elbe),12070244,Sparkasse Prignitz,51698
16050101,Meyenburg,12070280,Sparkasse Prignitz,51698
16050101,Perleberg,12070296,Sparkasse Prignitz,51698
16050101,Plattenburg,12070302,Sparkasse Prignitz,51698
16050101,Putlitz,12070325,Sparkasse Prignitz,51698
16050101,Wittenberge,12070424,Sparkasse Prignitz,51698
16050202,Neuruppin,12068320,Sparkasse Ostprignitz-Ruppin,51697
16050202,Fehrbellin,12068117,Sparkasse Ostprignitz-Ruppin,51697
16050202,Kyritz,12068264,Sparkasse Ostprignitz-Ruppin,51697
16050202,Lindow (Mark),12068280,Sparkasse Ostprignitz-Ruppin,51697
16050202,Neustadt (Dosse),12068324,Sparkasse Ostprignitz-Ruppin,51697
16050202,Rheinsberg,12068353,Sparkasse Ostprignitz-Ruppin,51697
16050202,Wittstock/Dosse,12068468,Sparkasse Ostprignitz-Ruppin,51697
16050202,Wusterhausen,12068477,Sparkasse Ostprignitz-Ruppin,51697
16050500,Potsdam,12054000,LBS Landesbausparkasse NordOst,
16060122,Perleberg,12070296,Volks- und Raiffeisenbank Prignitz,61336
16060122,Bad Wilsnack,12070008,Volks- und Raiffeisenbank Prignitz,61336
16060122,Karstädt,12070173,Volks- und Raiffeisenbank Prignitz,61336
16060122,Perleberg,12070296,Volks- und Raiffeisenbank Prignitz (Gf P2),71336
16060122,Pritzwalk,12070316,Volks- und Raiffeisenbank Prignitz,61336
16060122,Putlitz,12070325,Volks- und Raiffeisenbank Prignitz,61336
16060122,Wittenberge,12070424,Volks- und Raiffeisenbank Prignitz,61336
16060122,Wittstock/Dosse,12068468,Volks- und Raiffeisenbank Prignitz,61336
16061938,Neuruppin,12068320,Raiffeisenbank Ostprignitz-Ruppin,61259
16061938,Fehrbellin,12068117,Raiffeisenbank Ostprignitz-Ruppin,61259
16061938,Kyritz,12068264,Raiffeisenbank Ostprignitz-Ruppin,61259
16061938,Neuruppin,12068320,Raiffeisenbank Ostprignitz-Ruppin (Gf P2),71259
16061938,Neustadt (Dosse),12068324,Raiffeisenbank Ostprignitz-Ruppin,61259
16061938,Wusterhausen,12068477,Raiffeisenbank Ostprignitz-Ruppin,61259
16062008,Luckenwalde,12072232,VR-Bank Fläming-Elsterland,61321
16062008,Luckenwalde,12072232,VR-Bank Fläming-Elsterland (Gf P2),71321
16062073,Brandenburg an der Havel,12051000,Brandenburger Bank,61293
16062073,Brandenburg an der Havel,12051000,Brandenburger Bank (Gf P2),71293
16062073,Golzow,12064172,Brandenburger Bank,61293
16062073,Groß Kreutz (Havel),12069249,Brandenburger Bank,61293
16062073,Ziesar,12069696,Brandenburger Bank,61293
16080000,Potsdam,12054000,Commerzbank vormals Dresdner Bank,28160
16080000,Angermünde,12073008,Commerzbank vormals Dresdner Bank,28160
16080000,Bad Belzig,12069020,Commerzbank vormals Dresdner Bank,28160
16080000,Brandenburg an der Havel,12051000,Commerzbank vormals Dresdner Bank,28160
16080000,Eberswalde,12060052,Commerzbank vormals Dresdner Bank,28160
16080000,Eisenhüttenstadt,12067120,Commerzbank vormals Dresdner Bank,28160
16080000,Falkensee,12063080,Commerzbank vormals Dresdner Bank,28160
16080000,Hennigsdorf,12065136,Commerzbank vormals Dresdner Bank,28160
16080000,Königs Wusterhausen,12061260,Commerzbank vormals Dresdner Bank,28160
16080000,Luckenwalde,12072232,Commerzbank vormals Dresdner Bank,28160
16080000,Ludwigsfelde,12072240,Commerzbank vormals Dresdner Bank,28160
16080000,Nauen,12063208,Commerzbank vormals Dresdner Bank,28160
16080000,Oranienburg,12065256,Commerzbank vormals Dresdner Bank,28160
16080000,Rathenow,12063252,Commerzbank vormals Dresdner Bank,28160
16080000,Salzwedel,15081455,Commerzbank vormals Dresdner Bank,28160
16080000,Stendal,15090535,Commerzbank vormals Dresdner Bank,28160
16080000,Strausberg,12064472,Commerzbank vormals Dresdner Bank,28160
16080000,Wittenberge,12070424,Commerzbank vormals Dresdner Bank,28160
16080000,Zehdenick,12065356,Commerzbank vormals Dresdner Bank,28160
16091994,Rathenow,12063252,Volksbank Rathenow,91025
16091994,Rathenow,12063252,Volksbank Rathenow (Gf P2),81025
17020086,Frankfurt (Oder),12053000,UniCredit Bank - HypoVereinsbank,22106
17040000,Frankfurt (Oder),12053000,Commerzbank,24170
17040000,Eberswalde,12060052,Commerzbank,24170
17040000,Eisenhüttenstadt,12067120,Commerzbank,24170
17040000,Fürstenwalde/Spree,12067144,Commerzbank,24170
17040000,Schwedt/Oder,12073532,Commerzbank,24170
17040000,Wildau,12061540,Commerzbank,24170
17052000,Eberswalde,12060052,Sparkasse Barnim,51799
17052000,Bernau bei Berlin,12060020,Sparkasse Barnim,51799
17052302,Schwedt/Oder,12073532,Stadtsparkasse Schwedt,51700
17054040,Strausberg,12064472,Kreissparkasse Märkisch-Oderland,51797
17055050,Frankfurt (Oder),12053000,Sparkasse Oder-Spree,51796
17055050,Beeskow,12067036,Sparkasse Oder-Spree,51796
17055050,Eisenhüttenstadt,12067120,Sparkasse Oder-Spree,51796
17055050,Fürstenwalde/Spree,12067144,Sparkasse Oder-Spree,51796
17056060,Prenzlau,12073452,Sparkasse Uckermark,51798
17056060,Angermünde,12073008,Sparkasse Uckermark,51798
17056060,Boitzenburger Land,12073069,Sparkasse Uckermark Gs,51798
17056060,Brüssow,12073085,Sparkasse Uckermark Gs,51798
17056060,Gartz (Oder),12073189,Sparkasse Uckermark Gs,51798
17056060,Gerswalde,12073201,Sparkasse Uckermark Gs,51798
17056060,Gramzow,12073225,Sparkasse Uckermark Gs,51798
17056060,Lychen,12073384,Sparkasse Uckermark Gs,51798
17056060,Nordwestuckermark,12073429,Sparkasse Uckermark Gs,51798
17056060,Templin,12073572,Sparkasse Uckermark,51798
17062428,Beeskow,12067036,Raiffeisenbank-Volksbank Oder-Spree,61250
17062428,Beeskow,12067036,Raiffeisenbank-Volksbank Oder-Spree (Gf P2),71250
17080000,Frankfurt (Oder),12053000,Commerzbank vormals Dresdner Bank,28170
17080000,Fürstenwalde/Spree,12067144,Commerzbank vormals Dresdner Bank,28170
17092404,Fürstenwalde/Spree,12067144,VR Bank Fürstenwalde Seelow Wriezen,91049
17092404,Bad Freienwalde (Oder),12064044,VR Bank Fürstenwalde Seelow Wriezen,91049
17092404,Erkner,12067124,VR Bank Fürstenwalde Seelow Wriezen,91049
17092404,Fürstenwalde/Spree,12067144,VR Bank Fürstenwalde Seelow Wriezen (Gf P2),81049
17092404,Letschin,12064274,VR Bank Fürstenwalde Seelow Wriezen,91049
17092404,Müncheberg,12064317,VR Bank Fürstenwalde Seelow Wriezen,91049
17092404,Seelow,12064448,VR Bank Fürstenwalde Seelow Wriezen,91049
17092404,Spreenhagen,12067469,VR Bank Fürstenwalde Seelow Wriezen,91049
17092404,Wriezen,12064512,VR Bank Fürstenwalde Seelow Wriezen,91049
18020086,Cottbus,12052000,UniCredit Bank - HypoVereinsbank,22107
18040000,Cottbus,12052000,Commerzbank,24180
18040000,Bad Liebenwerda,12062024,Commerzbank,24180
18040000,Forst (Lausitz),12071076,Commerzbank,24180
18040000,Guben,12071160,Commerzbank,24180
18040000,Herzberg,12068188,Commerzbank,24180
18040000,Luckau,12061320,Commerzbank,24180
18040000,Lübben (Spreewald),12061316,Commerzbank,24180
18040000,Senftenberg,12066304,Commerzbank,24180
18040000,Spremberg,12071372,Commerzbank,24180
18050000,Cottbus,12052000,Sparkasse Spree-Neiße,51898
18050000,Forst (Lausitz),12071076,Sparkasse Spree-Neiße,51898
18050000,Guben,12071160,Sparkasse Spree-Neiße,51898
18050000,Spremberg,12071372,Sparkasse Spree-Neiße,51898
18051000,Finsterwalde,12062140,Sparkasse Elbe-Elster,51897
18055000,Senftenberg,12066304,Sparkasse Niederlausitz,51899
18055000,Altdöbern,12066008,Sparkasse Niederlausitz,51899
18055000,Calau,12066052,Sparkasse Niederlausitz,51899
18055000,Großräschen,12066112,Sparkasse Niederlausitz,51899
18055000,Hosena,12066304,Sparkasse Niederlausitz,51899
18055000,Lauchhammer,12066176,Sparkasse Niederlausitz,51899
18055000,Lübbenau/Spreewald,12066196,Sparkasse Niederlausitz,51899
18055000,Neupetershain,12066228,Sparkasse Niederlausitz,51899
18055000,Ortrand,12066240,Sparkasse Niederlausitz,51899
18055000,Ruhland,12066272,Sparkasse Niederlausitz,51899
18055000,Schipkau,12066285,Sparkasse Niederlausitz,51899
18055000,Schwarzheide,12066296,Sparkasse Niederlausitz,51899
18055000,Vetschau/Spreewald,12066320,Sparkasse Niederlausitz,51899
18062678,Cottbus,12052000,VR Bank Lausitz,61278
18062678,Cottbus,12052000,VR Bank Lausitz (Gf P2),71278
18062678,Finsterwalde,12062140,VR Bank Lausitz,61278
18062678,Herzberg,12062224,VR Bank Lausitz,61278
18062758,Forst (Lausitz),12071076,VR Bank Forst -alt-,61329
18080000,Cottbus,12052000,Commerzbank vormals Dresdner Bank,28180
18080000,Bad Liebenwerda,12062024,Commerzbank vormals Dresdner Bank,28180
18080000,Forst (Lausitz),12071076,Commerzbank vormals Dresdner Bank,28180
18080000,Herzberg,12062224,Commerzbank vormals Dresdner Bank,28180
18080000,Luckau,12061320,Commerzbank vormals Dresdner Bank,28180
18080000,Lübben (Spreewald),12061316,Commerzbank vormals Dresdner Bank,28180
18092684,Lübben (Spreewald),12061316,Spreewaldbank,91026
18092684,Lübben (Spreewald),12061316,Spreewaldbank (Gf P2),81026
18092684,Lübbenau/Spreewald,12066196,Spreewaldbank,91026
18092744,Spremberg,12071372,Volksbank Spree-Neiße,91027
18092744,Bad Muskau,14626010,Volksbank Spree-Neiße,91027
18092744,Spremberg,12071372,Volksbank Spree-Neiße (Gf P2),81027
18092744,Weißwasser/O.L.,14626600,Volksbank Spree-Neiße,91027
20000000,Hamburg,02000000,Bundesbank,20200
20010020,Hamburg,02000000,Postbank Ndl der Deutsche Bank,10020
20010424,Wiesbaden,06414000,Aareal Bank ehem. Filiale Hamburg,26911
20020200,Frankfurt am Main,06412000,Skandinaviska Enskilda Banken (publ) Hamburg Branch,25200
20020500,Hamburg,02000000,Jyske Bank Fil Hamburg,25660
20020900,Hamburg,02000000,Signal Iduna Bauspar,
20030000,Hamburg,02000000,UniCredit Bank - HypoVereinsbank,29260
20030000,Ahrensburg,01062001,UniCredit Bank - HypoVereinsbank,29260
20030000,Bad Oldesloe,01062004,UniCredit Bank - HypoVereinsbank,29260
20030000,Braunschweig,03101000,UniCredit Bank - HypoVereinsbank,29260
20030000,Brunsbüttel,01051011,UniCredit Bank - HypoVereinsbank,29260
20030000,Buchholz in der Nordheide,03353005,UniCredit Bank - HypoVereinsbank,29260
20030000,Buxtehude,03359010,UniCredit Bank - HypoVereinsbank,29260
20030000,Cuxhaven,03352011,UniCredit Bank - HypoVereinsbank,29260
20030000,Eckernförde,01058043,UniCredit Bank - HypoVereinsbank,29260
20030000,Elmshorn,01056015,UniCredit Bank - HypoVereinsbank,29260
20030000,Eutin,01055012,UniCredit Bank - HypoVereinsbank,29260
20030000,Flensburg,01001000,UniCredit Bank - HypoVereinsbank,29260
20030000,Hannover,03241001,UniCredit Bank - HypoVereinsbank,29260
20030000,Heide,01051044,UniCredit Bank - HypoVereinsbank,29260
20030000,Husum,01054056,UniCredit Bank - HypoVereinsbank,29260
20030000,Itzehoe,01061046,UniCredit Bank - HypoVereinsbank,29260
20030000,Kappeln,01059045,UniCredit Bank - HypoVereinsbank,29260
20030000,Kiel,01002000,UniCredit Bank - HypoVereinsbank,29260
20030000,Lübeck,01003000,UniCredit Bank - HypoVereinsbank,29260
20030000,Lüneburg,03355022,UniCredit Bank - HypoVereinsbank,29260
20030000,Magdeburg,15003000,UniCredit Bank - HypoVereinsbank,29260
20030000,Neumünster,01004000,UniCredit Bank - HypoVereinsbank,29260
20030000,Niebüll,01054088,UniCredit Bank - HypoVereinsbank,29260
20030000,Norderstedt,01060063,UniCredit Bank - HypoVereinsbank,29260
20030000,Osnabrück,03404000,UniCredit Bank - HypoVereinsbank,29260
20030000,Pinneberg,01056039,UniCredit Bank - HypoVereinsbank,29260
20030000,Preetz,01057062,UniCredit Bank - HypoVereinsbank,29260
20030000,Rendsburg,01058135,UniCredit Bank - HypoVereinsbank,29260
20030000,Rostock,13003000,UniCredit Bank - HypoVereinsbank,29260
20030000,Sankt Peter-Ording,01054113,UniCredit Bank - HypoVereinsbank,29260
20030000,Schleswig,01059075,UniCredit Bank - HypoVereinsbank,29260
20030000,Schwerin,13004000,UniCredit Bank - HypoVereinsbank,29260
20030000,Schönberg (Holstein),01057073,UniCredit Bank - HypoVereinsbank,29260
20030000,Stade,03359038,UniCredit Bank - HypoVereinsbank,29260
20030000,Stralsund,13073088,UniCredit Bank - HypoVereinsbank,29260
20030000,Sylt,01054168,UniCredit Bank - HypoVereinsbank,29260
20030000,Winsen (Luhe),03353040,UniCredit Bank - HypoVereinsbank,29260
20030000,Wyk auf Föhr,01054164,UniCredit Bank - HypoVereinsbank,29260
20030133,Hamburg,02000000,Varengold Bank,
20030300,Hamburg,02000000,DONNER & REUSCHEL,99010
20030301,Hamburg,02000000,Donner + Reuschel GF NL LUX,
20030400,Hamburg,02000000,"Marcard, Stein & Co Bankiers",26230
20030600,Hamburg,02000000,Sydbank Fil Hamburg,29816
20030700,Hamburg,02000000,Merck Finck A Quintet Private Bank,26248
20040000,Hamburg,02000000,Commerzbank,24200
20040000,Ahrensburg,01062001,Commerzbank,24200
20040000,Bad Oldesloe,01062004,Commerzbank,24200
20040000,Buxtehude,03359010,Commerzbank,24200
20040000,Geesthacht,01053032,Commerzbank,24200
20040000,Glinde,01062018,Commerzbank,24200
20040000,Norderstedt,01060063,Commerzbank,24200
20040000,Quickborn,01056041,Commerzbank,24200
20040000,Reinbek,01062060,Commerzbank,24200
20040000,Wedel,01056050,Commerzbank,24200
20040000,Winsen (Luhe),03353040,Commerzbank,24200
20040005,Hamburg,02000000,"Commerzbank, Filiale Hamburg 2",24002
20040020,Hamburg,02000000,"Commerzbank, CC SP",
20040040,Hamburg,02000000,Commerzbank GF RME,24220
20040048,Hamburg,02000000,Commerzbank GF-H48,24248
20040050,Hamburg,02000000,Commerzbank GF COC,24328
20040060,Hamburg,02000000,Commerzbank Gf 260,24295
20040061,Hamburg,02000000,Commerzbank Gf 261,24296
20040062,Hamburg,02000000,Commerzbank CC,
20040063,Hamburg,02000000,Commerzbank CC,
20041111,Quickborn,01056041,Commerzbank - GF comdirect,24221
20041133,Quickborn,01056041,Commerzbank - GF comdirect,24222
20041144,Quickborn,01056041,Commerzbank - GF comdirect,24224
20041155,Quickborn,01056041,Commerzbank - GF comdirect,24225
20041166,Quickborn,01056041,Commerzbank - GF comdirect,24226
20041177,Quickborn,01056041,Commerzbank - GF comdirect,24227
20041188,Quickborn,01056041,Commerzbank - GF comdirect,24228
20041199,Quickborn,01056041,Commerzbank - GF comdirect,24229
20050550,Hamburg,02000000,Hamburger Sparkasse,52001
20050550,Ahrensburg,01062001,Hamburger Sparkasse,52001
20050550,Bargteheide,01062006,Hamburger Sparkasse,52001
20050550,Barsbüttel,01062009,Hamburger Sparkasse,52001
20050550,Buchholz in der Nordheide,03353005,Hamburger Sparkasse,52001
20050550,Buxtehude,03359010,Hamburger Sparkasse,52001
20050550,Geesthacht,01053032,Hamburger Sparkasse,52001
20050550,Glinde,01062018,Hamburger Sparkasse,52001
20050550,Neu Wulmstorf,03353026,Hamburger Sparkasse,52001
20050550,Norderstedt,01060063,Hamburger Sparkasse,52001
20050550,Reinbek,01062060,Hamburger Sparkasse,52001
20050550,Rellingen,01056043,Hamburger Sparkasse,52001
20050550,Schenefeld,01056044,Hamburger Sparkasse,52001
20050550,Seevetal,03353031,Hamburger Sparkasse,52001
20050550,Uetersen,01056049,Hamburger Sparkasse,52001
20050550,Wedel,01056050,Hamburger Sparkasse,52001
20050550,Wentorf bei Hamburg,01053129,Hamburger Sparkasse,52001
20050550,Winsen (Luhe),03353040,Hamburger Sparkasse,52001
20060000,Hamburg,02000000,DZ BANK,
20069111,Norderstedt,01060063,Norderstedter Bank -alt-,62267
20069111,Norderstedt,01060063,Norderstedter Bank (Gf P2),72267
20069125,Kaltenkirchen,01060044,Kaltenkirchener Bank -alt-,62275
20069125,Kaltenkirchen,01060044,Kaltenkirchener Bank (Gf P2),72275
20069130,Bad Bramstedt,01060004,Raiffeisenbank -alt-,62279
20069130,Alveslohe,01060002,Raiffeisenbank,62279
20069130,Bad Bramstedt,01060004,Raiffeisenbank (Gf P2),72279
20069130,Bilsen,01056004,Raiffeisenbank,62279
20069130,Brokstedt,01061019,Raiffeisenbank,62279
20069130,Henstedt-Ulzburg,01060039,Raiffeisenbank,62279
20069130,Kisdorf,01060047,Raiffeisenbank,62279
20069130,Lentföhrden,01060054,Raiffeisenbank,62279
20069130,Nützen,01060064,Raiffeisenbank,62279
20069130,Schmalfeld,01060073,Raiffeisenbank,62279
20069130,Wakendorf II,01060094,Raiffeisenbank,62279
20069130,Weddelbrook,01060095,Raiffeisenbank,62279
20069144,Seestermühe,01056045,Raiffeisenbank,62286
20069144,Seestermühe,01056045,Raiffeisenbank (Gf P2),72286
20069177,Mölln,01053090,Raiffeisenbank,62302
20069177,Ahrensburg,01062001,Raiffeisenbank,62302
20069177,Barsbüttel,01062009,Raiffeisenbank,62302
20069177,Großhansdorf,01062023,Raiffeisenbank,62302
20069177,Mölln,01053090,Raiffeisenbank (Gf P2),72302
20069177,Oststeinbek,01062053,Raiffeisenbank,62302
20069177,Ratzeburg,01053100,Raiffeisenbank,62302
20069177,Trittau,01062082,Raiffeisenbank,62302
20069177,Wittenburg,13076152,Raiffeisenbank,62302
20069177,Zarrentin am Schaalsee,13076159,Raiffeisenbank,62302
20069232,Struvenhütten,01060082,Raiffeisenbank -alt-,62574
20069232,Struvenhütten,01060082,Raiffeisenbank (Gf P2),72574
20069641,Owschlag,01058127,Raiffeisenbank Owschlag,62578
20069641,Owschlag,01058127,Raiffeisenbank Owschlag (Gf P2),72578
20069780,Ahlerstedt,03359002,Volksbank Ahlerstedt,62457
20069780,Ahlerstedt,03359002,Volksbank Ahlerstedt (Gf P2),72457
20069782,Apensen,03359003,Volksbank Geest,62458
20069782,Apensen,03359003,Volksbank Geest (Gf P2),72458
20069782,Bargstedt,01058011,Volksbank Geest,62458
20069782,Buxtehude,03359010,Volksbank Geest,62458
20069782,Dollern,03359012,Volksbank Geest,62458
20069782,Harsefeld,03359023,Volksbank Geest,62458
20069782,Heidenau,03353018,Volksbank Geest,62458
20069782,Hollenstedt,03353019,Volksbank Geest,62458
20069782,Horneburg,03359027,Volksbank Geest,62458
20069782,Moisburg,03353025,Volksbank Geest,62458
20069786,Drochtersen,03359013,Volksbank Kehdingen Zndl. der Ostfriesischen Volksbank,62461
20069786,Balje,03359004,Volksbank Kehdingen Zndl. der Ostfriesischen Volksbank,62461
20069786,Drochtersen,03359013,Volksbank Kehdingen Zndl. der Ostfriesischen VB (Gf P2),72461
20069786,Freiburg (Elbe),03359018,Volksbank Kehdingen Zndl. der Ostfriesischen Volksbank,62461
20069786,Oederquart,03359035,Volksbank Kehdingen Zndl. der Ostfriesischen Volksbank,62461
20069786,Stade,03359038,Volksbank Kehdingen Zndl. der Ostfriesischen Volksbank,62461
20069786,Wischhafen,03359040,Volksbank Kehdingen Zndl. der Ostfriesischen Volksbank,62461
20069800,Hammah,03359022,Spar- und Kreditbank,62466
20069800,Hammah,03359022,Spar- und Kreditbank (Gf P2),72466
20069800,Stade,03359038,Spar- und Kreditbank Hammah,62466
20069812,Fredenbeck,03359017,Volksbank Fredenbeck,62474
20069812,Fredenbeck,03359017,Volksbank Fredenbeck (Gf P2),72474
20069812,Kutenholz,03359031,Volksbank Fredenbeck,62474
20069815,Oldendorf,03359036,Volksbank,62477
20069815,Oldendorf,03359036,Volksbank (Gf P2),72477
20069861,Ratzeburg,01053100,Raiffeisenbank -alt-,62490
20069861,Krummesse,01053075,Raiffeisenbank,62490
20069861,Ratzeburg,01053100,Raiffeisenbank (Gf P2),72490
20069882,Lübeck,01003000,Raiffeisenbank Travemünde -alt-,62581
20069882,Lübeck,01003000,Raiffeisenbank Travemünde (Gf P2),72581
20069965,Marschacht,03353023,Volksbank Winsener Marsch,62531
20069965,Marschacht,03353023,Volksbank Winsener Marsch (Gf P2),72531
20069965,Winsen (Luhe),03353040,Volksbank Winsener Marsch,62531
20069965,Wulfsen,03353042,Volksbank Winsener Marsch,62531
20069989,Wulfsen,03353042,Volksbank Wulfsen -alt-,62538
20069989,Winsen (Luhe),03353040,Volksbank Wulfsen,62538
20069989,Wulfsen,03353042,Volksbank Wulfsen (Gf P2),72538
20070000,Hamburg,02000000,Deutsche Bank,27600
20070000,Ahrensburg,01062001,Deutsche Bank,27600
20070000,Brunsbüttel,01051011,Deutsche Bank,27600
20070000,Buchholz in der Nordheide,03353005,Deutsche Bank,27600
20070000,Buxtehude,03359010,Deutsche Bank,27600
20070000,Cuxhaven,03352011,Deutsche Bank,27600
20070000,Elmshorn,01056015,Deutsche Bank,27600
20070000,Geesthacht,01053032,Deutsche Bank,27600
20070000,Itzehoe,01061046,Deutsche Bank,27600
20070000,Lauenburg,01053083,Deutsche Bank,27600
20070000,Norderstedt,01060063,Deutsche Bank,27600
20070000,Pinneberg,01056039,Deutsche Bank,27600
20070000,Reinbek,01062060,Deutsche Bank,27600
20070000,Stade,03359038,Deutsche Bank,27600
20070000,Wedel,01056050,Deutsche Bank,27600
20070024,Hamburg,02000000,Deutsche Bank,21600
20070024,Ahrensburg,01062001,Deutsche Bank,21600
20070024,Brunsbüttel,01051011,Deutsche Bank,21600
20070024,Buchholz in der Nordheide,03353005,Deutsche Bank,21600
20070024,Buxtehude,03359010,Deutsche Bank,21600
20070024,Cuxhaven,03352011,Deutsche Bank,21600
20070024,Elmshorn,01056015,Deutsche Bank,21600
20070024,Geesthacht,01053032,Deutsche Bank,21600
20070024,Itzehoe,01061046,Deutsche Bank,21600
20070024,Lauenburg,01053083,Deutsche Bank,21600
20070024,Norderstedt,01060063,Deutsche Bank,21600
20070024,Pinneberg,01056039,Deutsche Bank,21600
20070024,Reinbek,01062060,Deutsche Bank,21600
20070024,Stade,03359038,Deutsche Bank,21600
20070024,Wedel,01056050,Deutsche Bank,21600
20070404,Hamburg,02000000,Postbank/DSL Ndl der Deutsche Bank,27404
20070424,Hamburg,02000000,Postbank/DSL Ndl der Deutsche Bank,21404
20080000,Hamburg,02000000,Commerzbank vormals Dresdner Bank,28200
20080000,Ahrensburg,01062001,Commerzbank vormals Dresdner Bank,28200
20080000,Buxtehude,03359010,Commerzbank vormals Dresdner Bank,28200
20080000,Norderstedt,01060063,Commerzbank vormals Dresdner Bank,28200
20080000,Quickborn,01056041,Commerzbank vormals Dresdner Bank,28200
20080000,Stade,03359038,Commerzbank vormals Dresdner Bank,28200
20080000,Wedel,01056050,Commerzbank vormals Dresdner Bank,28200
20080055,Hamburg,02000000,Commerzbank vormals Dresdner Bank Zw 55,28202
20080057,Hamburg,02000000,Commerzbank vormals Dresdner Bank Gf ZW 57,28203
20080085,Hamburg,02000000,Commerzbank vormals Dresdner Bank Gf PCC DCC-ITGK 2,
20080086,Hamburg,02000000,"Commerzbank vormals Dresdner Bank, PCC DCC-ITGK 3",
20080087,Hamburg,02000000,"Commerzbank vormals Dresdner Bank, PCC DCC-ITGK 4",
20080088,Hamburg,02000000,"Commerzbank vormals Dresdner Bank, PCC DCC-ITGK 5",
20080089,Hamburg,02000000,"Commerzbank vormals Dresdner Bank, PCC DCC-ITGK 6",
20080091,Hamburg,02000000,"Commerzbank vormals Dresdner Bank, PCC DCC-ITGK 7",
20080092,Hamburg,02000000,"Commerzbank vormals Dresdner Bank, PCC DCC-ITGK 8",
20080093,Hamburg,02000000,"Commerzbank vormals Dresdner Bank, PCC DCC-ITGK 9",
20080094,Hamburg,02000000,"Commerzbank vormals Dresdner Bank, PCC DCC-ITGK 10",
20080095,Hamburg,02000000,"Commerzbank vormals Dresdner Bank, PCC DCC-ITGK 11",
20089200,Hamburg,02000000,Commerzbank vormals Dresdner Bank ITGK,
20090400,Hamburg,02000000,DZ HYP,26770
20090700,Hamburg,02000000,Edekabank,92055
20090700,Hamburg,02000000,Edekabank (Gf P2),82055
20090745,Hamburg,02000000,EBANK Gf Cash,92165
20090900,Hamburg,02000000,PSD Bank Nord,92063
20090900,Hamburg,02000000,PSD Bank Nord (Gf P2),82063
20110022,Hamburg,02000000,Postbank Ndl der Deutsche Bank,
20110700,Düsseldorf,05111000,MUFG Bank (Europe) Germany Branch,29605
20110800,Hamburg,02000000,Bank of China Fil Hamburg,
20120000,Hamburg,02000000,"Joh. Berenberg, Gossler & Co",26020
20120100,Hamburg,02000000,M.M. Warburg & CO,26391
20120200,Hamburg,02000000,BHF-BANK,25156
20120400,Hamburg,02000000,start:bausparkasse,
20120520,Hamburg,02000000,SozialBank,
20120600,Hamburg,02000000,Goyer & Göppel,26145
20120700,Hamburg,02000000,Hanseatic Bank,26175
20130400,Baden-Baden,08211000,GRENKE BANK,99047
20130600,Hamburg,02000000,BAWAG Niederlassung Deutschland,29665
20130600,Hamburg,02000000,Barclays Bank Ireland Hamburg Branch (Gf P2),23210
20133300,Hamburg,02000000,Santander Consumer Bank,29412
20190003,Hamburg,02000000,Hamburger Volksbank,92002
20190003,Geesthacht,01053032,Hamburger Volksbank,92002
20190003,Hamburg,02000000,Hamburger Volksbank (Gf P2),82002
20190003,Wedel,01056050,Hamburger Volksbank,92002
20190077,Hamburg,02000000,Hamburger Volksbank (Gf GAA),
20190109,Bad Oldesloe,01062004,Volksbank Raiffeisenbank,92038
20190109,Bad Oldesloe,01062004,Volksbank Raiffeisenbank (Gf P2),82038
20190206,Hamburg,02000000,Volksbank Hamburg Ost-West -alt-,92041
20190206,Hamburg,02000000,Volksbank Hamburg Ost-West -alt- (Gf P2),82041
20190301,Hamburg,02000000,Vierländer Volksbank -alt-,92044
20190301,Hamburg,02000000,Vierländer Volksbank (Gf P2),82044
20190800,Hamburg,02000000,MKB Mittelstandskreditbank,92164
20190800,Hamburg,02000000,MKB Mittelstandskreditbank (Gf P2),82164
20210200,Hamburg,02000000,Bank Melli Iran,29585
20210300,Hamburg,02000000,Bank Saderat Iran,29615
20220100,Hamburg,02000000,DNB Bank ASA - Filiale Deutschland,29910
20220800,München,09162000,Banking Circle - German Branch,
20230300,Hamburg,02000000,Otto M. Schröder Bank,26320
20230600,Berlin,11000000,Isbank Berlin,29838
20230800,Hamburg,02000000,Sutor Bank,26375
20310300,Hamburg,02000000,Europäisch-Iranische Handelsbank,29145
20690500,Hamburg,02000000,Sparda-Bank Hamburg,92047
20690500,Hamburg,02000000,Sparda-Bank Hamburg (Gf P2),82047
20730001,Hamburg,02000000,UniCredit Bank - HVB Settlement EAC01,
20730002,Hamburg,02000000,UniCredit Bank - HVB Settlement EAC02,
20730003,Hamburg,02000000,UniCredit Bank - HVB Settlement EAC03,
20730004,Hamburg,02000000,UniCredit Bank - HVB Settlement EAC04,
20730005,Hamburg,02000000,UniCredit Bank - HVB Settlement EAC05,
20730006,Hamburg,02000000,UniCredit Bank - HVB Settlement EAC06,
20730007,Hamburg,02000000,UniCredit Bank - HVB Settlement EAC07,
20730008,Hamburg,02000000,UniCredit Bank - HVB Settlement EAC08,
20730009,Hamburg,02000000,UniCredit Bank - HVB Settlement EAC09,
20730010,Hamburg,02000000,UniCredit Bank - HVB Settlement EAC10,
20730011,Hamburg,02000000,UniCredit Bank - HVB Settlement EAC11,
20730012,Hamburg,02000000,UniCredit Bank - HVB Settlement EAC12,
20730013,Hamburg,02000000,UniCredit Bank - HVB Settlement EAC13,
20730014,Hamburg,02000000,UniCredit Bank - HVB Settlement EAC14,
20730015,Hamburg,02000000,UniCredit Bank - HVB Settlement EAC15,
20730016,Hamburg,02000000,UniCredit Bank - HVB Settlement EAC16,
20730017,Hamburg,02000000,UniCredit Bank - HVB Settlement EAC17,
20730018,Hamburg,02000000,UniCredit Bank - HVB Settlement EAC18,
20730019,Hamburg,02000000,UniCredit Bank - HVB Settlement EAC19,
20730020,Hamburg,02000000,UniCredit Bank - HVB Settlement EAC20,
20730021,Hamburg,02000000,UniCredit Bank - HVB Settlement EAC21,
20730022,Hamburg,02000000,UniCredit Bank - HVB Settlement EAC22,
20730023,Hamburg,02000000,UniCredit Bank - HVB Settlement EAC23,
20730024,Hamburg,02000000,UniCredit Bank - HVB Settlement EAC24,
20730025,Hamburg,02000000,UniCredit Bank - HVB Settlement EAC25,
20730026,Hamburg,02000000,UniCredit Bank - HVB Settlement EAC26,
20730027,Hamburg,02000000,UniCredit Bank - HVB Settlement EAC27,
20730028,Hamburg,02000000,UniCredit Bank - HVB Settlement EAC28,
20730029,Hamburg,02000000,UniCredit Bank - HVB Settlement EAC29,
20730030,Hamburg,02000000,UniCredit Bank - HVB Settlement EAC30,
20730031,Hamburg,02000000,UniCredit Bank - HVB Settlement EAC31,
20730032,Hamburg,02000000,UniCredit Bank - HVB Settlement EAC32,
20730033,Hamburg,02000000,UniCredit Bank - HVB Settlement EAC33,
20730034,Hamburg,02000000,UniCredit Bank - HVB Settlement EAC34,
20730035,Hamburg,02000000,UniCredit Bank - HVB Settlement EAC35,
20730036,Hamburg,02000000,UniCredit Bank - HVB Settlement EAC36,
20730037,Hamburg,02000000,UniCredit Bank - HVB Settlement EAC37,
20730038,Hamburg,02000000,UniCredit Bank - HVB Settlement EAC38,
20730039,Hamburg,02000000,UniCredit Bank - HVB Settlement EAC39,
20730040,Hamburg,02000000,UniCredit Bank - HVB Settlement EAC40,
20730041,Hamburg,02000000,UniCredit Bank - HVB Settlement EAC41,
20730042,Hamburg,02000000,UniCredit Bank - HVB Settlement EAC42,
20730043,Hamburg,02000000,UniCredit Bank - HVB Settlement EAC43,
20730044,Hamburg,02000000,UniCredit Bank - HVB Settlement EAC44,
20730045,Hamburg,02000000,UniCredit Bank - HVB Settlement EAC45,
20730046,Hamburg,02000000,UniCredit Bank - HVB Settlement EAC46,
20730047,Hamburg,02000000,UniCredit Bank - HVB Settlement EAC47,
20730048,Hamburg,02000000,UniCredit Bank - HVB Settlement EAC48,
20730049,Hamburg,02000000,UniCredit Bank - HVB Settlement EAC49,
20730050,Hamburg,02000000,UniCredit Bank - HVB Settlement EAC50,
20730052,Hamburg,02000000,UniCredit Bank - HVB Settlement EAC52,
20730055,Hamburg,02000000,UniCredit Bank - HVB Settlement EAC55,
20730056,Hamburg,02000000,UniCredit Bank - HVB Settlement EAC56,
20730057,Hamburg,02000000,UniCredit Bank - HVB Settlement EAC57,
20730058,Hamburg,02000000,UniCredit Bank - HVB Settlement EAC58,
20730059,Hamburg,02000000,UniCredit Bank - HVB Settlement EAC59,
20730060,Hamburg,02000000,UniCredit Bank - HVB Settlement EAC60,
20730061,Hamburg,02000000,UniCredit Bank - HVB Settlement EAC61,
20730062,Hamburg,02000000,UniCredit Bank - HVB Settlement EAC62,
20730063,Hamburg,02000000,UniCredit Bank - HVB Settlement EAC63,
20730064,Hamburg,02000000,UniCredit Bank - HVB Settlement EAC64,
20730065,Hamburg,02000000,UniCredit Bank - HVB Settlement EAC65,
20730066,Hamburg,02000000,UniCredit Bank - HVB Settlement EAC66,
20730067,Hamburg,02000000,UniCredit Bank - HVB Settlement EAC67,
20730068,Hamburg,02000000,UniCredit Bank - HVB Settlement EAC68,
20730069,Hamburg,02000000,UniCredit Bank - HVB Settlement EAC69,
20730070,Hamburg,02000000,UniCredit Bank - HVB Settlement EAC70,
20730071,Hamburg,02000000,UniCredit Bank - HVB Settlement EAC71,
20730072,Hamburg,02000000,UniCredit Bank - HVB Settlement EAC72,
20730073,Hamburg,02000000,UniCredit Bank - HVB Settlement EAC73,
20730074,Hamburg,02000000,UniCredit Bank - HVB Settlement EAC74,
20730075,Hamburg,02000000,UniCredit Bank - HVB Settlement EAC75,
20730076,Hamburg,02000000,UniCredit Bank - HVB Settlement EAC76,
20730077,Hamburg,02000000,UniCredit Bank - HVB Settlement EAC77,
20730078,Hamburg,02000000,UniCredit Bank - HVB Settlement EAC78,
20730079,Hamburg,02000000,UniCredit Bank - HVB Settlement EAC79,
20730080,Hamburg,02000000,UniCredit Bank - HVB Settlement EAC80,
20730081,Hamburg,02000000,UniCredit Bank - HVB Settlement EAC81,
20730082,Hamburg,02000000,UniCredit Bank - HVB Settlement EAC82,
20730083,Hamburg,02000000,UniCredit Bank - HVB Settlement EAC83,
20730084,Hamburg,02000000,UniCredit Bank - HVB Settlement EAC84,
20730085,Hamburg,02000000,UniCredit Bank - HVB Settlement EAC85,
20730086,Hamburg,02000000,UniCredit Bank - HVB Settlement EAC86,
20730087,Hamburg,02000000,UniCredit Bank - HVB Settlement EAC87,
20730088,Hamburg,02000000,UniCredit Bank - HVB Settlement EAC88,
20730089,Hamburg,02000000,UniCredit Bank - HVB Settlement EAC89,
20730090,Hamburg,02000000,UniCredit Bank - HVB Settlement EAC90,
20730091,Hamburg,02000000,UniCredit Bank - HVB Settlement EAC91,
20730092,Hamburg,02000000,UniCredit Bank - HVB Settlement EAC92,
20730093,Hamburg,02000000,UniCredit Bank - HVB Settlement EAC93,
20730094,Hamburg,02000000,UniCredit Bank - HVB Settlement EAC94,
20730095,Hamburg,02000000,UniCredit Bank - HVB Settlement EAC95,
20730096,Hamburg,02000000,UniCredit Bank - HVB Settlement EAC96,
20730097,Hamburg,02000000,UniCredit Bank - HVB Settlement EAC97,
20730098,Hamburg,02000000,UniCredit Bank - HVB Settlement EAC98,
20730099,Hamburg,02000000,UniCredit Bank - HVB Settlement EAC99,
20750000,Hamburg,02000000,Sparkasse Harburg-Buxtehude,52002
20750000,Buchholz in der Nordheide,03353005,Sparkasse Harburg-Buxtehude,52002
20750000,Buxtehude,03359010,Sparkasse Harburg-Buxtehude,52002
20750000,Hanstedt,03353016,Sparkasse Harburg-Buxtehude,52002
20750000,Hollenstedt,03353019,Sparkasse Harburg-Buxtehude,52002
20750000,Jesteburg,03353020,Sparkasse Harburg-Buxtehude,52002
20750000,Marschacht,03353023,Sparkasse Harburg-Buxtehude,52002
20750000,Neu Wulmstorf,03353026,Sparkasse Harburg-Buxtehude,52002
20750000,Rosengarten,03353029,Sparkasse Harburg-Buxtehude,52002
20750000,Salzhausen,03353030,Sparkasse Harburg-Buxtehude,52002
20750000,Seevetal,03353031,Sparkasse Harburg-Buxtehude,52002
20750000,Stelle,03353032,Sparkasse Harburg-Buxtehude,52002
20750000,Tostedt,03353035,Sparkasse Harburg-Buxtehude,52002
20750000,Winsen (Luhe),03353040,Sparkasse Harburg-Buxtehude,52002
21020600,Kiel,01002000,Sydbank Filiale Kiel,
21040010,Kiel,01002000,Commerzbank,24210
21040010,Schleswig,01059075,Commerzbank,24210
21042076,Eckernförde,01058043,Commerzbank,24211
21050000,Hamburg,02000000,"Hamburg Commercial Bank, ehemals HSH Nordbank Hamburg",52150
21050055,Hamburg,02000000,"Hamburg Commercial Bank, GF Retail",
21050170,Kiel,01002000,Förde Sparkasse,52177
21050170,Altenholz,01058005,Förde Sparkasse,52177
21050170,Ascheberg (Holstein),01057001,Förde Sparkasse,52177
21050170,Borgstedt,01058024,Förde Sparkasse,52177
21050170,Damp,01058040,Förde Sparkasse,52177
21050170,Dänischenhagen,01058037,Förde Sparkasse,52177
21050170,Eckernförde,01058043,Förde Sparkasse,52177
21050170,Fleckeby,01058052,Förde Sparkasse,52177
21050170,Fockbek,01058054,Förde Sparkasse,52177
21050170,Gettorf,01058058,Förde Sparkasse,52177
21050170,Groß Wittensee,01058066,Förde Sparkasse,52177
21050170,Heikendorf,01057025,Förde Sparkasse,52177
21050170,Hohn,01058078,Förde Sparkasse,52177
21050170,Hohwacht (Ostsee),01057030,Förde Sparkasse,52177
21050170,Jevenstedt,01058086,Förde Sparkasse,52177
21050170,Karby,01058087,Förde Sparkasse,52177
21050170,Kirchbarkau,01057033,Förde Sparkasse,52177
21050170,Laboe,01057043,Förde Sparkasse,52177
21050170,Lütjenburg,01057048,Förde Sparkasse,52177
21050170,Mönkeberg,01057051,Förde Sparkasse,52177
21050170,Osdorf,01058121,Förde Sparkasse,52177
21050170,Owschlag,01058127,Förde Sparkasse,52177
21050170,Plön,01057057,Förde Sparkasse,52177
21050170,Preetz,01057062,Förde Sparkasse,52177
21050170,Probsteierhagen,01057063,Förde Sparkasse,52177
21050170,Rieseby,01058137,Förde Sparkasse,52177
21050170,Schellhorn,01057070,Förde Sparkasse,52177
21050170,Schwentinental,01057091,Förde Sparkasse,52177
21050170,Schönberg (Holstein),01057073,Förde Sparkasse,52177
21050170,Schönkirchen,01057074,Förde Sparkasse,52177
21050170,Selent,01057077,Förde Sparkasse,52177
21050170,Wankendorf,01057085,Förde Sparkasse,52177
21051275,Bordesholm,01058022,Bordesholmer Sparkasse,52147
21051275,Flintbek,01058053,Bordesholmer Sparkasse,52147
21051275,Kiel,01002000,Bordesholmer Sparkasse,52147
21051275,Molfsee,01058107,Bordesholmer Sparkasse,52147
21051275,Neumünster,01004000,Bordesholmer Sparkasse,52147
21051275,Sankt Margarethen,01061095,Bordesholmer Sparkasse,52147
21051275,Wacken,01061107,Bordesholmer Sparkasse,52147
21051580,Plön,01057057,Sparkasse Kreis Plön -alt-,52182
21052090,Eckernförde,01058043,Sparkasse Eckernförde -alt-,52115
21070020,Kiel,01002000,Deutsche Bank,27610
21070020,Rendsburg,01058135,Deutsche Bank,27610
21070024,Kiel,01002000,Deutsche Bank,21610
21070024,Rendsburg,01058135,Deutsche Bank,21610
21080050,Kiel,01002000,Commerzbank vormals Dresdner Bank,28210
21089201,Kiel,01002000,Commerzbank vormals Dresdner Bank ITGK,
21090007,Kiel,01002000,Kieler Volksbank,92004
21090007,Altenholz,01058005,Kieler Volksbank,92004
21090007,Heikendorf,01057025,Kieler Volksbank,92004
21090007,Kiel,01002000,Kieler Volksbank (Gf P2),82004
21090007,Kronshagen,01058092,Kieler Volksbank,92004
21090007,Laboe,01057043,Kieler Volksbank,92004
21090007,Molfsee,01058107,Kieler Volksbank,92004
21090007,Preetz,01057062,Kieler Volksbank,92004
21090099,Kiel,01002000,Kieler Volksbank (Gf GAA),
21090900,Kiel,01002000,PSD Bank Kiel -alt-,92064
21090900,Kiel,01002000,PSD Bank Kiel (Gf P2),82064
21092023,Eckernförde,01058043,Eckernförder Bank Volksbank-Raiffeisenbank,92132
21092023,Eckernförde,01058043,Eckernförder Bank Volksbank-Raiffeisenbank (Gf P2),82132
21092023,Gettorf,01058058,Eckernförder Bank Volksbank-Raiffeisenbank,92132
21092023,Kappeln,01059045,Eckernförder Bank Volksbank-Raiffeisenbank,92132
21240040,Neumünster,01004000,Commerzbank,24217
21240040,Wahlstedt,01060092,Commerzbank,24217
21241540,Bad Bramstedt,01060004,Commerzbank,24218
21270020,Neumünster,01004000,Deutsche Bank,27057
21270024,Neumünster,01004000,Deutsche Bank,21057
21280002,Neumünster,01004000,Commerzbank vormals Dresdner Bank,28212
21290016,Neumünster,01004000,VR Bank Neumünster -alt-,92010
21290016,Neumünster,01004000,VR Bank Neumünster (Gf P2),82010
21340010,Neustadt in Holstein,01055032,Commerzbank,24231
21352240,Eutin,01055012,Sparkasse Holstein,52176
21352240,Ahrensburg,01062001,Sparkasse Holstein,52176
21352240,Ahrensbök,01055001,Sparkasse Holstein,52176
21352240,Ammersbek,01062090,Sparkasse Holstein,52176
21352240,Bad Oldesloe,01062004,Sparkasse Holstein,52176
21352240,Bad Schwartau,01055004,Sparkasse Holstein,52176
21352240,Bargteheide,01062006,Sparkasse Holstein,52176
21352240,Barsbüttel,01062009,Sparkasse Holstein,52176
21352240,Fehmarn,01055046,Sparkasse Holstein,52176
21352240,Glinde,01062018,Sparkasse Holstein,52176
21352240,Großhansdorf,01062023,Sparkasse Holstein,52176
21352240,Grömitz,01055016,Sparkasse Holstein,52176
21352240,Hamburg,02000000,Sparkasse Holstein,52176
21352240,Heiligenhafen,01055021,Sparkasse Holstein,52176
21352240,Kellenhusen (Ostsee),01055025,Sparkasse Holstein,52176
21352240,Lensahn,01055027,Sparkasse Holstein,52176
21352240,Lütjensee,01062045,Sparkasse Holstein,52176
21352240,Malente,01055028,Sparkasse Holstein,52176
21352240,Neustadt in Holstein,01055032,Sparkasse Holstein,52176
21352240,Norderstedt,01060063,Sparkasse Holstein,52176
21352240,Oldenburg in Holstein,01055033,Sparkasse Holstein,52176
21352240,Oststeinbek,01062053,Sparkasse Holstein,52176
21352240,Pansdorf,01055035,Sparkasse Holstein,52176
21352240,Reinbek,01062060,Sparkasse Holstein,52176
21352240,Reinfeld (Holstein),01062061,Sparkasse Holstein,52176
21352240,Scharbeutz,01055044,Sparkasse Holstein,52176
21352240,Schönwalde am Bungsberg,01055038,Sparkasse Holstein,52176
21352240,Stockelsdorf,01055040,Sparkasse Holstein,52176
21352240,Tangstedt,01056047,Sparkasse Holstein,52176
21352240,Timmendorfer Strand,01055042,Sparkasse Holstein,52176
21352240,Trittau,01062082,Sparkasse Holstein,52176
21390008,Neumünster,01004000,VR Bank zwischen den Meeren,92005
21390008,Neumünster,01004000,VR Bank zwischen den Meeren (Gf P2),82005
21392218,Eutin,01055012,Volksbank Eutin Raiffeisenbank,92135
21392218,Ahrensbök,01055001,Volksbank Eutin Raiffeisenbank,92135
21392218,Eutin,01055012,Volksbank Eutin Raiffeisenbank (Gf P2),82135
21392218,Malente,01055028,Volksbank Eutin Raiffeisenbank,92135
21392218,Scharbeutz,01055044,Volksbank Eutin Raiffeisenbank,92135
21392218,Timmendorfer Strand,01055042,Volksbank Eutin Raiffeisenbank,92135
21392218,Wensin,01060097,Volksbank Eutin Raiffeisenbank,92135
21440045,Rendsburg,01058135,Commerzbank,24219
21450000,Rendsburg,01058135,Sparkasse Mittelholstein,52121
21450000,Büdelsdorf,01058034,Sparkasse Mittelholstein,52121
21450000,Felde,01058050,Sparkasse Mittelholstein,52121
21450000,Hanerau-Hademarschen,01058072,Sparkasse Mittelholstein,52121
21450000,Heide,01051044,Sparkasse Mittelholstein,52121
21450000,Hennstedt,,Sparkasse Mittelholstein,52121
21450000,Nortorf,,Sparkasse Mittelholstein,52121
21450000,Schacht-Audorf,01058140,Sparkasse Mittelholstein,52121
21450000,Tellingstedt,01051114,Sparkasse Mittelholstein,52121
21450000,Wesselburen,01051127,Sparkasse Mittelholstein,52121
21451205,Büdelsdorf,01058034,Sparkasse Büdelsdorf -alt-,52116
21452030,Hohenwestedt,01058077,Sparkasse Hohenwestedt -alt-,52149
21452030,Aukrug,01058009,Sparkasse Hohenwestedt,52149
21452030,Todenbüttel,01058164,Sparkasse Hohenwestedt,52149
21452030,Wasbek,01058169,Sparkasse Hohenwestedt,52149
21463603,Osterrönfeld,01058124,Volksbank-Raiffeisenbank im Kreis Rendsburg -alt-,62173
21463603,Osterrönfeld,01058124,Volksbank-Raiffeisenbank im Kreis Rendsburg (Gf P2),72173
21464671,Todenbüttel,01058164,Raiffeisenbank,62424
21464671,Hanerau-Hademarschen,01058072,Raiffeisenbank Todenbüttel,62424
21464671,Todenbüttel,01058164,Raiffeisenbank (Gf P2),72424
21480003,Rendsburg,01058135,Commerzbank vormals Dresdner Bank,28214
21510600,Flensburg,01001000,Sydbank Filiale Flensburg,29815
21520100,Flensburg,01001000,Union-Bank Flensburg,99027
21520100,Flensburg,01001000,Union-Bank Flensburg (Gf P2),89027
21520100,Harrislee,01059120,Union-Bank,99027
21540060,Flensburg,01001000,Commerzbank,24212
21565316,Handewitt,01059183,Raiffeisenbank -alt-,62204
21565316,Handewitt,01059183,Raiffeisenbank (Gf P2),72204
21570011,Flensburg,01001000,Deutsche Bank,27617
21570011,Sylt,01054168,Deutsche Bank,27617
21570024,Flensburg,01001000,Deutsche Bank,21617
21570024,Sylt,01054168,Deutsche Bank,21617
21570202,Flensburg,01001000,Postbank/DSL Ndl der Deutsche Bank,27202
21570224,Flensburg,01001000,Postbank/DSL Ndl der Deutsche Bank,21202
21580000,Flensburg,01001000,Commerzbank vormals Dresdner Bank,28215
21661719,Schleswig,01059075,VR Bank Flensburg-Schleswig -alt-,62084
21661719,Schleswig,01059075,VR Bank Flensburg-Schleswig (Gf P2),72084
21690020,Osterrönfeld,01058124,VR Bank Schleswig-Mittelholstein -alt-,92014
21690020,Osterrönfeld,01058124,VR Bank Schleswig-Mittelholstein (Gf P2),82014
21740043,Husum,01054056,Commerzbank,24214
21741674,Niebüll,01054088,Commerzbank,24215
21741825,Sylt,01054168,Commerzbank,24216
21750000,Schleswig,01059075,Nord-Ostsee Sparkasse,52175
21750000,Böklund,01059008,Nord-Ostsee Sparkasse,52175
21750000,Eggebek,01059107,Nord-Ostsee Sparkasse,52175
21750000,Flensburg,01001000,Nord-Ostsee Sparkasse,52175
21750000,Friedrichstadt,01054033,Nord-Ostsee Sparkasse,52175
21750000,Garding,01054036,Nord-Ostsee Sparkasse,52175
21750000,Gelting,01059112,Nord-Ostsee Sparkasse,52175
21750000,Glücksburg (Ostsee),01059113,Nord-Ostsee Sparkasse,52175
21750000,Handewitt,01059183,Nord-Ostsee Sparkasse,52175
21750000,Harrislee,01059120,Nord-Ostsee Sparkasse,52175
21750000,Husby,01059127,Nord-Ostsee Sparkasse,52175
21750000,Husum,01054056,Nord-Ostsee Sparkasse,52175
21750000,Kappeln,01059045,Nord-Ostsee Sparkasse,52175
21750000,Kropp,01059053,Nord-Ostsee Sparkasse,52175
21750000,Leck,01054076,Nord-Ostsee Sparkasse,52175
21750000,Mittelangeln,01059185,Nord-Ostsee Sparkasse,52175
21750000,Niebüll,01054088,Nord-Ostsee Sparkasse,52175
21750000,Sankt Peter-Ording,01054113,Nord-Ostsee Sparkasse,52175
21750000,Schafflund,01059158,Nord-Ostsee Sparkasse,52175
21750000,Silberstedt,01059079,Nord-Ostsee Sparkasse,52175
21750000,Steinbergkirche,01059186,Nord-Ostsee Sparkasse,52175
21750000,Süderbrarup,01059083,Nord-Ostsee Sparkasse,52175
21750000,Sylt,01054168,Nord-Ostsee Sparkasse,52175
21750000,Tarp,01059171,Nord-Ostsee Sparkasse,52175
21750000,Tönning,01054138,Nord-Ostsee Sparkasse,52175
21750000,Viöl,01054144,Nord-Ostsee Sparkasse,52175
21750000,Wittdün auf Amrum,01054160,Nord-Ostsee Sparkasse,52175
21750000,Wyk auf Föhr,01054164,Nord-Ostsee Sparkasse,52175
21751230,Bredstedt,01054019,Spar- und Leihkasse zu Bredstedt -alt-,52172
21751230,Langenhorn,01054075,Spar- und Leihkasse zu Bredstedt,52172
21762550,Osterrönfeld,01058124,VR Bank Schleswig-Holstein Mitte,62132
21762550,Albersdorf,,VR Bank Schleswig-Holstein Mitte,62132
21762550,Großenwiehe,01059115,VR Bank Schleswig-Holstein Mitte,62132
21762550,Harrislee,01059120,VR Bank Schleswig-Holstein Mitte,62132
21762550,Hattstedt,01054042,VR Bank Schleswig-Holstein Mitte,62132
21762550,Heide,01051044,VR Bank Schleswig-Holstein Mitte,62132
21762550,Hennstedt,,VR Bank Schleswig-Holstein Mitte,62132
21762550,Mildstedt,01054084,VR Bank Schleswig-Holstein Mitte,62132
21762550,Osterrönfeld,01058124,VR Bank Schleswig-Holstein Mitte (Gf P2),72132
21762550,Sankt Peter-Ording,01054113,VR Bank Schleswig-Holstein Mitte,62132
21762550,Tellingstedt,01051114,VR Bank Schleswig-Holstein Mitte,62132
21762550,Tönning,01054138,VR Bank Schleswig-Holstein Mitte,62132
21762550,Viöl,01054144,VR Bank Schleswig-Holstein Mitte,62132
21763542,Flensburg,01001000,VR Bank Nord,62170
21763542,Bredstedt,01054019,VR Bank Nord,62170
21763542,Flensburg,01001000,VR Bank Nord (Gf P2),72170
21763542,Husby,01059127,VR Bank Nord,62170
21763542,Jübek,01059044,VR Bank Nord,62170
21763542,Langenhorn,01054075,VR Bank Nord,62170
21763542,Leck,01054076,VR Bank Nord,62170
21763542,Mittelangeln,01059185,VR Bank Nord,62170
21763542,Niebüll,01054088,VR Bank Nord,62170
21763542,Risum-Lindholm,01054109,VR Bank Nord,62170
21763542,Schafflund,01059158,VR Bank Nord,62170
21763542,Schleswig,01059075,VR Bank Nord,62170
21763542,Silberstedt,01059079,VR Bank Nord,62170
21763542,Süderlügum,01054131,VR Bank Nord,62170
21763542,Sörup,01059161,VR Bank Nord,62170
21763542,Tarp,01059171,VR Bank Nord,62170
21763542,Wees,01059176,VR Bank Nord,62170
21770011,Husum,01054056,Deutsche Bank,27058
21770024,Husum,01054056,Deutsche Bank,21058
21791805,Sylt,01054168,Sylter Bank,92126
21791805,Sylt,01054168,Sylter Bank (Gf P2),82126
21791906,Wyk auf Föhr,01054164,Vereinigte VR Bank,92129
21791906,Nebel,01054085,Vereinigte VR Bank,92129
21791906,Norddorf auf Amrum,01054089,Vereinigte VR Bank,92129
21791906,Wittdün auf Amrum,01054160,Vereinigte VR Bank,92129
21791906,Wyk auf Föhr,01054164,Vereinigte VR Bank (Gf P2),82129
21840078,Heide,01051044,Commerzbank,24213
21841328,Brunsbüttel,01051011,Commerzbank,24201
21852310,Wesselburen,01051127,Sparkasse Hennstedt-Wesselburen -alt-,52144
21860418,Heide,01051044,Raiffeisenbank Heide -alt-,62024
21860418,Heide,01051044,Raiffeisenbank Heide (Gf P2),72024
21890022,Heide,01051044,Dithmarscher Volks- und Raiffeisenbank,92016
21890022,Brunsbüttel,01051011,Dithmarscher Volks- und Raiffeisenbank,92016
21890022,Burg (Dithmarschen),01051016,Dithmarscher Volks- und Raiffeisenbank,92016
21890022,Büsum,01051013,Dithmarscher Volks- und Raiffeisenbank,92016
21890022,Eddelak,01051024,Dithmarscher Volks- und Raiffeisenbank,92016
21890022,Heide,01051044,Dithmarscher Volks- und Raiffeisenbank (Gf P2),82016
21890022,Lunden,01051071,Dithmarscher Volks- und Raiffeisenbank,92016
21890022,Marne,01051072,Dithmarscher Volks- und Raiffeisenbank,92016
21890022,Meldorf,01051074,Dithmarscher Volks- und Raiffeisenbank,92016
21890022,Wesselburen,01051127,Dithmarscher Volks- und Raiffeisenbank,92016
22140028,Elmshorn,01056015,Commerzbank,24203
22140028,Stade,03359038,Commerzbank,24203
22141028,Kaltenkirchen,01060044,Commerzbank,24206
22141028,Henstedt-Ulzburg,01060039,Commerzbank,24206
22141428,Pinneberg,01056039,Commerzbank,24209
22141628,Uetersen,01056049,Commerzbank,24198
22150000,Elmshorn,01056015,Sparkasse Elmshorn,52238
22151730,Wedel,01056050,Stadtsparkasse Wedel,52283
22163114,Heist,01056024,Raiffeisenbank Elbmarsch,62602
22163114,Haseldorf,01056020,Raiffeisenbank Elbmarsch Heist,62602
22163114,Heist,01056024,Raiffeisenbank Elbmarsch (Gf P2),72602
22163114,Holm,,Raiffeisenbank Elbmarsch Heist,62602
22180000,Elmshorn,01056015,Commerzbank vormals Dresdner Bank,28221
22181400,Pinneberg,01056039,Commerzbank vormals Dresdner Bank,28224
22190030,Elmshorn,01056015,Volksbank Elmshorn -alt-,92019
22190030,Elmshorn,01056015,Volksbank Elmshorn (Gf P2),82019
22191405,Pinneberg,01056039,VR Bank in Holstein,92095
22191405,Barmstedt,01056002,VR Bank in Holstein,92095
22191405,Bönningstedt,01056005,VR Bank in Holstein,92095
22191405,Ellerau,01060019,VR Bank in Holstein,92095
22191405,Elmshorn,01056015,VR Bank in Holstein,92095
22191405,Glückstadt,01061029,VR Bank in Holstein,92095
22191405,Halstenbek,01056018,VR Bank in Holstein,92095
22191405,Horst (Holstein),,VR Bank in Holstein,92095
22191405,Norderstedt,01060063,VR Bank in Holstein,92095
22191405,Pinneberg,01056039,VR Bank in Holstein (Gf P2),82095
22191405,Quickborn,,VR Bank in Holstein,92095
22191405,Rellingen,01056043,VR Bank in Holstein,92095
22191405,Schenefeld,,VR Bank in Holstein,92095
22191405,Tornesch,01056048,VR Bank in Holstein,92095
22191405,Uetersen,01056049,VR Bank in Holstein,92095
22191405,Wilster,01061113,VR Bank in Holstein,92095
22240073,Itzehoe,01061046,Commerzbank,24205
22250020,Itzehoe,01061046,Sparkasse Westholstein,52231
22250020,Albersdorf,,Sparkasse Westholstein,52231
22250020,Brunsbüttel,01051011,Sparkasse Westholstein,52231
22250020,Burg (Dithmarschen),01051016,Sparkasse Westholstein,52231
22250020,Büsum,01051013,Sparkasse Westholstein,52231
22250020,Glückstadt,01061029,Sparkasse Westholstein,52231
22250020,Heide,01051044,Sparkasse Westholstein,52231
22250020,Hohenlockstedt,01061042,Sparkasse Westholstein,52231
22250020,Horst (Holstein),,Sparkasse Westholstein,52231
22250020,Kellinghusen,01061049,Sparkasse Westholstein,52231
22250020,Marne,01051072,Sparkasse Westholstein,52231
22250020,Meldorf,01051074,Sparkasse Westholstein,52231
22250020,Schenefeld,,Sparkasse Westholstein,52231
22250020,St. Michaelisdonn,,Sparkasse Westholstein,52231
22250020,Wilster,01061113,Sparkasse Westholstein,52231
22280000,Itzehoe,01061046,Commerzbank vormals Dresdner Bank,28222
22290031,Itzehoe,01061046,VR Itzehoe Norderstedt Hohenwestedt -alt-,92020
22290031,Hohenlockstedt,01061042,Volksbank Raiffeisenbank Itzehoe Norderstedt Hohenwestedt,92020
22290031,Hohenwestedt,01058077,Volksbank Raiffeisenbank Itzehoe Norderstedt Hohenwestedt,92020
22290031,Itzehoe,01061046,Volksbank Raiffbk Itzehoe Norderstedt Hohenwestedt (Gf P2),82020
22290031,Kellinghusen,01061049,Volksbank Raiffeisenbank Itzehoe Norderstedt Hohenwestedt,92020
22290031,Norderstedt,01060063,Volksbank Raiffeisenbank Itzehoe Norderstedt Hohenwestedt,92020
22290031,Schenefeld,,Volksbank Raiffeisenbank Itzehoe Norderstedt Hohenwestedt,92020
22290031,Wacken,01061107,Volksbank Raiffeisenbank Itzehoe Norderstedt Hohenwestedt,92020
22290031,Wilster,01061113,Volksbank Raiffeisenbank Itzehoe Norderstedt Hohenwestedt,92020
23040022,Lübeck,01003000,Commerzbank,24230
23040022,Bad Schwartau,01055004,Commerzbank,24230
23040022,Mölln,,Commerzbank,24230
23050101,Lübeck,01003000,Sparkasse zu Lübeck,52301
23051030,Neumünster,01004000,Sparkasse Südholstein,52307
23051030,Bad Bramstedt,01060004,Sparkasse Südholstein,52307
23051030,Bad Segeberg,01060005,Sparkasse Südholstein,52307
23051030,Barmstedt,01056002,Sparkasse Südholstein,52307
23051030,Boostedt,01060011,Sparkasse Südholstein,52307
23051030,Ellerau,01060019,Sparkasse Südholstein,52307
23051030,Halstenbek,01056018,Sparkasse Südholstein,52307
23051030,Helgoland,01056025,Sparkasse Südholstein,52307
23051030,Henstedt-Ulzburg,01060039,Sparkasse Südholstein,52307
23051030,Kaltenkirchen,01060044,Sparkasse Südholstein,52307
23051030,Kölln-Reisiek,01056031,Sparkasse Südholstein,52307
23051030,Leezen,,Sparkasse Südholstein,52307
23051030,Nahe,01060058,Sparkasse Südholstein,52307
23051030,Norderstedt,01060063,Sparkasse Südholstein,52307
23051030,Pinneberg,01056039,Sparkasse Südholstein,52307
23051030,Quickborn,,Sparkasse Südholstein,52307
23051030,Rellingen,01056043,Sparkasse Südholstein,52307
23051030,Schenefeld,,Sparkasse Südholstein,52307
23051030,Tornesch,01056048,Sparkasse Südholstein,52307
23051030,Trappenkamp,01060089,Sparkasse Südholstein,52307
23051030,Uetersen,01056049,Sparkasse Südholstein,52307
23051030,Wahlstedt,01060092,Sparkasse Südholstein,52307
23052750,Mölln,,Kreissparkasse Herzogtum Lauenburg,52305
23061220,Leezen,,Raiffeisenbank Leezen,62043
23061220,Bad Segeberg,01060005,Raiffeisenbank Leezen,62043
23061220,Leezen,,Raiffeisenbank Leezen (Gf P2),72043
23061220,Nahe,01060058,Raiffeisenbank Leezen,62043
23061220,Wahlstedt,01060092,Raiffeisenbank Leezen,62043
23062124,Bargteheide,01062006,Raiffeisenbank -alt-,62552
23062124,Bargfeld-Stegen,01062005,Raiffeisenbank,62552
23062124,Bargteheide,01062006,Raiffeisenbank (Gf P2),72552
23062124,Steinburg,01062091,Raiffeisenbank,62552
23063129,Lauenburg,,Raiffeisenbank,62611
23063129,Boizenburg,13076014,Raiffeisenbank Lauenburg,62611
23063129,Lauenburg,,Raiffeisenbank (Gf P2),72611
23063129,Schwarzenbek,01053116,Raiffeisenbank Lauenburg,62611
23064107,Büchen,01053020,Raiffeisenbank -alt-,62614
23064107,Büchen,01053020,Raiffeisenbank (Gf P2),72614
23064107,Crivitz,13076025,Raiffeisenbank Büchen,62614
23064107,Hagenow,13076060,Raiffeisenbank Büchen,62614
23064107,Pampow,13076107,Raiffeisenbank Büchen,62614
23064107,Plate,13076113,Raiffeisenbank Büchen,62614
23064107,Schwarzenbek,01053116,Raiffeisenbank Büchen,62614
23070203,Lübeck,01003000,Postbank/DSL Ndl der Deutsche Bank,27203
23070224,Lübeck,01003000,Postbank/DSL Ndl der Deutsche Bank,21203
23070700,Lübeck,01003000,Deutsche Bank,21730
23070700,Ahrensbök,01055001,Deutsche Bank,21730
23070700,Bad Oldesloe,01062004,Deutsche Bank,21730
23070700,Bad Schwartau,01055004,Deutsche Bank,21730
23070700,Bad Segeberg,01060005,Deutsche Bank,21730
23070700,Eutin,01055012,Deutsche Bank,21730
23070700,Mölln,,Deutsche Bank,21730
23070700,Neustadt in Holstein,01055032,Deutsche Bank,21730
23070700,Oldenburg in Holstein,01055033,Deutsche Bank,21730
23070700,Ratekau,01055035,Deutsche Bank,21730
23070700,Ratzeburg,01053100,Deutsche Bank,21730
23070700,Reinfeld (Holstein),,Deutsche Bank,21730
23070700,Stockelsdorf,01055040,Deutsche Bank,21730
23070700,Timmendorfer Strand,01055042,Deutsche Bank,21730
23070710,Lübeck,01003000,Deutsche Bank,27601
23080040,Lübeck,01003000,Commerzbank vormals Dresdner Bank,28230
23080040,Bad Schwartau,01055004,Commerzbank vormals Dresdner Bank,28230
23089201,Lübeck,01003000,Commerzbank vormals Dresdner Bank ITGK,
23090142,Lübeck,01003000,Volksbank Lübeck,92039
23090142,Bad Schwartau,01055004,Volksbank Lübeck,92039
23090142,Lübeck,01003000,Volksbank Lübeck (Gf P2),82039
23090142,Stockelsdorf,01055040,Volksbank Lübeck,92039
24040000,Lüneburg,03355022,Commerzbank,24208
24050110,Lüneburg,03355022,Sparkasse Lüneburg,52401
24050110,Adendorf,03355001,Sparkasse Lüneburg,52401
24050110,Amelinghausen,03355002,Sparkasse Lüneburg,52401
24050110,Bardowick,03355004,Sparkasse Lüneburg,52401
24050110,Barendorf,03355005,Sparkasse Lüneburg,52401
24050110,Bleckede,03355009,Sparkasse Lüneburg,52401
24050110,Brietlingen,03355011,Sparkasse Lüneburg,52401
24050110,Dahlenburg,03355013,Sparkasse Lüneburg,52401
24050110,Deutsch Evern,03355014,Sparkasse Lüneburg,52401
24050110,Hohnstorf (Elbe),03355019,Sparkasse Lüneburg,52401
24050110,Melbeck,03355024,Sparkasse Lüneburg,52401
24050110,Neuhaus,03352039,Sparkasse Lüneburg,52401
24050110,Reppenstedt,03355031,Sparkasse Lüneburg,52401
24050110,Scharnebeck,03355033,Sparkasse Lüneburg,52401
24060300,Winsen (Luhe),03353040,Volksbank Lüneburger Heide,62617
24060300,Adendorf,03355001,Volksbank Lüneburger Heide,62617
24060300,Amelinghausen,03355002,Volksbank Lüneburger Heide,62617
24060300,Bad Fallingbostel,03358008,Volksbank Lüneburger Heide,62617
24060300,Bardowick,03355004,Volksbank Lüneburger Heide,62617
24060300,Bispingen,03358002,Volksbank Lüneburger Heide,62617
24060300,Bleckede,03355009,Volksbank Lüneburger Heide,62617
24060300,Brackel,03353004,Volksbank Lüneburger Heide,62617
24060300,Buchholz in der Nordheide,03353005,Volksbank Lüneburger Heide,62617
24060300,Dahlenburg,03355013,Volksbank Lüneburger Heide,62617
24060300,Egestorf,03353009,Volksbank Lüneburger Heide,62617
24060300,Hamburg,02000000,Volksbank Lüneburger Heide,62617
24060300,Handorf,03355017,Volksbank Lüneburger Heide,62617
24060300,Hanstedt,,Volksbank Lüneburger Heide,62617
24060300,Hodenhagen,03358014,Volksbank Lüneburger Heide,62617
24060300,Jesteburg,03353020,Volksbank Lüneburger Heide,62617
24060300,Kirchgellersen,03355020,Volksbank Lüneburger Heide,62617
24060300,Lübtheen,13076088,Volksbank Lüneburger Heide,62617
24060300,Lüneburg,03355022,Volksbank Lüneburger Heide,62617
24060300,Melbeck,03355024,Volksbank Lüneburger Heide,62617
24060300,Munster,03358016,Volksbank Lüneburger Heide,62617
24060300,Neu Wulmstorf,03353026,Volksbank Lüneburger Heide,62617
24060300,Neuenkirchen,,Volksbank Lüneburger Heide,62617
24060300,Neuhaus,03352039,Volksbank Lüneburger Heide,62617
24060300,Redefin,13076119,Volksbank Lüneburger Heide,62617
24060300,Reppenstedt,03355031,Volksbank Lüneburger Heide,62617
24060300,Rethem (Aller),03358018,Volksbank Lüneburger Heide,62617
24060300,Rosengarten,,Volksbank Lüneburger Heide,62617
24060300,Salzhausen,03353030,Volksbank Lüneburger Heide,62617
24060300,Schneverdingen,03358019,Volksbank Lüneburger Heide,62617
24060300,Schwarmstedt,03358020,Volksbank Lüneburger Heide,62617
24060300,Seevetal,03353031,Volksbank Lüneburger Heide,62617
24060300,Soltau,03358021,Volksbank Lüneburger Heide,62617
24060300,Stelle,03353032,Volksbank Lüneburger Heide,62617
24060300,Tespe,03353033,Volksbank Lüneburger Heide,62617
24060300,Toppenstedt,03353034,Volksbank Lüneburger Heide,62617
24060300,Tostedt,03353035,Volksbank Lüneburger Heide,62617
24060300,Undeloh,03353036,Volksbank Lüneburger Heide,62617
24060300,Vellahn,13076142,Volksbank Lüneburger Heide,62617
24060300,Visselhövede,03357051,Volksbank Lüneburger Heide,62617
24060300,Walsrode,03358024,Volksbank Lüneburger Heide,62617
24060300,Welle,03353038,Volksbank Lüneburger Heide,62617
24060300,Wietzendorf,03358023,Volksbank Lüneburger Heide,62617
24060300,Winsen (Luhe),03353040,Volksbank Lüneburger Heide (Gf P2),72617
24061392,Dahlenburg,03355013,Volksbank Bleckede-Dahlenburg -alt-,62054
24070024,Lüneburg,03355022,Deutsche Bank,21681
24070024,Uelzen,03360025,Deutsche Bank,21681
24070075,Lüneburg,03355022,Deutsche Bank,27681
24070075,Uelzen,03360025,Deutsche Bank,27681
24070324,Lüneburg,03355022,Postbank/DSL Ndl der Deutsche Bank,21368
24070368,Lüneburg,03355022,Postbank/DSL Ndl der Deutsche Bank,27368
24080000,Lüneburg,03355022,Commerzbank vormals Dresdner Bank,28240
24090041,Lüneburg,03355022,Volksbank Lüneburg -alt-,92022
24090041,Lüneburg,03355022,Volksbank Lüneburg (Gf P2),82022
24121000,Stade,03359038,Ritterschaftliches Kreditinstitut Stade,
24140041,Cuxhaven,03352011,Commerzbank,24202
24150001,Cuxhaven,03352011,Stadtsparkasse Cuxhaven,52402
24151005,Stade,03359038,Sparkasse Stade-Altes Land,52403
24151005,Jork,03359028,Sparkasse Stade-Altes Land,52403
24151005,Steinkirchen,,Sparkasse Stade-Altes Land,52403
24151116,Stade,03359038,Kreissparkasse Stade,52410
24151116,Ahlerstedt,03359002,Kreissparkasse Stade,52410
24151116,Apensen,03359003,Kreissparkasse Stade,52410
24151116,Drochtersen,03359013,Kreissparkasse Stade,52410
24151116,Fredenbeck,03359017,Kreissparkasse Stade,52410
24151116,Freiburg (Elbe),03359018,Kreissparkasse Stade,52410
24151116,Harsefeld,03359023,Kreissparkasse Stade,52410
24151116,Himmelpforten,03359025,Kreissparkasse Stade,52410
24151116,Horneburg,03359027,Kreissparkasse Stade,52410
24151116,Kutenholz,03359031,Kreissparkasse Stade,52410
24151116,Wischhafen,03359040,Kreissparkasse Stade,52410
24151235,Zeven,03357057,Sparkasse Rotenburg Osterholz,52418
24161594,Zeven,03357057,Zevener Volksbank -alt-,62077
24161594,Heeslingen,03357021,Zevener Volksbank,62077
24161594,Selsingen,03357043,Zevener Volksbank,62077
24161594,Sittensen,03357044,Zevener Volksbank,62077
24161594,Tarmstedt,03357047,Zevener Volksbank,62077
24161594,Zeven,03357057,Zevener Volksbank (Gf P2),72077
24162898,Lamstedt,03352029,Spar- u Darlehnskasse Börde Lamstedt-Hechthausen,62599
24162898,Hechthausen,03352020,Spar- u Darlehnskasse Börde Lamstedt-Hechthausen,62599
24162898,Lamstedt,03352029,Spar- u Darlehnskasse Börde Lamstedt-Hechthausen (Gf P2),72599
24180000,Otterndorf,03352046,Commerzbank vormals Dresdner Bank,28242
24180001,Cuxhaven,03352011,Commerzbank vormals Dresdner Bank,28241
24191015,Stade,03359038,Volksbank Stade-Cuxhaven,92069
24191015,Buxtehude,03359010,Volksbank Stade-Cuxhaven,92069
24191015,Cadenberge,03352063,Volksbank Stade-Cuxhaven,92069
24191015,Cuxhaven,03352011,Volksbank Stade-Cuxhaven,92069
24191015,Helgoland,01056025,Volksbank Stade-Cuxhaven,92069
24191015,Hemmoor,03352022,Volksbank Stade-Cuxhaven,92069
24191015,Himmelpforten,03359025,Volksbank Stade-Cuxhaven,92069
24191015,Jork,03359028,Volksbank Stade-Cuxhaven,92069
24191015,Nordleda,03352041,Volksbank Stade-Cuxhaven,92069
24191015,Otterndorf,03352046,Volksbank Stade-Cuxhaven,92069
24191015,Stade,03359038,Volksbank Stade-Cuxhaven (Gf P2),82069
24191015,Steinkirchen,,Volksbank Stade-Cuxhaven,92069
25000000,Hannover,03241001,Bundesbank,20250
25010030,Hannover,03241001,Postbank Ndl der Deutsche Bank,10030
25010424,Wiesbaden,06414000,Aareal Bank ehem. Filiale Hannover,26912
25010600,Hannover,03241001,NORD/LB vormals Deutsche Hypothekenbank,26720
25010900,Hannover,03241001,Calenberger Kreditverein,25270
25020200,Hannover,03241001,BHF-BANK,25157
25020600,Hannover,03241001,Santander Consumer Bank,25005
25040060,Hannover,03241001,Commerzbank CC,
25040061,Hannover,03241001,Commerzbank CC,
25040066,Hannover,03241001,Commerzbank,24250
25040066,Alfeld (Leine),03254002,Commerzbank,24250
25040066,Barsinghausen,03241002,Commerzbank,24250
25040066,Burgdorf,,Commerzbank,24250
25040066,Burgwedel,03241004,Commerzbank,24250
25040066,Garbsen,03241005,Commerzbank,24250
25040066,Gehrden,03241006,Commerzbank,24250
25040066,Hemmingen,,Commerzbank,24250
25040066,Laatzen,03241009,Commerzbank,24250
25040066,Langenhagen,03241010,Commerzbank,24250
25040066,Lehrte,03241011,Commerzbank,24250
25040066,Neustadt am Rübenberge,03241012,Commerzbank,24250
25040066,Sarstedt,03254028,Commerzbank,24250
25040066,Springe,03241017,Commerzbank,24250
25040066,Stadthagen,03257035,Commerzbank,24250
25040066,Walsrode,03358024,Commerzbank,24250
25040066,Wunstorf,03241021,Commerzbank,24250
25050000,Hannover,03241001,Norddeutsche Landesbank Girozentrale,52500
25050000,Braunschweig,03101000,Norddeutsche Landesbank Girozentrale,52500
25050000,Hamburg,02000000,Norddeutsche Landesbank Girozentrale,52500
25050000,Magdeburg,15003000,Norddeutsche Landesbank Girozentrale,52500
25050000,Schwerin,13004000,Norddeutsche Landesbank Girozentrale,52500
25050055,Hannover,03241001,ZVA Norddeutsche Landesbank SH,
25050066,Hannover,03241001,ZVA Norddeutsche Landesbank Gf MV,
25050180,Hannover,03241001,Sparkasse Hannover,52501
25050180,Barsinghausen,03241002,Sparkasse Hannover,52501
25050180,Burgdorf,,Sparkasse Hannover,52501
25050180,Burgwedel,03241004,Sparkasse Hannover,52501
25050180,Garbsen,03241005,Sparkasse Hannover,52501
25050180,Gehrden,03241006,Sparkasse Hannover,52501
25050180,Hemmingen,,Sparkasse Hannover,52501
25050180,Isernhagen,03241008,Sparkasse Hannover,52501
25050180,Laatzen,03241009,Sparkasse Hannover,52501
25050180,Langenhagen,03241010,Sparkasse Hannover,52501
25050180,Lehrte,03241011,Sparkasse Hannover,52501
25050180,Neustadt am Rübenberge,03241012,Sparkasse Hannover,52501
25050180,Pattensen,03241013,Sparkasse Hannover,52501
25050180,Ronnenberg,03241014,Sparkasse Hannover,52501
25050180,Seelze,03241015,Sparkasse Hannover,52501
25050180,Sehnde,03241016,Sparkasse Hannover,52501
25050180,Springe,03241017,Sparkasse Hannover,52501
25050180,Uetze,03241018,Sparkasse Hannover,52501
25050180,Wedemark,03241019,Sparkasse Hannover,52501
25050180,Wennigsen (Deister),03241020,Sparkasse Hannover,52501
25050180,Wunstorf,03241021,Sparkasse Hannover,52501
25055500,Hannover,03241001,LBS-Norddeutsche Landesbausparkasse,
25060000,Hannover,03241001,DZ BANK,62003
25060000,Oldenburg (Oldb),,DZ BANK,62003
25060180,Hamburg,02000000,M.M. Warburg & Co (vormals Bankhaus Hallbaum),25223
25069168,Delligsen,03255008,Volks- und Raiffeisenbank Leinebergland -alt-,62297
25069168,Delligsen,03255008,Volks- und Raiffeisenbank Leinebergland (Gf P2),72297
25069262,Neustadt am Rübenberge,03241012,Raiffeisen-Volksbank Neustadt,62323
25069262,Neustadt am Rübenberge,03241012,Raiffeisen-Volksbank Neustadt (Gf P2),72323
25069270,Müden (Aller),03151018,Volksbank Aller-Oker,62330
25069270,Müden (Aller),03151018,Volksbank Aller-Oker (Gf P2),72330
25069503,Diepholz,03251012,Volksbank Diepholz-Barnstorf -alt-,62386
25069503,Diepholz,03251012,Volksbank Diepholz-Barnstorf (Gf P2),72386
25070024,Hannover,03241001,Deutsche Bank,21670
25070024,Barsinghausen,03241002,Deutsche Bank,21670
25070024,Burgdorf,,Deutsche Bank,21670
25070024,Holzminden,,Deutsche Bank,21670
25070024,Laatzen,03241009,Deutsche Bank,21670
25070024,Langenhagen,03241010,Deutsche Bank,21670
25070024,Munster,03358016,Deutsche Bank,21670
25070024,Nienburg (Weser),,Deutsche Bank,21670
25070024,Soltau,03358021,Deutsche Bank,21670
25070024,Stadthagen,03257035,Deutsche Bank,21670
25070066,Stadthagen,03257035,Deutsche Bank,27081
25070070,Hannover,03241001,Deutsche Bank,27670
25070070,Barsinghausen,03241002,Deutsche Bank,27670
25070070,Burgdorf,,Deutsche Bank,27670
25070070,Laatzen,03241009,Deutsche Bank,27670
25070070,Langenhagen,03241010,Deutsche Bank,27670
25070077,Nienburg (Weser),,Deutsche Bank,27082
25070084,Soltau,03358021,Deutsche Bank,27083
25070084,Munster,03358016,Deutsche Bank,27083
25070086,Holzminden,,Deutsche Bank,27084
25070324,Hannover,03241001,Postbank/DSL Ndl der Deutsche Bank,21370
25070370,Hannover,03241001,Postbank/DSL Ndl der Deutsche Bank,27370
25080020,Hannover,03241001,Commerzbank vormals Dresdner Bank,28250
25080020,Barsinghausen,03241002,Commerzbank vormals Dresdner Bank,28250
25080020,Burgwedel,03241004,Commerzbank vormals Dresdner Bank,28250
25080020,Gehrden,03241006,Commerzbank vormals Dresdner Bank,28250
25080020,Langenhagen,03241010,Commerzbank vormals Dresdner Bank,28250
25080020,Neustadt am Rübenberge,03241012,Commerzbank vormals Dresdner Bank,28250
25080020,Springe,03241017,Commerzbank vormals Dresdner Bank,28250
25080020,Stadthagen,03257035,Commerzbank vormals Dresdner Bank,28250
25080085,Hamburg,02000000,"Commerzbank vormals Dresdner Bank, PCC DCC-ITGK 2",
25089220,Hannover,03241001,Commerzbank vormals Dresdner Bank ITGK,
25090300,Hannover,03241001,Bank für Schiffahrt (BFS) Fil d Ostfr VB Leer,92043
25090500,Hannover,03241001,Sparda-Bank Hannover,92048
25090500,Bielefeld,05711000,Sparda-Bank Hannover,92048
25090500,Braunschweig,03101000,Sparda-Bank Hannover,92048
25090500,Bremen,04011000,Sparda-Bank Hannover,92048
25090500,Bremerhaven,04012000,Sparda-Bank Hannover,92048
25090500,Celle,03351006,Sparda-Bank Hannover,92048
25090500,Delmenhorst,03401000,Sparda-Bank Hannover,92048
25090500,Detmold,05766020,Sparda-Bank Hannover,92048
25090500,Gütersloh,05754008,Sparda-Bank Hannover,92048
25090500,Göttingen,03159016,Sparda-Bank Hannover,92048
25090500,Hameln,03252006,Sparda-Bank Hannover,92048
25090500,Hannover,03241001,Sparda-Bank Hannover (Gf P2),82048
25090500,Herford,05758012,Sparda-Bank Hannover,92048
25090500,Hildesheim,03254021,Sparda-Bank Hannover,92048
25090500,Minden,,Sparda-Bank Hannover,92048
25090900,Hannover,03241001,PSD Bank,92065
25090900,Hannover,03241001,PSD Bank (Gf P2),82065
25120510,Hannover,03241001,SozialBank,25012
25120510,Hamburg,02000000,SozialBank,25012
25151270,Barsinghausen,03241002,Stadtsparkasse Barsinghausen,52503
25151371,Burgdorf,,Stadtsparkasse Burgdorf,52504
25152375,Walsrode,03358024,Kreissparkasse Fallingbostel in Walsrode,52505
25152375,Bad Fallingbostel,03358008,Kreissparkasse Fallingbostel in Walsrode,52505
25152375,Hodenhagen,03358014,Kreissparkasse Fallingbostel in Walsrode,52505
25152375,Rethem (Aller),03358018,Kreissparkasse Fallingbostel in Walsrode,52505
25152375,Schwarmstedt,03358020,Kreissparkasse Fallingbostel in Walsrode,52505
25152490,Wunstorf,03241021,Stadtsparkasse Wunstorf -alt-,52506
25190001,Hannover,03241001,Hannoversche Volksbank,92001
25190001,Hannover,03241001,Hannoversche Volksbank (Gf P2),82001
25190088,Lindwedel,03358015,Hannoversche Volksbank GS nur für GAA,
25193331,Pattensen,03241013,Volksbank,92152
25193331,Pattensen,03241013,Volksbank (Gf P2),82152
25250001,Peine,03157006,Kreissparkasse Peine -alt-,52507
25260010,Peine,03157006,Volksbank Peine -alt-,62006
25260010,Peine,03157006,Volksbank Peine (Gf P2),72006
25410200,Hameln,03252006,BHW Bausparkasse,
25440047,Hameln,03252006,Commerzbank,24253
25450001,Hameln,03252006,Stadtsparkasse Hameln -alt-,52522
25450110,Hameln,03252006,Sparkasse Hameln-Weserbergland,52508
25451345,Bad Pyrmont,03252003,Stadtsparkasse Bad Pyrmont,52510
25462160,Hameln,03252006,Volksbank Hameln-Stadthagen,62107
25462160,Bad Pyrmont,03252003,Volksbank Hameln-Stadthagen,62107
25462160,Emmerthal,03252005,Volksbank Hameln-Stadthagen,62107
25462160,Hameln,03252006,Volksbank Hameln-Stadthagen (Gf P2),72107
25462160,Lauenau,03257018,Volksbank Hameln-Stadthagen,62107
25462160,Niedernwöhren,03257025,Volksbank Hameln-Stadthagen,62107
25462160,Rodenberg,03257032,Volksbank Hameln-Stadthagen,62107
25462160,Stadthagen,03257035,Volksbank Hameln-Stadthagen,62107
25462680,Coppenbrügge,03252004,Volksbank im Wesertal,62143
25462680,Coppenbrügge,03252004,Volksbank im Wesertal (Gf P2),72143
25462680,Hameln,03252006,Volksbank im Wesertal,62143
25462680,Salzhemmendorf,03252008,Volksbank im Wesertal,62143
25470024,Hameln,03252006,Deutsche Bank,21675
25470024,Bad Pyrmont,03252003,Deutsche Bank,21675
25470073,Hameln,03252006,Deutsche Bank,27675
25471024,Rinteln,03257031,Deutsche Bank,21059
25471073,Rinteln,03257031,Deutsche Bank,27059
25480021,Hameln,03252006,Commerzbank vormals Dresdner Bank,28254
25491273,Aerzen,03252001,Volksbank Aerzen -alt-,92085
25491273,Aerzen,03252001,Volksbank Aerzen (Gf P2),82085
25491273,Hameln,03252006,Volksbank Aerzen,92085
25491273,Hessisch Oldendorf,03252007,Volksbank Aerzen,92085
25541426,Bückeburg,03257009,Commerzbank,24251
25551480,Rinteln,03257031,Sparkasse Schaumburg,52515
25591413,Rinteln,03257031,Volksbank in Schaumburg und Nienburg,92096
25591413,Bückeburg,03257009,Volksbank in Schaumburg und Nienburg,92096
25591413,Nienburg (Weser),,Volksbank in Schaumburg und Nienburg,92096
25591413,Rinteln,03257031,Volksbank in Schaumburg und Nienburg (Gf P2),82096
25621327,Diepholz,03251012,Oldenburgische Landesbank AG,25430
25621327,Barnstorf,03251005,Oldenburgische Landesbank AG,25430
25621327,Wagenfeld,03251044,Oldenburgische Landesbank AG,25430
25641302,Diepholz,03251012,Commerzbank,24242
25650106,Nienburg (Weser),,Sparkasse Nienburg,52517
25651325,Diepholz,03251012,Kreissparkasse Grafschaft Diepholz -alt-,52518
25662540,Steyerberg,03256030,Volksbank -alt-,62131
25662540,Steyerberg,03256030,Volksbank (Gf P2),72131
25663584,Hoya,03256014,Volksbank Aller-Weser -alt-,62172
25663584,Hoya,03256014,Volksbank Aller-Weser (Gf P2),72172
25690009,Nienburg (Weser),,Volksbank Nienburg -alt-,92006
25690009,Nienburg (Weser),,Volksbank Nienburg (Gf P2),82006
25691633,Hoya,03256014,Volksbank Niedersachsen-Mitte,92114
25691633,Hoya,03256014,Volksbank Niedersachsen-Mitte (Gf P2),82114
25691633,Kirchdorf,,Volksbank Niedersachsen-Mitte,92114
25691699,Hoya,03256014,Volksbank Niedersachsen-Mitte (Gf GAA),
25740061,Celle,03351006,Commerzbank,24252
25750001,Celle,03351006,Sparkasse Celle -alt-,52521
25761894,Wittingen,03151040,Volksbank Wittingen-Klötze -alt-,62100
25761894,Wittingen,03151040,Volksbank Wittingen-Klötze (Gf P2),72100
25770024,Celle,03351006,Deutsche Bank,21672
25770069,Celle,03351006,Deutsche Bank,27672
25780022,Celle,03351006,Commerzbank vormals Dresdner Bank,28257
25791516,Hankensbüttel,03151011,Volksbank Hankensbüttel-Wahrenholz -alt-,92103
25791516,Hankensbüttel,03151011,Volksbank Hankensbüttel-Wahrenholz (Gf P2),82103
25791635,Celle,03351006,Volksbank Südheide - Isenhagener Land - Altmark,92115
25791635,Bergen,,Volksbank Südheide - Isenhagener Land - Altmark,92115
25791635,Brome,03151005,Volksbank Südheide - Isenhagener Land - Altmark,92115
25791635,Celle,03351006,Volksbank Südheide - Isenhagener Land - Altmark (Gf P2),82115
25791635,Didderse,03151041,Volksbank Südheide - Isenhagener Land - Altmark,92115
25791635,Ehra-Lessien,03151008,Volksbank Südheide - Isenhagener Land - Altmark,92115
25791635,Eicklingen,03351007,Volksbank Südheide - Isenhagener Land - Altmark,92115
25791635,Eschede,03351025,Volksbank Südheide - Isenhagener Land - Altmark,92115
25791635,Faßberg,03351010,Volksbank Südheide - Isenhagener Land - Altmark,92115
25791635,Groß Oesingen,03151010,Volksbank Südheide - Isenhagener Land - Altmark,92115
25791635,Hambühren,03351012,Volksbank Südheide - Isenhagener Land - Altmark,92115
25791635,Hankensbüttel,03151011,Volksbank Südheide - Isenhagener Land - Altmark,92115
25791635,Hermannsburg,,Volksbank Südheide - Isenhagener Land - Altmark,92115
25791635,Hillerse,03151012,Volksbank Südheide - Isenhagener Land - Altmark,92115
25791635,Lachendorf,03351016,Volksbank Südheide - Isenhagener Land - Altmark,92115
25791635,Langlingen,03351017,Volksbank Südheide - Isenhagener Land - Altmark,92115
25791635,Leiferde,03151015,Volksbank Südheide - Isenhagener Land - Altmark,92115
25791635,Meinersen,03151017,Volksbank Südheide - Isenhagener Land - Altmark,92115
25791635,Müden (Aller),03151018,Volksbank Südheide - Isenhagener Land - Altmark,92115
25791635,Nienhagen,,Volksbank Südheide - Isenhagener Land - Altmark,92115
25791635,Sassenburg,03151025,Volksbank Südheide - Isenhagener Land - Altmark,92115
25791635,Steinhorst,,Volksbank Südheide - Isenhagener Land - Altmark,92115
25791635,Ummern,03151033,Volksbank Südheide - Isenhagener Land - Altmark,92115
25791635,Unterlüß,,Volksbank Südheide - Isenhagener Land - Altmark,92115
25791635,Wahrenholz,03151036,Volksbank Südheide - Isenhagener Land - Altmark,92115
25791635,Wathlingen,03351021,Volksbank Südheide - Isenhagener Land - Altmark,92115
25791635,Wesendorf,03151038,Volksbank Südheide - Isenhagener Land - Altmark,92115
25791635,Wienhausen,03351022,Volksbank Südheide - Isenhagener Land - Altmark,92115
25791635,Wietze,03351023,Volksbank Südheide - Isenhagener Land - Altmark,92115
25791635,Winsen (Aller),03351024,Volksbank Südheide - Isenhagener Land - Altmark,92115
25791635,Wittingen,03151040,Volksbank Südheide - Isenhagener Land - Altmark,92115
25840048,Uelzen,03360025,Commerzbank,24197
25841403,Lüchow (Wendland),,Commerzbank,24207
25841403,Salzwedel,15081455,Commerzbank,24207
25841708,Schneverdingen,03358019,Commerzbank,24195
25850110,Uelzen,03360025,Sparkasse Uelzen Lüchow-Dannenberg,52524
25850110,Bad Bevensen,03360002,Sparkasse Uelzen Lüchow-Dannenberg,52524
25850110,Bad Bodenteich,03360005,Sparkasse Uelzen Lüchow-Dannenberg,52524
25850110,Bienenbüttel,03360004,Sparkasse Uelzen Lüchow-Dannenberg,52524
25850110,Clenze,03354002,Sparkasse Uelzen Lüchow-Dannenberg,52524
25850110,Dannenberg (Elbe),03354004,Sparkasse Uelzen Lüchow-Dannenberg,52524
25850110,Ebstorf,03360006,Sparkasse Uelzen Lüchow-Dannenberg,52524
25850110,Gartow,03354005,Sparkasse Uelzen Lüchow-Dannenberg,52524
25850110,Hitzacker (Elbe),03354009,Sparkasse Uelzen Lüchow-Dannenberg,52524
25850110,Lüchow (Wendland),,Sparkasse Uelzen Lüchow-Dannenberg,52524
25850110,Rosche,03360018,Sparkasse Uelzen Lüchow-Dannenberg,52524
25850110,Suderburg,03360023,Sparkasse Uelzen Lüchow-Dannenberg,52524
25851660,Soltau,03358021,Kreissparkasse Soltau,52558
25851660,Bispingen,03358002,Kreissparkasse Soltau,52558
25851660,Munster,03358016,Kreissparkasse Soltau,52558
25851660,Neuenkirchen,,Kreissparkasse Soltau,52558
25851660,Schneverdingen,03358019,Kreissparkasse Soltau,52558
25851660,Wietzendorf,03358023,Kreissparkasse Soltau,52558
25861990,Clenze,03354002,Volksbank Clenze-Hitzacker -alt-,62105
25861990,Clenze,03354002,Volksbank Clenze-Hitzacker (Gf P2),72105
25862292,Uelzen,03360025,Volksbank Uelzen-Salzwedel,62115
25862292,Bad Bevensen,03360002,Volksbank Uelzen-Salzwedel,62115
25862292,Bad Bodenteich,03360005,Volksbank Uelzen-Salzwedel,62115
25862292,Bienenbüttel,03360004,Volksbank Uelzen-Salzwedel,62115
25862292,Ebstorf,03360006,Volksbank Uelzen-Salzwedel,62115
25862292,Rosche,03360018,Volksbank Uelzen-Salzwedel,62115
25862292,Salzwedel,15081455,Volksbank Uelzen-Salzwedel,62115
25862292,Suderburg,03360023,Volksbank Uelzen-Salzwedel,62115
25862292,Uelzen,03360025,Volksbank Uelzen-Salzwedel (Gf P2),72115
25863489,Lüchow (Wendland),,VR PLUS Altmark-Wendland,62168
25863489,Arendsee (Altmark),15081030,VR PLUS Altmark-Wendland,62168
25863489,Clenze,03354002,VR PLUS Altmark-Wendland,62168
25863489,Dannenberg (Elbe),03354004,VR PLUS Altmark-Wendland,62168
25863489,Dömitz,13076034,VR PLUS Altmark-Wendland,62168
25863489,Eldena,13076037,VR PLUS Altmark-Wendland,62168
25863489,Gartow,03354005,VR PLUS Altmark-Wendland,62168
25863489,Goldbeck,15090180,VR PLUS Altmark-Wendland,62168
25863489,Hitzacker (Elbe),03354009,VR PLUS Altmark-Wendland,62168
25863489,Lenzen (Elbe),12070244,VR PLUS Altmark-Wendland,62168
25863489,Lüchow (Wendland),,VR PLUS Altmark-Wendland (Gf P2),72168
25863489,Osterburg (Altmark),,VR PLUS Altmark-Wendland,62168
25863489,Salzwedel,15081455,VR PLUS Altmark-Wendland,62168
25863489,Seehausen (Altmark),15090520,VR PLUS Altmark-Wendland,62168
25863489,Woltersdorf,,VR PLUS Altmark-Wendland,62168
25863489,Wustrow (Wendland),,VR PLUS Altmark-Wendland,62168
25891636,Soltau,03358021,Volksbank Lüneburger Heide -alt-,92116
25891636,Soltau,03358021,Volksbank Lüneburger Heide (Gf P2),82116
25940033,Hildesheim,03254021,Commerzbank,24254
25950001,Hildesheim,03254021,Stadtsparkasse Hildesheim -alt-,52528
25950130,Hildesheim,03254021,Sparkasse Hildesheim Goslar Peine,52529
25970024,Hildesheim,03254021,Deutsche Bank,21676
25970074,Hildesheim,03254021,Deutsche Bank,27676
25971024,Alfeld (Leine),03254002,Deutsche Bank,21671
25971024,Gronau (Leine),,Deutsche Bank,21671
25971071,Alfeld (Leine),03254002,Deutsche Bank,27671
25971071,Gronau (Leine),,Deutsche Bank,27671
25980027,Hildesheim,03254021,Commerzbank vormals Dresdner Bank,28259
25990011,Hildesheim,03254021,Volksbank Hildesheim,92007
25990011,Hildesheim,03254021,Volksbank Hildesheim (Gf P2),82007
25991528,Söhlde,03254032,Volksbank Hildesheimer Börde -alt-,92104
25991528,Söhlde,03254032,Volksbank Hildesheimer Börde (Gf P2),82104
26000000,Göttingen,03159016,Bundesbank,20260
26040030,Göttingen,03159016,Commerzbank,24260
26050001,Göttingen,03159016,Sparkasse Göttingen,52600
26050001,Adelebsen,03159001,Sparkasse Göttingen,52600
26050001,Bovenden,03159007,Sparkasse Göttingen,52600
26050001,Ebergötzen,03159011,Sparkasse Göttingen,52600
26050001,Friedland,03159013,Sparkasse Göttingen,52600
26050001,Gleichen,03159015,Sparkasse Göttingen,52600
26050001,Rosdorf,,Sparkasse Göttingen,52600
26051260,Duderstadt,03159010,Sparkasse Duderstadt,52602
26051260,Gieboldehausen,03159014,Sparkasse Duderstadt,52602
26061291,Duderstadt,03159010,Volksbank Mitte -alt-,62046
26061291,Duderstadt,03159010,Volksbank Mitte (Gf P2),72046
26061556,Adelebsen,03159001,Volksbank,62071
26061556,Adelebsen,03159001,Volksbank (Gf P2),72071
26062433,Dransfeld,03159009,VR-Bank in Südniedersachsen,62125
26062433,Dransfeld,03159009,VR-Bank in Südniedersachsen (Gf P2),72125
26062433,Friedland,03159013,VR-Bank in Südniedersachsen,62125
26062433,Hann. Münden,03159017,VR-Bank in Südniedersachsen,62125
26062433,Holzminden,,VR-Bank in Südniedersachsen,62125
26062433,Staufenberg,,VR-Bank in Südniedersachsen,62125
26070024,Göttingen,03159016,Deutsche Bank,21674
26070024,Northeim,03155011,Deutsche Bank,21674
26070072,Göttingen,03159016,Deutsche Bank,27674
26070072,Northeim,03155011,Deutsche Bank,27674
26080024,Göttingen,03159016,Commerzbank vormals Dresdner Bank,28260
26090050,Göttingen,03159016,Volksbank Göttingen -alt-,92024
26090050,Göttingen,03159016,Volksbank (Gf P2),82024
26240039,Northeim,03155011,Commerzbank,24263
26240039,Einbeck,03155013,Commerzbank,24263
26250001,Northeim,03155011,Kreis-Sparkasse Northeim,52604
26250001,Bodenfelde,03155002,Kreis-Sparkasse Northeim,52604
26250001,Dassel,03155003,Kreis-Sparkasse Northeim,52604
26250001,Hardegsen,03155005,Kreis-Sparkasse Northeim,52604
26250001,Kalefeld,03155006,Kreis-Sparkasse Northeim,52604
26250001,Katlenburg-Lindau,03155007,Kreis-Sparkasse Northeim,52604
26250001,Moringen,03155009,Kreis-Sparkasse Northeim,52604
26250001,Nörten-Hardenberg,03155010,Kreis-Sparkasse Northeim,52604
26250001,Uslar,03155012,Kreis-Sparkasse Northeim,52604
26251425,Einbeck,03155013,Sparkasse Einbeck,52605
26251425,Dassel,03155003,Sparkasse Einbeck,52605
26261492,Einbeck,03155013,Volksbank Einbeck -alt-,62064
26261492,Einbeck,03155013,Volksbank Einbeck (Gf P2),72064
26261693,Hardegsen,03155005,Volksbank Solling,62083
26261693,Bodenfelde,03155002,Volksbank Solling,62083
26261693,Bovenden,03159007,Volksbank Solling Zw Harste,62083
26261693,Hardegsen,03155005,Volksbank Solling (Gf P2),72083
26261693,Moringen,03155009,Volksbank Solling,62083
26261693,Uslar,03155012,Volksbank Solling,62083
26271424,Einbeck,03155013,Deutsche Bank,21673
26271471,Einbeck,03155013,Deutsche Bank,27673
26280020,Northeim,03155011,Commerzbank vormals Dresdner Bank,28262
26281420,Einbeck,03155013,Commerzbank vormals Dresdner Bank,28264
26340056,Osterode am Harz,03159026,Commerzbank,24264
26341072,Herzberg am Harz,03159019,Commerzbank,24261
26351015,Osterode am Harz,03159026,Sparkasse Osterode am Harz,52607
26351015,Bad Grund (Harz),,Sparkasse Osterode am Harz,52607
26351015,Bad Lauterberg im Harz,03159003,Sparkasse Osterode am Harz,52607
26351015,Hattorf am Harz,03159018,Sparkasse Osterode am Harz,52607
26351015,Herzberg am Harz,03159019,Sparkasse Osterode am Harz,52607
26351015,Wulften,,Sparkasse Osterode am Harz,52607
26351445,Bad Sachsa,03159004,Stadtsparkasse Bad Sachsa -alt-,52608
26500000,Osnabrück,03404000,Bundesbank,20265
26520017,Osnabrück,03404000,Oldenburgische Landesbank AG,25431
26520017,Bad Essen,03459003,Oldenburgische Landesbank AG,25431
26520017,Bissendorf,03459012,Oldenburgische Landesbank AG,25431
26520017,Bohmte,03459013,Oldenburgische Landesbank AG,25431
26520017,Hagen am Teutoburger Wald,03459020,Oldenburgische Landesbank AG,25431
26520017,Melle,03459024,Oldenburgische Landesbank AG,25431
26520017,Wallenhorst,03459033,Oldenburgische Landesbank AG,25431
26521703,Bramsche,03459014,Oldenburgische Landesbank AG,25432
26521703,Merzen,03459026,Oldenburgische Landesbank AG,25432
26521703,Neuenkirchen,,Oldenburgische Landesbank AG,25432
26522319,Quakenbrück,03459030,Oldenburgische Landesbank AG,25433
26522319,Ankum,03459002,Oldenburgische Landesbank AG,25433
26522319,Badbergen,03459007,Oldenburgische Landesbank AG,25433
26522319,Bersenbrück,03459010,Oldenburgische Landesbank AG,25433
26522319,Essen (Oldenburg),03453006,Oldenburgische Landesbank AG,25433
26522319,Fürstenau,03459017,Oldenburgische Landesbank AG,25433
26522319,Nortrup,03459028,Oldenburgische Landesbank AG,25433
26540070,Osnabrück,03404000,Commerzbank,24240
26540070,Dissen am Teutoburger Wald,03459015,Commerzbank,24240
26540070,Melle,03459024,Commerzbank,24240
26550105,Osnabrück,03404000,Sparkasse Osnabrück,52610
26551540,Bersenbrück,03459010,Kreissparkasse Bersenbrück,52611
26551540,Alfhausen,03459001,Kreissparkasse Bersenbrück,52611
26551540,Ankum,03459002,Kreissparkasse Bersenbrück,52611
26551540,Badbergen,03459007,Kreissparkasse Bersenbrück,52611
26551540,Berge,,Kreissparkasse Bersenbrück,52611
26551540,Bippen,03459011,Kreissparkasse Bersenbrück,52611
26551540,Bramsche,03459014,Kreissparkasse Bersenbrück,52611
26551540,Fürstenau,03459017,Kreissparkasse Bersenbrück,52611
26551540,Gehrde,03459018,Kreissparkasse Bersenbrück,52611
26551540,Kettenkamp,03459023,Kreissparkasse Bersenbrück,52611
26551540,Menslage,03459025,Kreissparkasse Bersenbrück,52611
26551540,Merzen,03459026,Kreissparkasse Bersenbrück,52611
26551540,Neuenkirchen,,Kreissparkasse Bersenbrück,52611
26551540,Nortrup,03459028,Kreissparkasse Bersenbrück,52611
26551540,Quakenbrück,03459030,Kreissparkasse Bersenbrück,52611
26551540,Rieste,03459031,Kreissparkasse Bersenbrück,52611
26551540,Voltlage,03459032,Kreissparkasse Bersenbrück,52611
26552286,Melle,03459024,Kreissparkasse Melle,52612
26562490,Hilter am Teutoburger Wald,,Volksbank Bad Laer-Borgloh-Hilter-Melle,62129
26562490,Bad Laer,03459005,Volksbank Bad Laer-Borgloh-Hilter-Melle,62129
26562490,Bad Rothenfelde,03459006,Volksbank Bad Laer-Borgloh-Hilter-Melle,62129
26562490,Hilter am Teutoburger Wald,,Volksbank Bad Laer-Borgloh-Hilter-Melle (Gf P2),72129
26562490,Melle,03459024,Volksbank Bad Laer-Borgloh-Hilter-Melle,62129
26563960,Bramsche,03459014,Volksbank Bramgau-Wittlage -alt-,62182
26563960,Bad Essen,03459003,Volksbank Bramgau-Wittlage,62182
26563960,Bohmte,03459013,Volksbank Bramgau-Wittlage,62182
26563960,Bramsche,03459014,Volksbank Bramgau-Wittlage (GF P2),72182
26563960,Ostercappeln,03459029,Volksbank Bramgau-Wittlage,62182
26563960,Wallenhorst,03459033,Volksbank Bramgau-Wittlage,62182
26565928,Georgsmarienhütte,03459019,Volksbank Düte-Ems,62211
26565928,Belm,03459008,Volksbank Düte-Ems,62211
26565928,Bissendorf,03459012,Volksbank Düte-Ems,62211
26565928,Georgsmarienhütte,03459019,Volksbank Düte-Ems (Gf P2),72211
26565928,Hagen am Teutoburger Wald,03459020,Volksbank Düte-Ems,62211
26565928,Osnabrück,03404000,Volksbank Düte-Ems,62211
26566939,Fürstenau,03459017,Volksbank Osnabrücker Nordland -alt-,62220
26566939,Fürstenau,03459017,Volksbank Osnabrücker Nordland (Gf P2),72220
26567943,Fürstenau,03459017,VR-Bank Osnabrücker Nordland,62595
26567943,Badbergen,03459007,VR-Bank Osnabrücker Nordland,62595
26567943,Berge,,VR-Bank Osnabrücker Nordland,62595
26567943,Bippen,03459011,VR-Bank Osnabrücker Nordland,62595
26567943,Fürstenau,03459017,VR-Bank Osnabrücker Nordland (Gf P2),72595
26567943,Gehrde,03459018,VR-Bank Osnabrücker Nordland,62595
26567943,Kettenkamp,03459023,VR-Bank Osnabrücker Nordland,62595
26567943,Menslage,03459025,VR-Bank Osnabrücker Nordland,62595
26567943,Merzen,03459026,VR-Bank Osnabrücker Nordland,62595
26567943,Nortrup,03459028,VR-Bank Osnabrücker Nordland,62595
26567943,Voltlage,03459032,VR-Bank Osnabrücker Nordland,62595
26570024,Osnabrück,03404000,Deutsche Bank,21690
26570024,Bad Iburg,03459004,Deutsche Bank,21690
26570024,Bramsche,03459014,Deutsche Bank,21690
26570024,Georgsmarienhütte,03459019,Deutsche Bank,21690
26570024,Lengerich,,Deutsche Bank,21690
26570024,Melle,03459024,Deutsche Bank,21690
26570024,Quakenbrück,03459030,Deutsche Bank,21690
26570090,Osnabrück,03404000,Deutsche Bank,27690
26570090,Bad Iburg,03459004,Deutsche Bank,27690
26570090,Bramsche,03459014,Deutsche Bank,27690
26570090,Georgsmarienhütte,03459019,Deutsche Bank,27690
26570090,Lengerich,,Deutsche Bank,27690
26570090,Melle,03459024,Deutsche Bank,27690
26570090,Quakenbrück,03459030,Deutsche Bank,27690
26580070,Osnabrück,03404000,Commerzbank vormals Dresdner Bank,28265
26580070,Diepholz,03251012,Commerzbank vormals Dresdner Bank,28265
26580070,Dissen am Teutoburger Wald,03459015,Commerzbank vormals Dresdner Bank,28265
26580070,Lingen (Ems),03454032,Commerzbank vormals Dresdner Bank,28265
26580070,Melle,03459024,Commerzbank vormals Dresdner Bank,28265
26580070,Nordhorn,03456015,Commerzbank vormals Dresdner Bank,28265
26589210,Osnabrück,03404000,Commerzbank vormals Dresdner Bank ITGK,
26590025,Osnabrück,03404000,Vereinigte Volksbank Bramgau Osnabrück Wittlage,92018
26590025,Alfhausen,03459001,Vereinigte Volksbank Bramgau Osnabrück Wittlage,92018
26590025,Ankum,03459002,Vereinigte Volksbank Bramgau Osnabrück Wittlage,92018
26590025,Bad Iburg,03459004,Vereinigte Volksbank Bramgau Osnabrück Wittlage,92018
26590025,Bersenbrück,03459010,Vereinigte Volksbank Bramgau Osnabrück Wittlage,92018
26590025,Dissen am Teutoburger Wald,03459015,Vereinigte Volksbank Bramgau Osnabrück Wittlage,92018
26590025,Glandorf,03459034,Vereinigte Volksbank Bramgau Osnabrück Wittlage,92018
26590025,Osnabrück,03404000,Vereinigte Volksbank Bramgau Osnabrück Wittlage (Gf P2),82018
26590025,Wallenhorst,03459033,Vereinigte Volksbank Bramgau Osnabrück Wittlage,92018
26620010,Lingen (Ems),03454032,Oldenburgische Landesbank AG,25434
26620010,Emsbüren,03454010,Oldenburgische Landesbank AG,25434
26620010,Freren,03454012,Oldenburgische Landesbank AG,25434
26620010,Haselünne,03454019,Oldenburgische Landesbank AG,25434
26620010,Spelle,03454049,Oldenburgische Landesbank AG,25434
26621413,Meppen,03454035,Oldenburgische Landesbank AG,25435
26621413,Haren (Ems),03454018,Oldenburgische Landesbank AG,25435
26640049,Lingen (Ems),03454032,Commerzbank,24243
26640049,Meppen,03454035,Commerzbank,24243
26650001,Meppen,03454035,Sparkasse Emsland,52613
26650001,Dörpen,03454008,Sparkasse Emsland,52613
26650001,Emsbüren,03454010,Sparkasse Emsland,52613
26650001,Esterwegen,03454011,Sparkasse Emsland,52613
26650001,Freren,03454012,Sparkasse Emsland,52613
26650001,Geeste,03454014,Sparkasse Emsland,52613
26650001,Haren (Ems),03454018,Sparkasse Emsland,52613
26650001,Haselünne,03454019,Sparkasse Emsland,52613
26650001,Herzlake,03454021,Sparkasse Emsland,52613
26650001,Lathen,03454029,Sparkasse Emsland,52613
26650001,Lengerich,,Sparkasse Emsland,52613
26650001,Lingen (Ems),03454032,Sparkasse Emsland,52613
26650001,Lähden,03454026,Sparkasse Emsland,52613
26650001,Neulehe,03454038,Sparkasse Emsland,52613
26650001,Papenburg,03454041,Sparkasse Emsland,52613
26650001,Rhede (Ems),03454044,Sparkasse Emsland,52613
26650001,Salzbergen,03454045,Sparkasse Emsland,52613
26650001,Schapen,03454046,Sparkasse Emsland,52613
26650001,Spelle,03454049,Sparkasse Emsland,52613
26650001,Surwold,03454051,Sparkasse Emsland,52613
26650001,Sögel,03454047,Sparkasse Emsland,52613
26650001,Twist,03454054,Sparkasse Emsland,52613
26650001,Werlte,03454057,Sparkasse Emsland,52613
26660060,Lingen (Ems),03454032,Emsländische Volksbank,62009
26660060,Lingen (Ems),03454032,Emsländische Volksbank (Gf P2),72009
26661380,Haselünne,03454019,Volksbank Haselünne,62052
26661380,Haselünne,03454019,Volksbank Haselünne (Gf P2),72052
26661380,Herzlake,03454021,Volksbank Haselünne,62052
26661380,Lähden,03454026,Volksbank Haselünne,62052
26661494,Meppen,03454035,Emsländische Volksbank Meppen -alt-,62066
26661494,Meppen,03454035,Emsländische Volksbank Meppen (Gf P2),72066
26662932,Lengerich,,Volksbank -alt-,62516
26662932,Lengerich,,Volksbank (Gf P2),72516
26691213,Haren (Ems),03454018,Volksbank Haren Fil d Ostfriesischen VB,92077
26720028,Nordhorn,03456015,Oldenburgische Landesbank AG,25436
26720028,Bad Bentheim,03456001,Oldenburgische Landesbank AG,25436
26720028,Emlichheim,03456002,Oldenburgische Landesbank AG,25436
26720028,Neuenhaus,03456014,Oldenburgische Landesbank AG,25436
26720028,Schüttorf,03456027,Oldenburgische Landesbank AG,25436
26720028,Wietmarschen,03456025,Oldenburgische Landesbank AG,25436
26740044,Nordhorn,03456015,Commerzbank,24245
26750001,Nordhorn,03456015,Kreissparkasse Grafschaft Bentheim zu Nordhorn,52615
26750001,Bad Bentheim,03456001,Kreissparkasse Grafschaft Bentheim zu Nordhorn,52615
26750001,Emlichheim,03456002,Kreissparkasse Grafschaft Bentheim zu Nordhorn,52615
26750001,Neuenhaus,03456014,Kreissparkasse Grafschaft Bentheim zu Nordhorn,52615
26750001,Schüttorf,03456027,Kreissparkasse Grafschaft Bentheim zu Nordhorn,52615
26750001,Uelsen,03456023,Kreissparkasse Grafschaft Bentheim zu Nordhorn,52615
26750001,Wietmarschen,03456025,Kreissparkasse Grafschaft Bentheim zu Nordhorn,52615
26760005,Nordhorn,03456015,Raiffeisen- und Volksbank Nordhorn -alt-,62005
26770024,Nordhorn,03456015,Deutsche Bank,21693
26770024,Lingen (Ems),03454032,Deutsche Bank,21693
26770024,Meppen,03454035,Deutsche Bank,21693
26770024,Schüttorf,03456027,Deutsche Bank,21693
26770095,Nordhorn,03456015,Deutsche Bank,27693
26770095,Lingen (Ems),03454032,Deutsche Bank,27693
26770095,Meppen,03454035,Deutsche Bank,27693
26770095,Schüttorf,03456027,Deutsche Bank,27693
26840032,Goslar,03153017,Commerzbank,24271
26840032,Bad Harzburg,03153002,Commerzbank,24271
26850001,Goslar,03153017,Sparkasse Goslar/Harz -alt-,52616
26851410,Clausthal-Zellerfeld,03153018,Kreissparkasse Clausthal-Zellerfeld -alt-,52617
26851620,Salzgitter,03102000,Sparkasse Salzgitter -alt-,52618
26870024,Goslar,03153017,Deutsche Bank,21632
26870024,Clausthal-Zellerfeld,03153018,Deutsche Bank,21632
26870024,Seesen,03153012,Deutsche Bank,21632
26870032,Goslar,03153017,Deutsche Bank,27632
26870032,Clausthal-Zellerfeld,03153018,Deutsche Bank,27632
26870032,Seesen,03153012,Deutsche Bank,27632
26880063,Goslar,03153017,Commerzbank vormals Dresdner Bank,28268
26890019,Goslar,03153017,Volksbank Nordharz,92013
26890019,Goslar,03153017,Volksbank Nordharz (Gf P2),82013
26890019,Schladen,,Volksbank Nordharz,92013
26891484,Osterode am Harz,03159026,Volksbank im Harz,92099
26891484,Bad Grund (Harz),,Volksbank im Harz,92099
26891484,Bad Lauterberg im Harz,03159003,Volksbank im Harz,92099
26891484,Clausthal-Zellerfeld,03153018,Volksbank im Harz,92099
26891484,Hattorf am Harz,03159018,Volksbank im Harz,92099
26891484,Herzberg am Harz,03159019,Volksbank im Harz,92099
26891484,Osterode am Harz,03159026,Volksbank im Harz (Gf P2),82099
26941053,Wolfsburg,03103000,Commerzbank Wolfsburg,24274
26951311,Gifhorn,03151009,Sparkasse Celle-Gifhorn-Wolfsburg,52621
26971024,Wolfsburg,03103000,Deutsche Bank,21638
26971038,Wolfsburg,03103000,Deutsche Bank,27638
26981062,Wolfsburg,03103000,Commerzbank vormals Dresdner Bank,28269
26989221,Wolfsburg,03103000,Commerzbank vormals Dresdner Bank ITGK,
26991066,Wolfsburg,03103000,Volksbank BRAWO,92072
26991066,Wolfsburg,03103000,Volksbank BRAWO (Gf P2),82072
27020000,Braunschweig,03101000,Volkswagen Bank,25680
27020001,Braunschweig,03101000,Audi Bank Zndl d Volkswagen Bank,29103
27020003,Braunschweig,03101000,Skoda Bank,
27020004,Braunschweig,03101000,AutoEuropa Bank,
27020800,Braunschweig,03101000,Seat Bank Zndl d Volkswagen Bank,
27032500,Wolfenbüttel,03158037,Bankhaus C. L. Seeliger,26335
27040080,Braunschweig,03101000,Commerzbank,24270
27040080,Gifhorn,03151009,Commerzbank,24270
27040080,Helmstedt,03154028,Commerzbank,24270
27040080,Peine,03157006,Commerzbank,24270
27040080,Salzgitter,03102000,Commerzbank,24270
27040080,Schöningen,03154019,Commerzbank,24270
27040080,Wolfenbüttel,03158037,Commerzbank,24270
27062290,Börßum,03158038,Volksbank Börßum-Hornburg,62114
27062290,Börßum,03158038,Volksbank Börßum-Hornburg (Gf P2),72114
27062290,Hornburg,,Volksbank Börßum-Hornburg,62114
27062290,Osterwieck,15085230,Volksbank Börßum-Hornburg,62114
27070024,Braunschweig,03101000,Deutsche Bank,21630
27070024,Bad Harzburg,03153002,Deutsche Bank,21630
27070024,Bad Lauterberg im Harz,03159003,Deutsche Bank,21630
27070024,Bad Sachsa,03159004,Deutsche Bank,21630
27070024,Gifhorn,03151009,Deutsche Bank,21630
27070024,Helmstedt,03154028,Deutsche Bank,21630
27070024,Herzberg am Harz,03159019,Deutsche Bank,21630
27070024,Osterode am Harz,03159026,Deutsche Bank,21630
27070024,Peine,03157006,Deutsche Bank,21630
27070030,Braunschweig,03101000,Deutsche Bank,27630
27070031,Gifhorn,03151009,Deutsche Bank,27071
27070034,Osterode am Harz,03159026,Deutsche Bank,27072
27070034,Bad Lauterberg im Harz,03159003,Deutsche Bank,27072
27070034,Herzberg am Harz,03159019,Deutsche Bank,27072
27070041,Bad Sachsa,03159004,Deutsche Bank,27076
27070042,Bad Harzburg,03153002,Deutsche Bank,27073
27070043,Helmstedt,03154028,Deutsche Bank,27074
27070079,Peine,03157006,Deutsche Bank,27075
27070324,Braunschweig,03101000,Postbank/DSL Ndl der Deutsche Bank,21369
27070369,Braunschweig,03101000,Postbank/DSL Ndl der Deutsche Bank,27369
27072524,Wolfenbüttel,03158037,Deutsche Bank,21637
27072537,Wolfenbüttel,03158037,Deutsche Bank,27637
27072724,Salzgitter,03102000,Deutsche Bank,21635
27072736,Salzgitter,03102000,Deutsche Bank,27635
27080060,Braunschweig,03101000,Commerzbank vormals Dresdner Bank,28270
27080060,Salzgitter,03102000,Commerzbank vorm. Dresdner Bk Salzgitter-Bad u -Lebenstedt,28270
27080060,Wolfenbüttel,03158037,Commerzbank vormals Dresdner Bank,28270
27089221,Braunschweig,03101000,Commerzbank vormals Dresdner Bank ITGK,
27090900,Braunschweig,03101000,PSD Bank,92161
27090900,Braunschweig,03101000,PSD Bank (Gf P2),82161
27090900,Halle (Saale),15002000,PSD Bank Braunschweig,92161
27090900,Magdeburg,15003000,PSD Bank Braunschweig,92161
27092555,Wolfenbüttel,03158037,Volksbank,92143
27092555,Baddeckenstedt,03158002,Volksbank,92143
27092555,Braunschweig,03101000,Volksbank,92143
27092555,Calvörde,15083125,Volksbank,92143
27092555,Cremlingen,03158006,Volksbank,92143
27092555,Eilsleben,15083190,Volksbank,92143
27092555,Flechtingen,15083230,Volksbank,92143
27092555,Haldensleben,15083270,Volksbank,92143
27092555,Lengede,03157005,Volksbank,92143
27092555,Oebisfelde,,Volksbank,92143
27092555,Oschersleben (Bode),,Volksbank,92143
27092555,Remlingen,09679177,Volksbank,92143
27092555,Schöningen,03154019,Volksbank,92143
27092555,Schöppenstedt,03158027,Volksbank,92143
27092555,Süpplingen,03154021,Volksbank,92143
27092555,Vechelde,03157007,Volksbank,92143
27092555,Velpke,03154024,Volksbank,92143
27092555,Wendeburg,03157008,Volksbank,92143
27092555,Wolfenbüttel,03158037,Volksbank (Gf P2),82143
27131300,Schöningen,03154019,Bankhaus Rautenschlein,26295
27240004,Holzminden,,Commerzbank,24262
27290087,Holzminden,,Volksbank Weserbergland -alt-,92033
27290087,Bevern,,Volksbank Weserbergland,92033
27290087,Hehlen,03255017,Volksbank Weserbergland,92033
27290087,Holzminden,,Volksbank Weserbergland (Gf P2),82033
27290087,Polle,03255033,Volksbank Weserbergland Holzminden,92033
27290087,Stadtoldendorf,03255034,Volksbank Weserbergland,92033
27893359,Braunlage,03153016,Volksbank Braunlage,92153
27893359,Braunlage,03153016,Volksbank Braunlage (Gf P2),82153
27893359,Walkenried,03159036,Volksbank Braunlage Zw Walkenried,92153
27893760,Seesen,03153012,Volksbank,92156
27893760,Alfeld (Leine),03254002,Volksbank,92156
27893760,Bad Gandersheim,03155001,Volksbank,92156
27893760,Bockenem,03254008,Volksbank,92156
27893760,Delligsen,03255008,Volksbank,92156
27893760,Duingen,03254041,Volksbank,92156
27893760,Einbeck,03155013,Volksbank,92156
27893760,Freden (Leine),03254042,Volksbank,92156
27893760,Holle,03254022,Volksbank,92156
27893760,Langelsheim,03153019,Volksbank,92156
27893760,Seesen,03153012,Volksbank (Gf P2),82156
28000000,Oldenburg (Oldb),,Bundesbank,20280
28020050,Oldenburg (Oldb),,Oldenburgische Landesbank AG,25437
28020050,Hatten,03458009,Oldenburgische Landesbank AG,25437
28020050,Wardenburg,03458013,Oldenburgische Landesbank AG,25437
28021002,Brake (Unterweser),,Oldenburgische Landesbank AG,25438
28021002,Ovelgönne,03461008,Oldenburgische Landesbank AG,25438
28021002,Stadland,03461009,Oldenburgische Landesbank AG,25438
28021301,Bad Zwischenahn,03451002,Oldenburgische Landesbank AG,25439
28021301,Edewecht,03451004,Oldenburgische Landesbank AG,25439
28021504,Cloppenburg,03453004,Oldenburgische Landesbank AG,25440
28021504,Emstek,03453005,Oldenburgische Landesbank AG,25440
28021504,Friesoythe,03453007,Oldenburgische Landesbank AG,25440
28021504,Garrel,03453008,Oldenburgische Landesbank AG,25440
28021504,Lastrup,03453009,Oldenburgische Landesbank AG,25440
28021504,Lindern (Oldenburg),03453010,Oldenburgische Landesbank AG,25440
28021504,Lorup,03454033,Oldenburgische Landesbank AG,25440
28021504,Molbergen,03453012,Oldenburgische Landesbank AG,25440
28021504,Saterland,03453013,Oldenburgische Landesbank AG,25440
28021504,Werlte,03454057,Oldenburgische Landesbank AG,25440
28021623,Damme,03460002,Oldenburgische Landesbank AG,25441
28021623,Neuenkirchen-Vörden,03460007,Oldenburgische Landesbank AG,25441
28021705,Delmenhorst,03401000,Oldenburgische Landesbank AG,25443
28021705,Ganderkesee,03458005,Oldenburgische Landesbank AG,25443
28021705,Hude,01054054,Oldenburgische Landesbank AG,25443
28021705,Lemwerder,03461006,Oldenburgische Landesbank AG,25443
28021705,Stuhr,03251037,Oldenburgische Landesbank AG,25443
28021906,Elsfleth,03461004,Oldenburgische Landesbank AG,25444
28021906,Berne,03461001,Oldenburgische Landesbank AG,25444
28022015,Nordenham,03461007,Oldenburgische Landesbank AG,25445
28022412,Löningen,03453011,Oldenburgische Landesbank AG,25446
28022412,Börger,03454005,Oldenburgische Landesbank AG,25446
28022412,Herzlake,03454021,Oldenburgische Landesbank AG,25446
28022412,Lähden,03454026,Oldenburgische Landesbank AG,25446
28022412,Sögel,03454047,Oldenburgische Landesbank AG,25446
28022511,Lohne (Oldenburg),,Oldenburgische Landesbank AG,25447
28022511,Dinklage,03460003,Oldenburgische Landesbank AG,25447
28022511,Holdorf,,Oldenburgische Landesbank AG,25447
28022511,Steinfeld (Oldenburg),,Oldenburgische Landesbank AG,25447
28022620,Rastede,03451005,Oldenburgische Landesbank AG,25448
28022620,Wiefelstede,03451008,Oldenburgische Landesbank AG,25448
28022822,Vechta,03460009,Oldenburgische Landesbank AG,25449
28022822,Bakum,03460001,Oldenburgische Landesbank AG,25449
28022822,Goldenstedt,03460004,Oldenburgische Landesbank AG,25449
28022822,Visbek,03460010,Oldenburgische Landesbank AG,25449
28023224,Westerstede,03451007,Oldenburgische Landesbank AG,25450
28023224,Apen,03451001,Oldenburgische Landesbank AG,25450
28023224,Barßel,03453001,Oldenburgische Landesbank AG,25450
28023325,Wildeshausen,03458014,Oldenburgische Landesbank AG,25451
28023325,Großenkneten,03458007,Oldenburgische Landesbank AG,25451
28030300,Oldenburg (Oldb),,Oldenburgische Landesbank AG (vormals W. Fortmann & Söhne),26410
28040046,Oldenburg (Oldb),,Commerzbank,24280
28042865,Vechta,03460009,Commerzbank,24246
28050100,Oldenburg (Oldb),,Landessparkasse zu Oldenburg,52801
28060228,Oldenburg (Oldb),,Raiffeisenbank Oldenburg -alt-,62020
28060228,Oldenburg (Oldb),,Raiffeisenbank Oldenburg (Gf P2),72020
28061410,Brake (Unterweser),,Raiffeisenbank Wesermarsch-Süd,62059
28061410,Berne,03461001,Raiffeisenbank Wesermarsch-Süd,62059
28061410,Brake (Unterweser),,Raiffeisenbank Wesermarsch-Süd (Gf P2),72059
28061410,Elsfleth,03461004,Raiffeisenbank Wesermarsch-Süd,62059
28061410,Ovelgönne,03461008,Raiffeisenbank Wesermarsch-Süd,62059
28061501,Garrel,03453008,VR-Bank in Südoldenburg,62068
28061501,Garrel,03453008,VR-Bank in Südoldenburg (Gf P2),72068
28061679,Damme,03460002,Volksbank Dammer Berge,62079
28061679,Damme,03460002,Volksbank Dammer Berge (Gf P2),72079
28061822,Oldenburg (Oldb),,Oldenburger Volksbank,62090
28061822,Oldenburg (Oldb),,Oldenburger Volksbank (Gf P2),72090
28062165,Rastede,03451005,Raiffeisenbank Rastede,62108
28062165,Rastede,03451005,Raiffeisenbank Rastede (Gf P2),72108
28062249,Hude,01054054,Vereinigte Volksbank,62112
28062249,Delmenhorst,03401000,Vereinigte Volksbank,62112
28062249,Ganderkesee,03458005,Vereinigte Volksbank,62112
28062249,Hude,01054054,Vereinigte Volksbank (Gf P2),72112
28062249,Oldenburg (Oldb),,Vereinigte Volksbank,62112
28062299,Hude,01054054,Vereinigte Volksbank GAA,
28062560,Lohne (Oldenburg),,Volksbank Lohne-Dinklage-Steinfeld-Mühlen,62133
28062560,Lohne (Oldenburg),,Volksbank Lohne-Dinklage-Steinfeld-Mühlen (Gf P2),72133
28062740,Ganderkesee,03458005,Volksbank Bookholzberg-Lemwerder -alt-,62149
28062740,Ganderkesee,03458005,Volksbank Bookholzberg-Lemwerder (Gf P2),72149
28062740,Lemwerder,03461006,Volksbank Bookholzberg-Lemwerder,62149
28062913,Bösel,03453002,Volksbank Bösel -alt-,62598
28062913,Bösel,03453002,Volksbank Bösel (Gf P2),72598
28063253,Westerstede,03451007,Volksbank Westerstede,62162
28063253,Westerstede,03451007,Volksbank Westerstede (Gf P2),72162
28063526,Cappeln (Oldenburg),03453003,Volksbank Emstek Essen Cappeln,62169
28063526,Cappeln (Oldenburg),03453003,Volksbank Emstek Essen Cappeln (Gf P2),72169
28063526,Essen (Oldenburg),03453006,Volksbank Emstek Essen Cappeln,62169
28063526,Quakenbrück,03459030,Volksbank Emstek Essen Cappeln,62169
28063607,Bakum,03460001,Volksbank Bakum -alt-,62600
28063607,Bakum,03460001,Volksbank Bakum (Gf P2),72600
28064179,Vechta,03460009,Volksbank Vechta,62185
28064179,Bakum,03460001,Volksbank Vechta,62185
28064179,Ehrenburg,03251015,Volksbank Vechta,62185
28064179,Goldenstedt,03460004,Volksbank Vechta,62185
28064179,Twistringen,03251042,Volksbank Vechta,62185
28064179,Vechta,03460009,Volksbank Vechta (Gf P2),72185
28064241,Nordenham,03461007,Raiffeisen-Volksbank Varel-Nordenham,62186
28065061,Löningen,03453011,Volksbank Löningen,62200
28065061,Lindern (Oldenburg),03453010,Volksbank Löningen,62200
28065061,Löningen,03453011,Volksbank Löningen (Gf P2),72200
28065108,Dinklage,03460003,VR-Bank Dinklage-Steinfeld -alt-,62202
28065108,Dinklage,03460003,VR-Bank Dinklage-Steinfeld (Gf P2),72202
28065108,Steinfeld (Oldenburg),,VR-Bank Dinklage-Steinfeld,62202
28065286,Saterland,03453013,Raiffeisenbank Scharrel,62203
28065286,Barßel,03453001,Raiffbk Elisabethfehn Ndl d Raiffbk Scharrel,62203
28065286,Saterland,03453013,Raiffeisenbank Scharrel (Gf P2),72203
28066103,Visbek,03460010,Volksbank Visbek,62214
28066103,Visbek,03460010,Volksbank Visbek (Gf P2),72214
28066214,Wildeshausen,03458014,Volksbank Oldenburg-Land Delmenhorst,62545
28066214,Hatten,03458009,Volksbank Oldenburg-Land Delmenhorst,62545
28066214,Wildeshausen,03458014,Volksbank Oldenburg-Land Delmenhorst (Gf P2),72545
28066620,Friesoythe,03453007,Volksbank,62562
28066620,Barßel,03453001,Volksbank,62562
28066620,Friesoythe,03453007,Volksbank (Gf P2),72562
28067068,Neuenkirchen-Vörden,03460007,Volksbank Neuenkirchen-Vörden -alt-,62221
28067068,Neuenkirchen-Vörden,03460007,Volksbank Neuenkirchen-Vörden (Gf P2),72221
28067170,Delmenhorst,03401000,Volksbank Delmenhorst Schierbrok -alt-,62222
28067170,Delmenhorst,03401000,Volksbank Delmenhorst Schierbrok (Gf P2),72222
28067257,Lastrup,03453009,Volksbank Lastrup,62604
28067257,Lastrup,03453009,Volksbank Lastrup (Gf P2),72604
28068218,Butjadingen,03461003,Raiffeisenbank Butjadingen-Abbehausen -alt-,62606
28068218,Butjadingen,03461003,Raiffeisenbank Butjadingen-Abbehausen (Gf P2),72606
28069052,Ostrhauderfehn,03457017,Raiffeisenbank Strücklingen-Idafehn,62246
28069052,Ostrhauderfehn,03457017,Raiffeisenbank Strücklingen-Idafehn (Gf P2),72246
28069052,Rhauderfehn,03457018,Raiffeisenbank Strücklingen-Idafehn,62246
28069052,Saterland,03453013,Raiffeisenbank Strücklingen-Idafehn,62246
28069092,Hatten,03458009,VR Bank Oldenburg Land West -alt-,62259
28069092,Großenkneten,03458007,VR Bank Oldenburg Land West,62259
28069092,Hatten,03458009,VR Bank Oldenburg Land West (Gf P2),72259
28069092,Wardenburg,03458013,VR Bank Oldenburg Land West,62259
28069109,Emstek,03453005,Volksbank Emstek -alt-,62266
28069109,Emstek,03453005,Volksbank Emstek (Gf P2),72266
28069128,Garrel,03453008,Raiffeisenbank Garrel -alt-,62277
28069128,Garrel,03453008,Raiffeisenbank Garrel (Gf P2),72277
28069138,Hatten,03458009,VR Bank Oldenburg Land West -alt-,62282
28069138,Hatten,03458009,VR Bank Oldenburg Land West (Gf P2),72282
28069293,Schüttorf,03456027,Volksbank Obergrafschaft -alt-,62340
28069293,Schüttorf,03456027,Volksbank Obergrafschaft -alt- (Gf P2),72340
28069381,Werlte,03454057,Hümmlinger Volksbank,62357
28069381,Rastdorf,03454042,Hümmlinger Volksbank,62357
28069381,Vrees,03454055,Hümmlinger Volksbank,62357
28069381,Werlte,03454057,Hümmlinger Volksbank (Gf P2),72357
28069706,Börger,03454005,Volksbank Nordhümmling,62431
28069706,Börger,03454005,Volksbank Nordhümmling (Gf P2),72431
28069706,Esterwegen,03454011,Volksbank Nordhümmling,62431
28069706,Surwold,03454051,Volksbank Nordhümmling,62431
28069755,Moormerland,03457014,Raiffeisenbank Oldersum,62445
28069773,Friedeburg,03462005,Raiffeisenbank Wiesedermeer-Wiesede-Marcardsm,62455
28069773,Friedeburg,03462005,Raiffeisenbank Wiesedermeer-Wiesede-Marcardsm (Gf P2),72455
28069878,Klein Berßen,03454024,Raiffeisenbank Ems-Vechte,62495
28069878,Klein Berßen,03454024,Raiffeisenbank Ems-Vechte (Gf P2),72495
28069878,Lahn,03454027,Raiffeisenbank Ems-Vechte,62495
28069878,Spahnharrenstätte,03454048,Raiffeisenbank Ems-Vechte,62495
28069878,Stavern,03454050,Raiffeisenbank Ems-Vechte,62495
28069878,Sögel,03454047,Raiffeisenbank Ems-Vechte,62495
28069878,Werpeloh,03454058,Raiffeisenbank Ems-Vechte,62495
28069926,Uelsen,03456023,Volksbank Niedergrafschaft,62511
28069926,Georgsdorf,03456005,Volksbank Niedergrafschaft,62511
28069926,Hoogstede,03456009,Volksbank Niedergrafschaft,62511
28069926,Itterbeck,03456011,Volksbank Niedergrafschaft,62511
28069926,Uelsen,03456023,Volksbank Niedergrafschaft (Gf P2),72511
28069926,Wilsum,03456026,Volksbank Niedergrafschaft,62511
28069935,Lorup,03454033,Raiffeisenbank Lorup,62518
28069935,Lorup,03454033,Raiffeisenbank Lorup (Gf P2),72518
28069956,Nordhorn,03456015,Grafschafter Volksbank,62526
28069956,Bad Bentheim,03456001,Grafschafter Volksbank,62526
28069956,Emlichheim,03456002,Grafschafter Volksbank,62526
28069956,Laar,03456012,Grafschafter Volksbank,62526
28069956,Neuenhaus,03456014,Grafschafter Volksbank,62526
28069956,Nordhorn,03456015,Grafschafter Volksbank (Gf P2),72526
28069991,Lathen,03454029,Volksbank Emstal,62539
28069991,Dersum,03454007,Volksbank Emstal,62539
28069991,Haren (Ems),03454018,Volksbank Emstal,62539
28069991,Lathen,03454029,Volksbank Emstal (Gf P2),72539
28069991,Twist,03454054,Volksbank Emstal,62539
28069991,Wippingen,03454060,Volksbank Emstal,62539
28069994,Spelle,03454049,Volksbank Süd-Emsland,62540
28069994,Andervenne,03454001,Volksbank Süd-Emsland,62540
28069994,Beesten,03454003,Volksbank Süd-Emsland,62540
28069994,Emsbüren,03454010,Volksbank Süd-Emsland,62540
28069994,Freren,03454012,Volksbank Süd-Emsland,62540
28069994,Hopsten,05566020,Volksbank Süd-Emsland,62540
28069994,Lünne,03454034,Volksbank Süd-Emsland,62540
28069994,Messingen,03454036,Volksbank Süd-Emsland,62540
28069994,Salzbergen,03454045,Volksbank Süd-Emsland,62540
28069994,Schapen,03454046,Volksbank Süd-Emsland,62540
28069994,Spelle,03454049,Volksbank Süd-Emsland (Gf P2),72540
28069994,Thuine,03454053,Volksbank Süd-Emsland,62540
28070024,Oldenburg (Oldb),,Deutsche Bank,21660
28070024,Bad Zwischenahn,03451002,Deutsche Bank,21660
28070057,Oldenburg (Oldb),,Deutsche Bank,27660
28070057,Bad Zwischenahn,03451002,Deutsche Bank,27660
28220026,Wilhelmshaven,03405000,Oldenburgische Landesbank AG,25452
28220026,Sande,03455014,Oldenburgische Landesbank AG,25452
28222208,Jever,03455007,Oldenburgische Landesbank AG,25453
28222208,Langeoog,03462007,Oldenburgische Landesbank AG,25453
28222208,Schortens,03455015,Oldenburgische Landesbank AG,25453
28222208,Wangerland,03455020,Oldenburgische Landesbank AG,25453
28222208,Wittmund,03462019,Oldenburgische Landesbank AG,25453
28222621,Varel,03455026,Oldenburgische Landesbank AG,25454
28222621,Bockhorn,,Oldenburgische Landesbank AG,25454
28222621,Jade,03461005,Oldenburgische Landesbank AG,25454
28222621,Zetel,03455027,Oldenburgische Landesbank AG,25454
28240023,Wilhelmshaven,03405000,Commerzbank,24286
28250110,Wilhelmshaven,03405000,Sparkasse Wilhelmshaven,52804
28252760,Wittmund,03462019,Kreissparkasse Wittmund,52806
28262254,Jever,03455007,Volksbank Jever -alt-,62113
28262254,Jever,03455007,Volksbank Jever (Gf P2),72113
28262673,Varel,03455026,Volksbank Jade-Weser,62142
28262673,Bockhorn,,Volksbank Jade-Weser,62142
28262673,Jade,03461005,Volksbank Jade-Weser,62142
28262673,Nordenham,03461007,Volksbank Jade-Weser,62142
28262673,Sande,03455014,Volksbank Jade-Weser,62142
28262673,Schortens,03455015,Volksbank Jade-Weser,62142
28262673,Stadland,03461009,Volksbank Jade-Weser,62142
28262673,Varel,03455026,Volksbank Jade-Weser (Gf P2),72142
28262673,Wangerland,03455020,Volksbank Jade-Weser,62142
28262673,Wangerooge,03455021,Volksbank Jade-Weser,62142
28262673,Wiefelstede,03451008,Volksbank Jade-Weser,62142
28262673,Wilhelmshaven,03405000,Volksbank Jade-Weser,62142
28262673,Zetel,03455027,Volksbank Jade-Weser,62142
28270024,Wilhelmshaven,03405000,Deutsche Bank,21654
28270024,Jever,03455007,Deutsche Bank,21654
28270056,Wilhelmshaven,03405000,Deutsche Bank,27654
28270056,Jever,03455007,Deutsche Bank,27654
28280012,Wilhelmshaven,03405000,Commerzbank vormals Dresdner Bank,28284
28290063,Wilhelmshaven,03405000,Volksbank Wilhelmshaven,92027
28290063,Wilhelmshaven,03405000,Volksbank Wilhelmshaven (Gf P2),82027
28291551,Norden,03452019,Volksbank Esens -alt-,92106
28291551,Norden,03452019,Volksbank Esens (Gf P2),82106
28320014,Norden,03452019,Oldenburgische Landesbank AG,25455
28320014,Dornum,03452027,Oldenburgische Landesbank AG,25455
28320014,Esens,03462003,Oldenburgische Landesbank AG,25455
28320014,Hage,03452008,Oldenburgische Landesbank AG,25455
28320014,Juist,03452013,Oldenburgische Landesbank AG,25455
28320014,Marienhafe,03452017,Oldenburgische Landesbank AG,25455
28320014,Westerholt,03462018,Oldenburgische Landesbank AG,25455
28321816,Norderney,03452020,Oldenburgische Landesbank AG,25456
28350000,Aurich,03452001,Sparkasse Aurich-Norden,52807
28350000,Dornum,03452027,Sparkasse Aurich-Norden,52807
28350000,Emden,03402000,Sparkasse Aurich-Norden,52807
28350000,Großefehn,03452006,Sparkasse Aurich-Norden,52807
28350000,Großheide,03452007,Sparkasse Aurich-Norden,52807
28350000,Hage,03452008,Sparkasse Aurich-Norden,52807
28350000,Hinte,03452011,Sparkasse Aurich-Norden,52807
28350000,Ihlow,,Sparkasse Aurich-Norden,52807
28350000,Juist,03452013,Sparkasse Aurich-Norden,52807
28350000,Krummhörn,03452014,Sparkasse Aurich-Norden,52807
28350000,Marienhafe,03452017,Sparkasse Aurich-Norden,52807
28350000,Norden,03452019,Sparkasse Aurich-Norden,52807
28350000,Norderney,03452020,Sparkasse Aurich-Norden,52807
28350000,Südbrookmerland,03452023,Sparkasse Aurich-Norden,52807
28350000,Wiesmoor,03452025,Sparkasse Aurich-Norden,52807
28361592,Norden,03452019,Raiffeisen-Volksbank Fresena,62075
28361592,Baltrum,03452002,Raiffeisen-Volksbank Fresena,62075
28361592,Dornum,03452027,Raiffeisen-Volksbank Fresena,62075
28361592,Großheide,03452007,Raiffeisen-Volksbank Fresena,62075
28361592,Hage,03452008,Raiffeisen-Volksbank Fresena,62075
28562863,Holtland,03457011,Raiffeisenbank Moormerland,62154
28563749,Moormerland,03457014,Raiffeisenbank,62179
28563749,Emden,03402000,Raiffeisenbank Moormerland,62179
28563749,Großefehn,03452006,Raiffeisenbank Moormerland,62179
28563749,Hesel,03457010,Raiffeisenbank Moormerland,62179
28563749,Ihlow,,Raiffeisenbank Moormerland,62179
28563749,Moormerland,03457014,Raiffeisenbank (Gf P2),72179
28563749,Nortmoor,03457016,Raiffeisenbank Moormerland,62179
28570024,Leer (Ostfriesland),03457013,Deutsche Bank,21656
28570024,Papenburg,03454041,Deutsche Bank,21656
28570024,Weener,03457021,Deutsche Bank,21656
28570092,Leer (Ostfriesland),03457013,Deutsche Bank,27656
28570092,Papenburg,03454041,Deutsche Bank,27656
28570092,Weener,03457021,Deutsche Bank,27656
28590075,Leer (Ostfriesland),03457013,Ostfriesische Volksbank Leer,92030
28590075,Bunde,03457024,Ostfriesische Volksbank Leer,92030
28590075,Emden,03402000,Ostfriesische Volksbank Leer,92030
28590075,Jemgum,03457012,Ostfriesische Volksbank Leer,92030
28590075,Krummhörn,03452014,Ostfriesische Volksbank Leer,92030
28590075,Leer (Ostfriesland),03457013,Ostfriesische Volksbank Leer (Gf P2),82030
28590075,Weener,03457021,Ostfriesische Volksbank Leer,92030
28591579,Papenburg,03454041,Volksbank Papenburg Fil d. Ostfries. VB Leer,92108
28591654,Rhauderfehn,03457018,Volksbank Westrhauderfehn,92118
28591654,Ostrhauderfehn,03457017,Volksbank Westrhauderfehn Zw Ostrhauderfehn,92118
28591654,Rhauderfehn,03457018,Volksbank Westrhauderfehn (Gf P2),82118
29020000,Bremen,04011000,Bankhaus Neelmeyer,25325
29030400,Hamburg,02000000,M.M. Warburg & Co (vormals Bankhaus Carl F. Plump & CO),26280
29040060,Bremen,04011000,Commerzbank CC,
29040061,Bremen,04011000,Commerzbank CC,
29040090,Bremen,04011000,Commerzbank,24290
29040090,Achim,03361001,Commerzbank,24290
29040090,Brake (Unterweser),,Commerzbank,24290
29040090,Bremervörde,03357008,Commerzbank,24290
29040090,Cloppenburg,03453004,Commerzbank,24290
29040090,Delmenhorst,03401000,Commerzbank,24290
29040090,Hoya,03256014,Commerzbank,24290
29040090,Nienburg (Weser),,Commerzbank,24290
29040090,Norden,03452019,Commerzbank,24290
29040090,Nordenham,03461007,Commerzbank,24290
29040090,Osterholz-Scharmbeck,03356007,Commerzbank,24290
29040090,Papenburg,03454041,Commerzbank,24290
29040090,Rotenburg (Wümme),,Commerzbank,24290
29040090,Varel,03455026,Commerzbank,24290
29040090,Verden (Aller),03361012,Commerzbank,24290
29040090,Weyhe,03251047,Commerzbank,24290
29040090,Wildeshausen,03458014,Commerzbank,24290
29050000,Bremen,04011000,Norddeutsche Landesbank - Girozentrale -,52900
29050000,Oldenburg (Oldb),,Norddeutsche Landesbank - Girozentrale -,52900
29050101,Bremen,04011000,Sparkasse Bremen,52902
29050101,Bremen,04011000,Sparkasse Bremen Gf P2,52901
29070024,Bremen,04011000,Deutsche Bank,21650
29070024,Achim,03361001,Deutsche Bank,21650
29070024,Bremerhaven,04012000,Deutsche Bank,21650
29070024,Cloppenburg,03453004,Deutsche Bank,21650
29070024,Delmenhorst,03401000,Deutsche Bank,21650
29070024,Lohne (Oldenburg),,Deutsche Bank,21650
29070024,Osterholz-Scharmbeck,03356007,Deutsche Bank,21650
29070024,Vechta,03460009,Deutsche Bank,21650
29070050,Bremen,04011000,Deutsche Bank,27650
29070050,Achim,03361001,Deutsche Bank,27650
29070050,Osterholz-Scharmbeck,03356007,Deutsche Bank,27650
29070051,Bremerhaven,04012000,Deutsche Bank,27077
29070052,Delmenhorst,03401000,Deutsche Bank,27078
29070058,Cloppenburg,03453004,Deutsche Bank,27079
29070059,Vechta,03460009,Deutsche Bank,27080
29070059,Lohne (Oldenburg),,Deutsche Bank,27080
29070324,Bremen,04011000,Postbank/DSL Ndl der Deutsche Bank,21367
29070367,Bremen,04011000,Postbank/DSL Ndl der Deutsche Bank,27367
29080010,Bremen,04011000,Commerzbank vormals Bremer Bank (Dresdner Bank),28290
29080010,Achim,03361001,Commerzbank vormals Dresdner Bank,28290
29080010,Delmenhorst,03401000,Commerzbank vormals Dresdner Bank,28290
29080010,Papenburg,03454041,Commerzbank vormals Dresdner Bank,28290
29080010,Verden (Aller),03361012,Commerzbank vormals Dresdner Bank,28290
29089210,Bremen,04011000,Commerzbank vormals Bremer Bank (Dresdner Bank) ITGK,
29090900,Bremen,04011000,PSD Bank Nord,92067
29121731,Syke,03251041,Oldenburgische Landesbank AG,25461
29121731,Bassum,03251007,Oldenburgische Landesbank AG,25461
29121731,Harpstedt,03458008,Oldenburgische Landesbank AG,25461
29121731,Stuhr,03251037,Oldenburgische Landesbank AG,25461
29121731,Twistringen,03251042,Oldenburgische Landesbank AG,25461
29121731,Weyhe,03251047,Oldenburgische Landesbank AG,25461
29151700,Syke,03251041,Kreissparkasse Diepholz,52999
29152300,Osterholz-Scharmbeck,03356007,Kreissparkasse Osterholz -alt-,52926
29152550,Scheeßel,03357041,Zweckverbandssparkasse Scheeßel,52927
29152550,Bothel,03357006,Zweckverbandssparkasse Scheeßel,52927
29152550,Elsdorf,,Zweckverbandssparkasse Scheeßel,52927
29152550,Fintel,03357015,Zweckverbandssparkasse Scheeßel,52927
29152670,Verden (Aller),03361012,Kreissparkasse Verden,52928
29152670,Achim,03361001,Kreissparkasse Verden,52928
29152670,Dörverden,03361003,Kreissparkasse Verden,52928
29152670,Kirchlinteln,03361005,Kreissparkasse Verden,52928
29152670,Langwedel,,Kreissparkasse Verden,52928
29152670,Ottersberg,03361008,Kreissparkasse Verden,52928
29152670,Oyten,03361009,Kreissparkasse Verden,52928
29152670,Thedinghausen,03361013,Kreissparkasse Verden,52928
29162394,Osterholz-Scharmbeck,03356007,Volksbank,62123
29162394,Grasberg,03356002,Volksbank,62123
29162394,Hambergen,03356003,Volksbank,62123
29162394,Holste,03356004,Volksbank,62123
29162394,Lilienthal,03356005,Volksbank,62123
29162394,Osterholz-Scharmbeck,03356007,Volksbank (Gf P2),72123
29162394,Schwanewede,03356009,Volksbank,62123
29162394,Vollersode,03356010,Volksbank,62123
29162453,Schwanewede,03356009,Volksbank Schwanewede,62126
29162453,Schwanewede,03356009,Volksbank Schwanewede (Gf P2),72126
29162697,Verden (Aller),03361012,Volksbank Aller-Weser -alt-,62145
29162697,Verden (Aller),03361012,Volksbank Aller-Weser (Gf P2),72145
29165545,Oyten,03361009,Volksbank Oyten,62208
29165545,Oyten,03361009,Volksbank Oyten (Gf P2),72208
29165681,Sottrum,03357045,Volksbank Sottrum -alt-,62210
29165681,Sottrum,03357045,Volksbank Sottrum (Gf P2),72210
29166568,Worpswede,03356011,Volksbank,62217
29166568,Worpswede,03356011,Volksbank (Gf P2),72217
29167624,Syke,03251041,Volksbank Syke -alt-,62226
29167624,Syke,03251041,Volksbank Syke (Gf P2),72226
29172624,Verden (Aller),03361012,Deutsche Bank,21653
29172655,Verden (Aller),03361012,Deutsche Bank,27653
29190024,Bremen,04011000,Bremische Volksbank Weser-Wümme,92017
29190024,Achim,03361001,Volksbank Achim Hzw d Bremischen VB,92017
29190024,Bremen,04011000,Bremische Volksbank Weser-Wümme (Gf P2),82017
29190024,Rotenburg (Wümme),,Volksbank Rotenburg Hzw d Bremischen VB,92017
29190330,Bremen,04011000,Volksbank Bremen-Nord,92045
29190330,Bremen,04011000,Volksbank Bremen-Nord (Gf P2),82045
29190330,Ritterhude,03356008,Volksbank Bremen-Nord,92045
29190399,Bremen,04011000,Volksbank Bremen-Nord (Gf GAA),
29240024,Bremerhaven,04012000,Commerzbank,24291
29250000,Bremerhaven,04012000,Weser-Elbe Sparkasse,52941
29250150,Bremerhaven,04012000,Kreissparkasse Wesermünde-Hadeln -alt-,52942
29262722,Geestland,03352062,Volksbank Geeste-Nord,62435
29262722,Geestland,03352062,Volksbank Geeste-Nord (Gf P2),72435
29262722,Schiffdorf,03352050,Volksbank Geeste-Nord,62435
29265747,Beverstedt,03352059,Volksbank im Elbe-Weser-Dreieck,62605
29265747,Beverstedt,03352059,Volksbank im Elbe-Weser-Dreieck (Gf P2),72605
29265747,Bremerhaven,04012000,Volksbank im Elbe-Weser-Dreieck,62605
29265747,Geestland,03352062,Volksbank im Elbe-Weser-Dreieck,62605
29265747,Hagen im Bremischen,03352060,Volksbank im Elbe-Weser-Dreieck,62605
29265747,Loxstedt,03352032,Volksbank im Elbe-Weser-Dreieck,62605
29265747,Schiffdorf,03352050,Volksbank im Elbe-Weser-Dreieck,62605
29265747,Schwanewede,03356009,Volksbank im Elbe-Weser-Dreieck,62605
29265747,Steinau,03352051,Volksbank im Elbe-Weser-Dreieck,62605
29280011,Bremerhaven,04012000,Commerzbank vormals Dresdner Bank,28292
29290034,Bremerhaven,04012000,Volksbank Bremerhaven-Wesermünde -alt-,92021
29290034,Bremerhaven,04012000,Volksbank Bremerhaven-Wesermünde -alt- (Gf P2),82021
30000000,Düsseldorf,05111000,Bundesbank eh Düsseldorf,20300
30010400,Düsseldorf,05111000,IKB Deutsche Industriebank,26961
30010444,Düsseldorf,05111000,IKB Privatkunden - IKB Deutsche Industriebank,
30010700,Düsseldorf,05111000,MUFG Bank (Europe) Germany Branch,29606
30013300,Düsseldorf,05111000,"EburyPartners Belgium, Zweigniederlassung Deutschland",
30020500,Düsseldorf,05111000,BHF-BANK,25158
30020700,Frankfurt am Main,06412000,"Mizuho Bank Europe, Frankfurt Branch",29675
30020900,Düsseldorf,05111000,TARGOBANK,25280
30022000,Düsseldorf,05111000,NRW.BANK,
30030100,Wiesbaden,06414000,S Broker Wiesbaden,29235
30030500,Neuss,05162024,Bank11direkt,99065
30030600,Wuppertal,05124000,ETRIS Bank,
30030880,Düsseldorf,05111000,"HSBC Continental Europe, Germany",26380
30030889,Düsseldorf,05111000,"HSBC Continental Europe, Germany",
30030900,Düsseldorf,05111000,Merck Finck A Quintet Private Bank,26245
30040000,Düsseldorf,05111000,Commerzbank,24300
30040000,Erkrath,05158004,Commerzbank,24300
30040000,Grevenbroich,05162008,Commerzbank,24300
30040000,Haan,05158008,Commerzbank,24300
30040000,Hilden,05158016,Commerzbank,24300
30040000,Kaarst,05162016,Commerzbank,24300
30040000,Meerbusch,05162022,Commerzbank Fil Büderich,24300
30040000,Mettmann,05158024,Commerzbank,24300
30040000,Neuss,05162024,Commerzbank,24300
30040000,Ratingen,05158028,Commerzbank,24300
30040005,Düsseldorf,05111000,"Commerzbank, Filiale Düsseldorf 2",24003
30040048,Düsseldorf,05111000,Commerzbank GF-D48,24348
30040060,Düsseldorf,05111000,Commerzbank Gf 660,24301
30040061,Düsseldorf,05111000,Commerzbank Gf 661,24302
30040062,Düsseldorf,05111000,Commerzbank CC,
30040063,Düsseldorf,05111000,Commerzbank CC,
30040098,Düsseldorf,05111000,Commerz Service-Center Intensive,
30040099,Düsseldorf,05111000,Commerzbank Gf Comp. Center STS,
30050000,Düsseldorf,05111000,Landesbank Hessen-Thüringen Girozentrale NL. Düsseldorf,53498
30050110,Düsseldorf,05111000,Stadtsparkasse Düsseldorf,53300
30060010,Düsseldorf,05111000,DZ BANK,63002
30060010,Düsseldorf,05111000,DZ BANK (Gf P2),73002
30060601,Düsseldorf,05111000,apoBank,63058
30060601,Düsseldorf,05111000,apoBank (Gf P2),73058
30060601,Düsseldorf,05111000,apoBank (Gf P3),23971
30060992,Düsseldorf,05111000,PSD Bank Rhein-Ruhr,63253
30060992,Dortmund,05913000,PSD Bank Rhein-Ruhr,63253
30060992,Düsseldorf,05111000,PSD Bank Rhein-Ruhr (Gf P2),73253
30070010,Düsseldorf,05111000,Deutsche Bank,27300
30070010,Erkrath,05158004,Deutsche Bank,27300
30070010,Hilden,05158016,Deutsche Bank,27300
30070010,Kaarst,05162016,Deutsche Bank,27300
30070010,Langenfeld (Rheinland),05158020,Deutsche Bank,27300
30070010,Meerbusch,05162022,Deutsche Bank,27300
30070010,Monheim am Rhein,05158026,Deutsche Bank,27300
30070010,Neuss,05162024,Deutsche Bank,27300
30070010,Ratingen,05158028,Deutsche Bank,27300
30070024,Düsseldorf,05111000,Deutsche Bank,21300
30070024,Erkrath,05158004,Deutsche Bank,21300
30070024,Hilden,05158016,Deutsche Bank,21300
30070024,Kaarst,05162016,Deutsche Bank,21300
30070024,Langenfeld (Rheinland),05158020,Deutsche Bank,21300
30070024,Meerbusch,05162022,Deutsche Bank,21300
30070024,Monheim am Rhein,05158026,Deutsche Bank,21300
30070024,Neuss,05162024,Deutsche Bank,21300
30070024,Ratingen,05158028,Deutsche Bank,21300
30070207,Düsseldorf,05111000,Postbank/DSL Ndl der Deutsche Bank,27207
30070224,Düsseldorf,05111000,Postbank/DSL Ndl der Deutsche Bank,21207
30080000,Düsseldorf,05111000,Commerzbank vormals Dresdner Bank,28300
30080000,Dormagen,05162004,Commerzbank vormals Dresdner Bank,28300
30080000,Erkrath,05158004,Commerzbank vormals Dresdner Bank,28300
30080000,Hilden,05158016,Commerzbank vormals Dresdner Bank,28300
30080000,Kaarst,05162016,Commerzbank vormals Dresdner Bank,28300
30080000,Langenfeld (Rheinland),05158020,Commerzbank vormals Dresdner Bank,28300
30080000,Meerbusch,05162022,Commerzbank vormals Dresdner Bank Fil Büderich,28300
30080000,Mettmann,05158024,Commerzbank vormals Dresdner Bank,28300
30080000,Neuss,05162024,Commerzbank vormals Dresdner Bank,28300
30080000,Ratingen,05158028,Commerzbank vormals Dresdner Bank,28300
30080005,Düsseldorf,05111000,Commerzbank vormals Dresdner Bank Zw 05,
30080022,Düsseldorf,05111000,Commerzbank vormals Dresdner Bank Ztv 22,
30080038,Düsseldorf,05111000,Commerzbank vormals Dresdner Bank Zw 38,
30080041,Düsseldorf,05111000,Commerzbank vormals Dresdner Bank Zw 41,
30080053,Düsseldorf,05111000,Commerzbank vormals Dresdner Bank Zw 53,
30080055,Düsseldorf,05111000,Commerzbank vormals Dresdner Bank Zw 55,28301
30080057,Düsseldorf,05111000,Commerzbank vormals Dresdner Bank Gf ZW 57,28302
30080061,Düsseldorf,05111000,Commerzbank vormals Dresdner Bank Zw 61,
30080074,Düsseldorf,05111000,Commerzbank vormals Dresdner Bank Zw 74,
30080080,Düsseldorf,05111000,"Commerzbank vormals Dresdner Bank, PCC DCC-ITGK 3",
30080081,Düsseldorf,05111000,"Commerzbank vormals Dresdner Bank, PCC DCC-ITGK 4",
30080082,Düsseldorf,05111000,"Commerzbank vormals Dresdner Bank, PCC DCC-ITGK 5",
30080083,Düsseldorf,05111000,"Commerzbank vormals Dresdner Bank, PCC DCC-ITGK 6",
30080084,Düsseldorf,05111000,"Commerzbank vormals Dresdner Bank, PCC DCC-ITGK 7",
30080085,Düsseldorf,05111000,"Commerzbank vormals Dresdner Bank, PCC DCC-ITGK 8",
30080086,Düsseldorf,05111000,"Commerzbank vormals Dresdner Bank, PCC DCC-ITGK 9",
30080087,Düsseldorf,05111000,"Commerzbank vormals Dresdner Bank, PCC DCC-ITGK 10",
30080088,Düsseldorf,05111000,"Commerzbank vormals Dresdner Bank, PCC DCC-ITGK 11",
30080089,Düsseldorf,05111000,"Commerzbank vormals Dresdner Bank, PCC DCC-ITGK 12",
30080095,Düsseldorf,05111000,Commerzbank vormals Dresdner Bank Zw 95,
30089300,Düsseldorf,05111000,Commerzbank vormals Dresdner Bank ITGK I,
30089302,Düsseldorf,05111000,Commerzbank vormals Dresdner Bank ITGK II,
30110300,Düsseldorf,05111000,Sumitomo Mitsui Banking Corporation,29810
30130100,Düsseldorf,05111000,"DHB Bank, Niederlassung Deutschland",
30130200,Düsseldorf,05111000,GarantiBank International,
30130600,Düsseldorf,05111000,Isbank Fil Düsseldorf,29901
30150001,Düsseldorf,05111000,Helaba Düsseldorf Gf Verrechnung FI-Dus,
30150200,Düsseldorf,05111000,Kreissparkasse Düsseldorf,53301
30150200,Erkrath,05158004,Kreissparkasse Düsseldorf,53301
30150200,Heiligenhaus,05158012,Kreissparkasse Düsseldorf,53301
30150200,Mettmann,05158024,Kreissparkasse Düsseldorf,53301
30150200,Wülfrath,05158036,Kreissparkasse Düsseldorf,53301
30160213,Düsseldorf,05111000,Volksbank Düsseldorf Neuss,63027
30160213,Düsseldorf,05111000,Volksbank Düsseldorf Neuss (Gf P2),73027
30160213,Ratingen,05158028,Volksbank Düsseldorf Neuss Zw Ratingen,63027
30160266,Düsseldorf,05111000,Volksbank Düsseldorf Neuss (Gf GAA),
30220190,Düsseldorf,05111000,UniCredit Bank - HypoVereinsbank,22024
30330800,Frankfurt am Main,06412000,flatexDEGIRO Bank,
30351220,Haan,05158008,Stadt-Sparkasse Haan,53041
30520000,Neuss,05162024,RCI Banque Niederlassung Deutschland,
30520037,Neuss,05162024,RCI Banque Direkt,
30524400,Düsseldorf,05111000,KBC Bank Ndl Deutschland,
30530000,Neuss,05162024,Bankhaus Werhahn,99085
30530000,Neuss,05162024,Bankhaus Werhahn (Gf P2),26925
30530500,Neuss,05162024,"Bank11 für Privatkunden und Handel, Neuss",99072
30550000,Neuss,05162024,Sparkasse Neuss,53302
30551240,Kaarst,05162016,Stadtsparkasse Kaarst-Büttgen -alt-,53051
30560090,Neuss,05162024,Volksbank Neuss -alt-,63008
30560548,Monheim am Rhein,05158026,VR Bank,63052
30560548,Grevenbroich,05162008,VR Bank Zw Neurath,63052
30560548,Monheim am Rhein,05158026,VR Bank (Gf P2),73052
30560548,Neuss,05162024,VR Bank Zw,63052
30560548,Rommerskirchen,05162028,VR Bank Zw,63052
30560591,Monheim am Rhein,05158026,VR Bank (Gf GAA),
31010833,Mönchengladbach,05116000,Santander Consumer Bank,29106
31010833,Mönchengladbach,05116000,Santander Consumer Bank Gf P2,29400
31010833,Mönchengladbach,05116000,Santander Consumer Bank Gf P3,29402
31040015,Mönchengladbach,05116000,Commerzbank,24310
31040015,Erkelenz,05370004,Commerzbank,24310
31040015,Nettetal,05166016,Commerzbank Fil Nettetal-Lobberich,24310
31040015,Niederkrüchten,05166020,Commerzbank,24310
31040015,Viersen,05166032,Commerzbank,24310
31040015,Wegberg,05370040,Commerzbank,24310
31040060,Mönchengladbach,05116000,Commerzbank CC,
31040061,Mönchengladbach,05116000,Commerzbank CC,
31050000,Mönchengladbach,05116000,Stadtsparkasse Mönchengladbach,53418
31060181,Mönchengladbach,05116000,Gladbacher Bank von 1922,63016
31060181,Mönchengladbach,05116000,Gladbacher Bank von 1922 (Gf P2),73016
31060517,Mönchengladbach,05116000,Volksbank Mönchengladbach,63050
31060517,Jüchen,05162012,Volksbank Mönchengladbach,63050
31060517,Mönchengladbach,05116000,Volksbank Mönchengladbach (Gf P2),73050
31062154,Brüggen,05166004,Volksbank Brüggen-Nettetal,63249
31062154,Brüggen,05166004,Volksbank Brüggen-Nettetal (Gf P2),73249
31062154,Nettetal,05166016,Volksbank Brüggen-Nettetal Zw,63249
31062553,Niederkrüchten,05166020,Volksbank Schwalmtal,63100
31062553,Niederkrüchten,05166020,Volksbank Schwalmtal (Gf P2),73100
31070001,Mönchengladbach,05116000,Deutsche Bank,27303
31070001,Erkelenz,05370004,Deutsche Bank,27303
31070001,Korschenbroich,05162020,Deutsche Bank,27303
31070001,Wegberg,05370040,Deutsche Bank,27303
31070024,Mönchengladbach,05116000,Deutsche Bank,21303
31070024,Erkelenz,05370004,Deutsche Bank,21303
31070024,Korschenbroich,05162020,Deutsche Bank,21303
31070024,Wegberg,05370040,Deutsche Bank,21303
31070206,Mönchengladbach,05116000,Postbank/DSL Ndl der Deutsche Bank,27206
31070224,Mönchengladbach,05116000,Postbank/DSL Ndl der Deutsche Bank,21206
31080015,Mönchengladbach,05116000,Commerzbank vormals Dresdner Bank,28310
31080015,Erkelenz,05370004,Commerzbank vormals Dresdner Bank,28310
31080015,Grevenbroich,05162008,Commerzbank vormals Dresdner Bank,28310
31080015,Nettetal,05166016,Commerzbank vormals Dresdner Bank,28310
31080015,Niederkrüchten,05166020,Commerzbank vormals Dresdner Bank,28310
31080015,Viersen,05166032,Commerzbank vormals Dresdner Bank,28310
31080061,Mönchengladbach,05116000,Commerzbank vormals Dresdner Bank Zw 61,
31251220,Erkelenz,05370004,Kreissparkasse Heinsberg in Erkelenz,53308
31251220,Gangelt,05370008,Kreissparkasse Heinsberg in Erkelenz,53308
31251220,Geilenkirchen,05370012,Kreissparkasse Heinsberg in Erkelenz,53308
31251220,Heinsberg,05370016,Kreissparkasse Heinsberg in Erkelenz,53308
31251220,Hückelhoven,05370020,Kreissparkasse Heinsberg in Erkelenz,53308
31251220,Selfkant,05370024,Kreissparkasse Heinsberg in Erkelenz,53308
31251220,Waldfeucht,05370032,Kreissparkasse Heinsberg in Erkelenz,53308
31251220,Wassenberg,05370036,Kreissparkasse Heinsberg in Erkelenz,53308
31251220,Wegberg,05370040,Kreissparkasse Heinsberg in Erkelenz,53308
31251220,Übach-Palenberg,05370028,Kreissparkasse Heinsberg in Erkelenz,53308
31261282,Erkelenz,05370004,Volksbank Erkelenz -alt-,63070
31261282,Erkelenz,05370004,Volksbank Erkelenz (Gf P2),73070
31261282,Hückelhoven,05370020,Volksbank Erkelenz,63070
31261282,Linnich,05358036,Volksbank Erkelenz,63070
31261282,Niederkrüchten,05166020,Volksbank Erkelenz,63070
31261282,Wassenberg,05370036,Volksbank Erkelenz,63070
31261282,Wegberg,05370040,Volksbank Erkelenz,63070
31263359,Erkelenz,05370004,Raiffeisenbank Erkelenz -alt-,63104
31263359,Erkelenz,05370004,Raiffeisenbank Erkelenz (Gf P2),73104
31263359,Hückelhoven,05370020,Raiffeisenbank Erkelenz,63104
31263359,Jüchen,05162012,Raiffeisenbank Erkelenz,63104
31263359,Jülich,05358024,Raiffeisenbank Erkelenz,63104
31263359,Linnich,05358036,Raiffeisenbank Erkelenz,63104
31263359,Mönchengladbach,05116000,Raiffeisenbank Erkelenz,63104
31263359,Titz,05358056,Raiffeisenbank Erkelenz,63104
31460290,Viersen,05166032,Volksbank Viersen,63033
31460290,Schwalmtal,,Volksbank Viersen,63033
31460290,Viersen,05166032,Volksbank Viersen (Gf P2),73033
31470004,Viersen,05166032,Deutsche Bank,27307
31470004,Grefrath,05166008,Deutsche Bank,27307
31470004,Nettetal,05166016,Deutsche Bank,27307
31470024,Viersen,05166032,Deutsche Bank,21307
31470024,Grefrath,05166008,Deutsche Bank,21307
31470024,Nettetal,05166016,Deutsche Bank,21307
32040024,Krefeld,05114000,Commerzbank,24320
32040024,Geldern,05154012,Commerzbank,24320
32040024,Kamp-Lintfort,05170020,Commerzbank,24320
32040024,Kempen,05166012,Commerzbank,24320
32040024,Meerbusch,05162022,Commerzbank Fil Osterath,24320
32050000,Krefeld,05114000,Sparkasse Krefeld,53413
32051996,Straelen,05154052,Sparkasse der Stadt Straelen -alt-,53078
32060362,Krefeld,05114000,Volksbank Krefeld,63038
32060362,Kempen,05166012,Volksbank Krefeld,63038
32060362,Krefeld,05114000,Volksbank Krefeld (Gf P2),73038
32060362,Meerbusch,05162022,Volksbank Krefeld,63038
32060362,Tönisvorst,05166028,Volksbank Krefeld,63038
32061384,Kevelaer,05154032,Volksbank an der Niers,63077
32061384,Geldern,05154012,Volksbank an der Niers,63077
32061384,Goch,05154016,Volksbank an der Niers,63077
32061384,Issum,05154020,Volksbank an der Niers,63077
32061384,Kerken,05154028,Volksbank an der Niers,63077
32061384,Kevelaer,05154032,Volksbank an der Niers (Gf P2),73077
32061384,Rheurdt,05154048,Volksbank an der Niers,63077
32061384,Straelen,05154052,Volksbank an der Niers,63077
32061384,Uedem,05154056,Volksbank an der Niers,63077
32061384,Wachtendonk,05154060,Volksbank an der Niers,63077
32061384,Weeze,05154064,Volksbank an der Niers,63077
32061414,Kempen,05166012,Volksbank Kempen-Grefrath,63080
32061414,Grefrath,05166008,Volksbank Kempen-Grefrath Zw,63080
32061414,Kempen,05166012,Volksbank Kempen-Grefrath (Gf P2),73080
32070024,Krefeld,05114000,Deutsche Bank,21310
32070024,Geldern,05154012,Deutsche Bank,21310
32070024,Kempen,05166012,Deutsche Bank,21310
32070024,Kevelaer,05154032,Deutsche Bank,21310
32070024,Rheinberg,05170032,Deutsche Bank,21310
32070024,Tönisvorst,05166028,Deutsche Bank,21310
32070024,Willich,05166036,Deutsche Bank,21310
32070024,Xanten,05170052,Deutsche Bank,21310
32070080,Krefeld,05114000,Deutsche Bank,27310
32070080,Geldern,05154012,Deutsche Bank,27310
32070080,Kempen,05166012,Deutsche Bank,27310
32070080,Kevelaer,05154032,Deutsche Bank,27310
32070080,Rheinberg,05170032,Deutsche Bank,27310
32070080,Tönisvorst,05166028,Deutsche Bank,27310
32070080,Willich,05166036,Deutsche Bank,27310
32070080,Xanten,05170052,Deutsche Bank,27310
32080010,Krefeld,05114000,Commerzbank vormals Dresdner Bank,28320
32080010,Emmerich am Rhein,05154008,Commerzbank vormals Dresdner Bank,28320
32080010,Geldern,05154012,Commerzbank vormals Dresdner Bank,28320
32080010,Kamp-Lintfort,05170020,Commerzbank vormals Dresdner Bank,28320
32080010,Kleve,,Commerzbank vormals Dresdner Bank,28320
32250050,Kleve,,Verbandssparkasse Goch -alt-,53073
32440023,Kleve,,Commerzbank,24342
32440023,Emmerich am Rhein,05154008,Commerzbank,24342
32440023,Goch,05154016,Commerzbank,24342
32440023,Rees,05154044,Commerzbank,24342
32450000,Kleve,,Sparkasse Rhein-Maas,53075
32460422,Kleve,,Volksbank Kleverland,63043
32460422,Bedburg-Hau,05154004,Volksbank Kleverland Zw,63043
32460422,Kalkar,05154024,Volksbank Kleverland Hzw,63043
32460422,Kleve,,Volksbank Kleverland (Gf P2),73043
32460422,Kranenburg,,Volksbank Kleverland Zw,63043
32460422,Xanten,05170052,Volksbank Kleverland Zw,63043
32470024,Kleve,,Deutsche Bank,21311
32470024,Emmerich am Rhein,05154008,Deutsche Bank,21311
32470024,Goch,05154016,Deutsche Bank,21311
32470077,Kleve,,Deutsche Bank,27311
32470077,Emmerich am Rhein,05154008,Deutsche Bank,27311
32470077,Goch,05154016,Deutsche Bank,27311
33020000,Wuppertal,05124000,akf bank,
33020190,Wuppertal,05124000,UniCredit Bank - HypoVereinsbank,22125
33030000,Wuppertal,05124000,GEFA BANK,99067
33040001,Wuppertal,05124000,Commerzbank,24330
33040001,Ennepetal,05954008,Commerzbank,24330
33040001,Gevelsberg,05954012,Commerzbank,24330
33040001,Schwelm,05954024,Commerzbank,24330
33040001,Sprockhövel,05954028,Commerzbank,24330
33040001,Velbert,05158032,Commerzbank Langenberg,24330
33040310,Wuppertal,05124000,Commerzbank Zw 117,24332
33040310,Velbert,05158032,Commerzbank Zw 117,24332
33050000,Wuppertal,05124000,Stadtsparkasse Wuppertal,53424
33060098,Wuppertal,05124000,Credit- und Volksbank Wuppertal -alt-,63014
33060098,Wuppertal,05124000,Credit- und Volksbank Wuppertal (Gf P2),73014
33060592,Wuppertal,05124000,Sparda-Bank West,63056
33060592,Arnsberg,05958004,Sparda-Bank West,63056
33060592,Hagen,,Sparda-Bank West,63056
33060592,Leverkusen,05316000,Sparda-Bank West,63056
33060592,Remscheid,05120000,Sparda-Bank West,63056
33060592,Siegen,05970040,Sparda-Bank West,63056
33060592,Solingen,05122000,Sparda-Bank West,63056
33070024,Wuppertal,05124000,Deutsche Bank,21470
33070024,Ennepetal,05954008,Deutsche Bank,21470
33070024,Heiligenhaus,05158012,Deutsche Bank,21470
33070024,Mettmann,05158024,Deutsche Bank,21470
33070024,Schwelm,05954024,Deutsche Bank,21470
33070024,Velbert,05158032,Deutsche Bank,21470
33070024,Wülfrath,05158036,Deutsche Bank,21470
33070090,Wuppertal,05124000,Deutsche Bank,27470
33070090,Ennepetal,05954008,Deutsche Bank,27470
33070090,Heiligenhaus,05158012,Deutsche Bank,27470
33070090,Mettmann,05158024,Deutsche Bank,27470
33070090,Schwelm,05954024,Deutsche Bank,27470
33070090,Velbert,05158032,Deutsche Bank,27470
33070090,Wülfrath,05158036,Deutsche Bank,27470
33080001,Wuppertal,05124000,"Commerzbank vormals Dresdner Bank, PCC DCC-ITGK 1",
33080030,Wuppertal,05124000,Commerzbank vormals Dresdner Bank,28330
33080030,Heiligenhaus,05158012,Commerzbank vormals Dresdner Bank,28330
33080030,Schwelm,05954024,Commerzbank vormals Dresdner Bank,28330
33080030,Velbert,05158032,Commerzbank vormals Dresdner Bank,28330
33080085,Wuppertal,05124000,"Commerzbank vormals Dresdner Bank, PCC DCC-ITGK 2",
33080086,Wuppertal,05124000,"Commerzbank vormals Dresdner Bank, PCC DCC-ITGK 3",
33080087,Wuppertal,05124000,"Commerzbank vormals Dresdner Bank, PCC DCC-ITGK 4",
33080088,Wuppertal,05124000,"Commerzbank vormals Dresdner Bank, PCC DCC-ITGK 5",
33440035,Velbert,05158032,Commerzbank,24363
33440035,Heiligenhaus,05158012,Commerzbank,24363
33450000,Velbert,05158032,Sparkasse Hilden-Ratingen-Velbert,53035
33450000,Hilden,05158016,Sparkasse Hilden-Ratingen-Velbert,53035
33450000,Ratingen,05158028,Sparkasse Hilden-Ratingen-Velbert,53035
33451220,Heiligenhaus,05158012,Sparkasse Heiligenhaus -alt-,53031
34040049,Remscheid,05120000,Commerzbank,24331
34040049,Radevormwald,05374036,Commerzbank,24331
34040049,Wermelskirchen,05378032,Commerzbank,24331
34040049,Wipperfürth,05374052,Commerzbank,24331
34050000,Remscheid,05120000,Stadtsparkasse Remscheid,53404
34051350,Radevormwald,05374036,Sparkasse Radevormwald-Hückeswagen -alt-,53086
34051570,Wermelskirchen,05378032,Stadtsparkasse Wermelskirchen,53088
34060094,Remscheid,05120000,Volksbank im Bergischen Land,63010
34060094,Burscheid,05378008,Volksbank im Bergischen Land,63010
34060094,Haan,05158008,Volksbank im Bergischen Land,63010
34060094,Hilden,05158016,Volksbank im Bergischen Land,63010
34060094,Hückeswagen,05374016,Volksbank im Bergischen Land,63010
34060094,Mettmann,05158024,Volksbank im Bergischen Land,63010
34060094,Radevormwald,05374036,Volksbank im Bergischen Land,63010
34060094,Remscheid,05120000,Volksbank im Bergischen Land (Gf P2),73010
34060094,Schwelm,05954024,Volksbank im Bergischen Land,63010
34060094,Solingen,05122000,Volksbank im Bergischen Land,63010
34060094,Velbert,05158032,Volksbank im Bergischen Land,63010
34060094,Wermelskirchen,05378032,Volksbank im Bergischen Land,63010
34060094,Wuppertal,05124000,Volksbank im Bergischen Land,63010
34070024,Remscheid,05120000,Deutsche Bank,21489
34070024,Hückeswagen,05374016,Deutsche Bank,21489
34070024,Radevormwald,05374036,Deutsche Bank,21489
34070024,Wermelskirchen,05378032,Deutsche Bank,21489
34070024,Wipperfürth,05374052,Deutsche Bank,21489
34070093,Remscheid,05120000,Deutsche Bank,27489
34070093,Hückeswagen,05374016,Deutsche Bank,27489
34070093,Radevormwald,05374036,Deutsche Bank,27489
34070093,Wermelskirchen,05378032,Deutsche Bank,27489
34070093,Wipperfürth,05374052,Deutsche Bank,27489
34080031,Remscheid,05120000,Commerzbank vormals Dresdner Bank,28340
34240050,Solingen,05122000,Commerzbank,24333
34240050,Langenfeld (Rheinland),05158020,Commerzbank,24333
34250000,Solingen,05122000,Stadt-Sparkasse Solingen,53423
34270024,Solingen,05122000,Deutsche Bank,21493
34270024,Haan,05158008,Deutsche Bank,21493
34270094,Solingen,05122000,Deutsche Bank,27493
34270094,Haan,05158008,Deutsche Bank,27493
34280032,Solingen,05122000,Commerzbank vormals Dresdner Bank,28342
34280032,Haan,05158008,Commerzbank vormals Dresdner Bank,28342
35040038,Duisburg,05112000,Commerzbank,24350
35040038,Moers,05170024,Commerzbank,24350
35040085,Duisburg,05112000,"Commerzbank, Gf Web-K",
35050000,Duisburg,05112000,Sparkasse Duisburg,53350
35060190,Dortmund,05913000,Bank für Kirche und Diakonie - KD-Bank,63020
35060190,Berlin,11000000,Bank für Kirche und Diakonie - KD-Bank,63020
35060190,Dortmund,05913000,Bank für Kirche und Diakonie - KD-Bank (Gf P2),73020
35060190,Dresden,14612000,LKG Sachsen Zndl der Bank für Kirche u. Diakonie - KD-Bank,63020
35060190,Duisburg,05112000,Bank für Kirche und Diakonie - KD-Bank,63020
35060190,Magdeburg,15003000,Bank für Kirche und Diakonie - KD-Bank,63020
35060199,Dortmund,05913000,Bank für Kirche und Diakonie - KD-Bank (Gf GAA RB),
35060386,Duisburg,05112000,Volksbank Rhein-Ruhr,63039
35060386,Duisburg,05112000,Volksbank Rhein-Ruhr (Gf P2),73039
35060386,Mülheim an der Ruhr,05117000,Volksbank Rhein-Ruhr,63039
35060386,Oberhausen,,Volksbank Rhein-Ruhr,63039
35060386,Ratingen,05158028,Volksbank Rhein-Ruhr,63039
35070024,Duisburg,05112000,Deutsche Bank,21360
35070024,Dinslaken,05170008,Deutsche Bank,21360
35070024,Kamp-Lintfort,05170020,Deutsche Bank,21360
35070024,Moers,05170024,Deutsche Bank,21360
35070024,Voerde (Niederrhein),05170044,Deutsche Bank,21360
35070024,Wesel,05170048,Deutsche Bank,21360
35070030,Duisburg,05112000,Deutsche Bank,27360
35070030,Dinslaken,05170008,Deutsche Bank,27360
35070030,Kamp-Lintfort,05170020,Deutsche Bank,27360
35070030,Moers,05170024,Deutsche Bank,27360
35070030,Voerde (Niederrhein),05170044,Deutsche Bank,27360
35070030,Wesel,05170048,Deutsche Bank,27360
35080070,Duisburg,05112000,Commerzbank vormals Dresdner Bank,28350
35080070,Dinslaken,05170008,Commerzbank vormals Dresdner Bank,28350
35080070,Moers,05170024,Commerzbank vormals Dresdner Bank,28350
35080070,Wesel,05170048,Commerzbank vormals Dresdner Bank,28350
35080085,Duisburg,05112000,"Commerzbank vormals Dresdner Bank, PCC DCC-ITGK 1",
35080086,Duisburg,05112000,"Commerzbank vormals Dresdner Bank, PCC DCC-ITGK 2",
35080087,Duisburg,05112000,"Commerzbank vormals Dresdner Bank, PCC DCC-ITGK 3",
35080088,Duisburg,05112000,"Commerzbank vormals Dresdner Bank, PCC DCC-ITGK 4",
35080089,Duisburg,05112000,"Commerzbank vormals Dresdner Bank, PCC DCC-ITGK 5",
35090300,Duisburg,05112000,Bank für Schiffahrt (BFS) Fil d Ostfr VB Leer,
35251000,Dinslaken,05170008,Sparkasse Dinslaken-Voerde-Hünxe -alt-,53021
35261248,Dinslaken,05170008,Volksbank Dinslaken,63069
35261248,Dinslaken,05170008,Volksbank Dinslaken (Gf P2),73069
35450000,Moers,05170024,Sparkasse am Niederrhein,53103
35450000,Alpen,05170004,Sparkasse am Niederrhein,53103
35450000,Sonsbeck,05170040,Sparkasse am Niederrhein,53103
35450000,Xanten,05170052,Sparkasse am Niederrhein,53103
35451460,Neukirchen-Vluyn,05170028,Sparkasse Neukirchen-Vluyn -alt-,53014
35451775,Rheinberg,05170032,Sparkasse Rheinberg -alt-,53028
35461106,Alpen,05170004,Volksbank Niederrhein,63244
35461106,Alpen,05170004,Volksbank Niederrhein (Gf P2),73244
35461106,Duisburg,05112000,Volksbank Niederrhein Zw,63244
35461106,Kamp-Lintfort,05170020,Volksbank Niederrhein Zw,63244
35461106,Krefeld,05114000,Volksbank Niederrhein Zw,63244
35461106,Moers,05170024,Volksbank Niederrhein Zw,63244
35461106,Neukirchen-Vluyn,05170028,Volksbank Niederrhein Zw,63244
35461106,Rheinberg,05170032,Volksbank Niederrhein Zw,63244
35461106,Sonsbeck,05170040,Volksbank Niederrhein Zw,63244
35461106,Wesel,05170048,Volksbank Niederrhein Zw,63244
35461106,Xanten,05170052,Volksbank Niederrhein Zw,63244
35640064,Wesel,05170048,Commerzbank,24340
35640064,Dinslaken,05170008,Commerzbank,24340
35640064,Duisburg,05112000,Commerzbank Fil Du-Walsum,24340
35640064,Voerde (Niederrhein),05170044,Commerzbank,24340
35640064,Xanten,05170052,Commerzbank,24340
35650000,Wesel,05170048,Niederrheinische Sparkasse RheinLippe,53024
35660501,Wesel,05170048,Volksbank Rhein-Lippe (GAA),
35660599,Wesel,05170048,Volksbank Rhein-Lippe,63057
35660599,Wesel,05170048,Volksbank Rhein-Lippe (Gf P2),73057
35850000,Emmerich am Rhein,05154008,Stadtsparkasse Emmerich-Rees -alt-,53022
35860245,Emmerich am Rhein,05154008,Volksbank Emmerich-Rees,63030
35860245,Emmerich am Rhein,05154008,Volksbank Emmerich-Rees (Gf P2),73030
35860245,Rees,05154044,Volksbank Emmerich-Rees,63030
36000000,Essen,05113000,Bundesbank eh Essen,20360
36010043,Essen,05113000,Postbank Ndl der Deutsche Bank,10043
36010424,Essen,05113000,Aareal Bank,26913
36020030,Essen,05113000,National-Bank Essen,99092
36020030,Essen,05113000,National-Bank Essen (Gf P3),89092
36020030,Essen,05113000,National-Bank Essen (Gf P2),25317
36020186,Essen,05113000,UniCredit Bank - HypoVereinsbank,22123
36033300,Essen,05113000,Santander Consumer Bank,29413
36040039,Essen,05113000,Commerzbank,24360
36040039,Bottrop,05512000,Commerzbank,24360
36040039,Dorsten,05562012,Commerzbank,24360
36040039,Gladbeck,05562014,Commerzbank,24360
36040039,Haltern am See,05562016,Commerzbank,24360
36040039,Herten,05562020,Commerzbank,24360
36040039,Marl,,Commerzbank Fil Marl-Hüls,24360
36040060,Essen,05113000,Commerzbank CC,
36040061,Essen,05113000,Commerzbank CC,
36040085,Essen,05113000,"Commerzbank, Gf Web-K",
36050105,Essen,05113000,Sparkasse Essen,53402
36060192,Essen,05113000,Pax-Bank,63022
36060295,Essen,05113000,Bank im Bistum Essen,63034
36060295,Essen,05113000,Bank im Bistum Essen (Gf P2),73034
36060488,Essen,05113000,GENO BANK ESSEN,63048
36060488,Essen,05113000,GENO BANK ESSEN (Gf P2),73048
36060488,Hattingen,05954016,GENO BANK ESSEN Zw. Niederwenigern,63048
36060591,Düsseldorf,05111000,Sparda-Bank West,63055
36060591,Bochum,05911000,Sparda-Bank West,63055
36060591,Dortmund,05913000,Sparda-Bank West,63055
36060591,Duisburg,05112000,Sparda-Bank West,63055
36060591,Düsseldorf,05111000,Sparda-Bank West,63055
36060591,Essen,05113000,Sparda-Bank West,63055
36060591,Gelsenkirchen,05513000,Sparda-Bank West,63055
36060591,Hamm,,Sparda-Bank West,63055
36060591,Herne,05916000,Sparda-Bank West,63055
36060591,Mülheim an der Ruhr,05117000,Sparda-Bank West,63055
36060591,Oberhausen,,Sparda-Bank West,63055
36060591,Soest,05974040,Sparda-Bank West,63055
36070024,Essen,05113000,Deutsche Bank,21380
36070050,Essen,05113000,Deutsche Bank,27380
36070208,Essen,05113000,Postbank/DSL Ndl der Deutsche Bank,27208
36070224,Essen,05113000,Postbank/DSL Ndl der Deutsche Bank,21208
36080080,Essen,05113000,Commerzbank vormals Dresdner Bank,28360
36080080,Bottrop,05512000,Commerzbank vormals Dresdner Bank,28360
36080080,Gladbeck,05562014,Commerzbank vormals Dresdner Bank,28360
36080080,Herne,05916000,Commerzbank vormals Dresdner Bank,28360
36080085,Essen,05113000,"Commerzbank vormals Dresdner Bank, PCC DCC-ITGK 2",
36089321,Essen,05113000,Commerzbank vormals Dresdner Bank ITGK,
36240045,Mülheim an der Ruhr,05117000,Commerzbank,24362
36250000,Mülheim an der Ruhr,05117000,Sparkasse Mülheim an der Ruhr,53362
36270024,Mülheim an der Ruhr,05117000,Deutsche Bank,21388
36270048,Mülheim an der Ruhr,05117000,Deutsche Bank,27388
36280071,Mülheim an der Ruhr,05117000,Commerzbank vormals Dresdner Bank,28362
36540046,Oberhausen,,Commerzbank,24352
36550000,Oberhausen,,Stadtsparkasse Oberhausen,53421
36570024,Oberhausen,,Deutsche Bank,21389
36570049,Oberhausen,,Deutsche Bank,27389
36580072,Oberhausen,,Commerzbank vormals Dresdner Bank,28365
37000000,Köln,05315000,Bundesbank,20370
37010050,Köln,05315000,Postbank Ndl der Deutsche Bank,10050
37010600,Frankfurt am Main,06412000,BNP Paribas Niederlassung Deutschland,26195
37010699,Frankfurt am Main,06412000,BNP Paribas Niederlassung Deutschland,
37011000,Köln,05315000,Postbank Ndl der Deutsche Bank,
37019000,Köln,05315000,bunq Niederlassung Deutschland,
37020090,Köln,05315000,UniCredit Bank - HypoVereinsbank,22046
37020200,Hof,,FNZ Bank,
37020400,Köln,05315000,TOYOTA Kreditbank,
37020500,Köln,05315000,SozialBank,99088
37020500,Köln,05315000,SozialBank (Gf P2),25011
37020600,Mönchengladbach,05116000,Santander Consumer Bank,29163
37021500,Köln,05315000,Ford Bank,
37021548,Köln,05315000,Ford Bank (GF EG),
37027000,Mönchengladbach,05116000,Santander Consumer Bank,
37030700,Köln,05315000,abcbank,
37030800,Köln,05315000,Isbank Fil Köln,29839
37040037,Köln,05315000,"Commerzbank, CC SP",
37040044,Köln,05315000,Commerzbank,24370
37040044,Bergheim,,Commerzbank,24370
37040044,Bergisch Gladbach,05378004,Commerzbank,24370
37040044,Brühl,,Commerzbank,24370
37040044,Dormagen,05162004,Commerzbank,24370
37040044,Erftstadt,05362020,Commerzbank,24370
37040044,Frechen,05362024,Commerzbank,24370
37040044,Kerpen,05362032,Commerzbank,24370
37040044,Leichlingen (Rheinland),,Commerzbank,24370
37040044,Leverkusen,05316000,Commerzbank Fil Opladen,24370
37040044,Overath,05378024,Commerzbank,24370
37040044,Pulheim,05362036,Commerzbank,24370
37040044,Rheinbach,05382048,Commerzbank,24370
37040044,Sankt Augustin,05382056,Commerzbank,24370
37040044,Troisdorf,05382068,Commerzbank,24370
37040044,Wesseling,05362040,Commerzbank,24370
37040044,Zülpich,05366044,Commerzbank,24370
37040048,Köln,05315000,Commerzbank GF-K48,24369
37040048,Hürth,05362028,Commerzbank,24369
37040060,Köln,05315000,Commerzbank CC,
37040061,Köln,05315000,Commerzbank CC,
37050198,Köln,05315000,Sparkasse KölnBonn,53390
37050299,Köln,05315000,Kreissparkasse Köln,53414
37060120,Köln,05315000,Pax-Bank Gf MHD,63001
37060193,Paderborn,05774032,Pax-Bank für Kirche und Caritas,63023
37060193,Köln,05315000,Pax-Bank (Gf P2),73023
37060194,Köln,05315000,Pax-Bank GF GAA,
37060590,Köln,05315000,Sparda-Bank West,63054
37060590,Aachen,05334002,Sparda-Bank West,63054
37060590,Bonn,05314000,Sparda-Bank West,63054
37060590,Düren,05358008,Sparda-Bank West,63054
37060590,Euskirchen,05366016,Sparda-Bank West,63054
37060590,Krefeld,05114000,Sparda-Bank West,63054
37060590,Köln,05315000,Sparda-Bank West (Gf P2),73054
37060590,Moers,05170024,Sparda-Bank West,63054
37060590,Mönchengladbach,05116000,Sparda-Bank West,63054
37060590,Neuss,05162024,Sparda-Bank West,63054
37060590,Siegburg,05382060,Sparda-Bank West,63054
37060590,Viersen,05166032,Sparda-Bank West,63054
37060993,Köln,05315000,PSD Bank West,63067
37060993,Köln,05315000,PSD Bank West (Gf P2),73067
37062124,Bergisch Gladbach,05378004,Bensberger Bank,63246
37062124,Bergisch Gladbach,05378004,Bensberger Bank (Gf P2),73246
37062365,Hürth,05362028,Volksbank Rhein-Erft-Köln,63243
37062365,Hürth,05362028,Volksbank Rhein-Erft-Köln (Gf P2),73243
37062600,Bergisch Gladbach,05378004,VR Bank Bergisch Gladbach-Leverkusen,63252
37062600,Bergisch Gladbach,05378004,VR Bank Bergisch Gladbach-Leverkusen (GF P2),73252
37062600,Overath,05378024,VR Bank Bergisch Gladbach-Leverkusen,63252
37062600,Rösrath,05378028,VR Bank Bergisch Gladbach-Leverkusen,63252
37063367,Hürth,05362028,Raiffeisenbank Fischenich-Kendenich -alt-,63251
37063367,Hürth,05362028,Raiffeisenbank Fischenich-Kendenich (Gf P2),73251
37069101,Bad Honnef,05382008,Spar- und Darlehnskasse Aegidienberg -alt-,63107
37069101,Bad Honnef,05382008,Spar- und Darlehnskasse Aegidienberg (Gf P2),73107
37069103,Aldenhoven,05358004,Raiffeisenbank Aldenhoven,63108
37069103,Aldenhoven,05358004,Raiffeisenbank Aldenhoven (Gf P2),73108
37069103,Linnich,05358036,Raiffeisenbank Aldenhoven Zw,63108
37069125,Wipperfürth,05374052,Volksbank Berg,63114
37069125,Bergisch Gladbach,05378004,Volksbank Berg,63114
37069125,Kürten,05378012,Volksbank Berg,63114
37069125,Odenthal,05378020,Volksbank Berg,63114
37069125,Wipperfürth,05374052,Volksbank Berg (Gf P2),73114
37069153,Hückelhoven,05370020,Spar- und Darlehnskasse Brachelen -alt-,63124
37069153,Hückelhoven,05370020,Spar- und Darlehnskasse Brachelen (Gf P2),73124
37069164,Meerbusch,05162022,Volksbank Meerbusch -alt-,63130
37069164,Meerbusch,05162022,Volksbank Meerbusch (Gf P2),73130
37069252,Elsdorf,,Volksbank Erft,63138
37069252,Bedburg,05362004,Volksbank Erft,63138
37069252,Bergheim,,Volksbank Erft,63138
37069252,Elsdorf,,Volksbank Erft (Gf P2),73138
37069252,Pulheim,05362036,Volksbank Erft,63138
37069302,Geilenkirchen,05370012,Raiffeisenbank -alt-,63142
37069302,Geilenkirchen,05370012,Raiffeisenbank (Gf P2),73142
37069302,Heinsberg,05370016,Raiffeisenbank Geilenkirchen Zw Uetterath,63142
37069302,Übach-Palenberg,05370028,Raiffeisenbank Geilenkirchen Zw,63142
37069303,Kall,05366024,Volksbank Gemünd-Kall -alt-,63143
37069303,Nettersheim,05366032,Volksbank Gemünd-Kall,63143
37069303,Schleiden,05366036,Volksbank Gemünd-Kall,63143
37069306,Grevenbroich,05162008,Raiffeisenbank Grevenbroich -alt-,63145
37069306,Grevenbroich,05162008,Raiffeisenbank Grevenbroich (Gf P2),73145
37069322,Erftstadt,05362020,Raiffeisenbank Gymnich,63150
37069322,Erftstadt,05362020,Raiffeisenbank Gymnich (Gf P2),73150
37069330,Waldfeucht,05370032,Volksbank Haaren -alt-,63151
37069330,Waldfeucht,05370032,Volksbank Haaren (Gf P2),73151
37069331,Kerpen,05362032,Raiffeisenbank von 1895 Zw Horrem -alt-,63152
37069331,Kerpen,05362032,Raiffeisenbank von 1895 Zw Horrem (Gf P2),73152
37069342,Heimbach,,Volksbank Heimbach,63154
37069342,Heimbach,,Volksbank Heimbach (Gf P2),73154
37069354,Gangelt,05370008,Raiffeisenbank Selfkant -alt-,63158
37069354,Selfkant,05370024,Raiffeisenbank Selfkant,63158
37069355,Alsdorf,,Spar- und Darlehnskasse Hoengen -alt-,63159
37069355,Alsdorf,,Spar- und Darlehnskasse Hoengen (Gf P2),73159
37069381,Geilenkirchen,05370012,VR-Bank Rur-Wurm -alt-,63164
37069381,Geilenkirchen,05370012,VR-Bank Rur-Wurm (Gf P2),73164
37069401,Köln,05315000,Raiffeisenbank Junkersdorf -alt-,63165
37069401,Köln,05315000,Raiffeisenbank Junkersdorf (Gf P2),73165
37069405,Kaarst,05162016,Raiffeisenbank Kaarst,63166
37069405,Kaarst,05162016,Raiffeisenbank Kaarst (Gf P2),73166
37069412,Heinsberg,05370016,Volksbank Heinsberg,63168
37069412,Gangelt,05370008,Volksbank Heinsberg,63168
37069412,Geilenkirchen,05370012,Volksbank Heinsberg,63168
37069412,Heinsberg,05370016,Volksbank Heinsberg (Gf P2),73168
37069412,Selfkant,05370024,Volksbank Heinsberg,63168
37069412,Waldfeucht,05370032,Volksbank Heinsberg,63168
37069412,Wassenberg,05370036,Volksbank Heinsberg,63168
37069412,Übach-Palenberg,05370028,Volksbank Heinsberg,63168
37069427,Köln,05315000,Volksbank Dünnwald-Holweide,63174
37069427,Köln,05315000,Volksbank Dünnwald-Holweide (Gf P2),73174
37069429,Köln,05315000,Volksbank Köln-Nord -alt-,63175
37069429,Köln,05315000,Volksbank Köln-Nord (Gf P2),73175
37069472,Erftstadt,05362020,Raiffeisenbk Erftstadt -alt-,63182
37069520,Siegburg,05382060,VR-Bank Bonn Rhein-Sieg,63189
37069520,Lohmar,05382028,VR-Bank Bonn Rhein-Sieg,63189
37069520,Neunkirchen-Seelscheid,05382040,VR-Bank Bonn Rhein-Sieg,63189
37069520,Niederkassel,05382044,VR-Bank Bonn Rhein-Sieg,63189
37069520,Sankt Augustin,05382056,VR-Bank Bonn Rhein-Sieg,63189
37069520,Siegburg,05382060,VR-Bank Bonn Rhein-Sieg (Gf P2),73189
37069520,Troisdorf,05382068,VR-Bank Bonn Rhein-Sieg,63189
37069521,Monheim am Rhein,05158026,Raiffeisenbank Rhein-Berg -alt-,63190
37069521,Burscheid,05378008,Raiffeisenbank Rhein-Berg,63190
37069521,Erkrath,05158004,Raiffeisenbank Rhein-Berg,63190
37069521,Langenfeld (Rheinland),05158020,Raiffeisenbank Rhein-Berg,63190
37069521,Leichlingen (Rheinland),,Raiffeisenbank Rhein-Berg,63190
37069521,Leverkusen,05316000,Raiffeisenbank Rhein-Berg,63190
37069521,Monheim am Rhein,05158026,Raiffeisenbank Rhein-Berg (Gf P2),73190
37069521,Wermelskirchen,05378032,Raiffeisenbank Rhein-Berg,63190
37069524,Much,05382036,Raiffeisenbank Much-Ruppichteroth -alt-,63192
37069524,Much,05382036,Raiffeisenbank Much-Ruppichteroth (Gf P2),73192
37069524,Ruppichteroth,05382052,Raiffeisenbank Much-Ruppichteroth,63192
37069627,Rheinbach,05382048,Raiffeisenbank Voreifel,63212
37069627,Bad Münstereifel,05366004,Raiffeisenbank Voreifel,63212
37069627,Euskirchen,05366016,Raiffeisenbank Voreifel,63212
37069627,Meckenheim,,Raiffeisenbank Voreifel,63212
37069627,Rheinbach,05382048,Raiffeisenbank Voreifel (Gf P2),73212
37069627,Swisttal,05382064,Raiffeisenbank Voreifel,63212
37069639,Windeck,05382076,Rosbacher Raiffeisenbank -alt-,63216
37069639,Windeck,05382076,Rosbacher Raiffeisenbank (Gf P2),73216
37069642,Simmerath,05334028,Raiffeisenbank Eifel,63218
37069642,Hürtgenwald,05358016,Raiffeisenbank Eifel,63218
37069642,Monschau,05334020,Raiffeisenbank Eifel,63218
37069642,Roetgen,05334024,Raiffeisenbank Eifel Gs Roetgen,63218
37069642,Simmerath,05334028,Raiffeisenbank Eifel (Gf P2),73218
37069707,Sankt Augustin,05382056,Raiffeisenbank Sankt Augustin -alt-,63222
37069707,Sankt Augustin,05382056,Raiffeisenbank Sankt Augustin (Gf P2),73222
37069720,Schleiden,05366036,VR-Bank Nordeifel,63227
37069720,Blankenheim,,VR-Bank Nordeifel,63227
37069720,Dahlem,,VR-Bank Nordeifel,63227
37069720,Hellenthal,05366020,VR-Bank Nordeifel,63227
37069720,Kall,05366024,VR-Bank Nordeifel,63227
37069720,Nettersheim,05366032,VR-Bank Nordeifel,63227
37069720,Schleiden,05366036,VR-Bank Nordeifel (Gf P2),73227
37069805,Wachtberg,05382072,Volksbank Wachtberg -alt-,63232
37069805,Wachtberg,05382072,Volksbank Wachtberg (Gf P2),73232
37069833,Wesseling,05362040,Raiffeisenbk Wesseling -alt-,63237
37069840,Wipperfürth,05374052,Volksbank Wipperfürth-Lindlar,63238
37069840,Wipperfürth,05374052,Volksbank Wipperfürth-Lindlar (Gf P2),73238
37069991,Brühl,,Brühler Bank,63248
37069991,Brühl,,Brühler Bank (Gf P2),73248
37070000,Köln,05315000,Deutsche Bank,27402
37070024,Köln,05315000,Deutsche Bank,21410
37070024,Bad Münstereifel,05366004,Deutsche Bank,21410
37070024,Bergheim,,Deutsche Bank,21410
37070024,Bergisch Gladbach,05378004,Deutsche Bank,21410
37070024,Brühl,,Deutsche Bank,21410
37070024,Dormagen,05162004,Deutsche Bank,21410
37070024,Eitorf,05382016,Deutsche Bank,21410
37070024,Euskirchen,05366016,Deutsche Bank,21410
37070024,Frechen,05362024,Deutsche Bank,21410
37070024,Grevenbroich,05162008,Deutsche Bank,21410
37070024,Hennef (Sieg),05382020,Deutsche Bank,21410
37070024,Hürth,05362028,Deutsche Bank,21410
37070024,Kerpen,05362032,Deutsche Bank,21410
37070024,Siegburg,05382060,Deutsche Bank,21410
37070024,Troisdorf,05382068,Deutsche Bank,21410
37070024,Wesseling,05362040,Deutsche Bank,21410
37070060,Köln,05315000,Deutsche Bank,27410
37070060,Bad Münstereifel,05366004,Deutsche Bank,27410
37070060,Bergheim,,Deutsche Bank,27410
37070060,Bergisch Gladbach,05378004,Deutsche Bank,27410
37070060,Brühl,,Deutsche Bank,27410
37070060,Dormagen,05162004,Deutsche Bank,27410
37070060,Eitorf,05382016,Deutsche Bank,27410
37070060,Euskirchen,05366016,Deutsche Bank,27410
37070060,Frechen,05362024,Deutsche Bank,27410
37070060,Grevenbroich,05162008,Deutsche Bank,27410
37070060,Hennef (Sieg),05382020,Deutsche Bank,27410
37070060,Hürth,05362028,Deutsche Bank,27410
37070060,Kerpen,05362032,Deutsche Bank,27410
37070060,Siegburg,05382060,Deutsche Bank,27410
37070060,Troisdorf,05382068,Deutsche Bank,27410
37070060,Wesseling,05362040,Deutsche Bank,27410
37070209,Köln,05315000,Postbank/DSL Ndl der Deutsche Bank,27209
37070224,Köln,05315000,Postbank/DSL Ndl der Deutsche Bank,21209
37080040,Köln,05315000,Commerzbank vormals Dresdner Bank,28370
37080040,Bad Honnef,05382008,Commerzbank vormals Dresdner Bank,28370
37080040,Bergisch Gladbach,05378004,Commerzbank vormals Dresdner Bank,28370
37080040,Bonn,05314000,Commerzbank vormals Dresdner Bank,28370
37080040,Brühl,,Commerzbank vormals Dresdner Bank,28370
37080040,Frechen,05362024,Commerzbank vormals Dresdner Bank,28370
37080040,Gummersbach,05374012,Commerzbank vormals Dresdner Bank,28370
37080040,Hürth,05362028,Commerzbank vormals Dresdner Bank,28370
37080040,Kerpen,05362032,Commerzbank vormals Dresdner Bank,28370
37080040,Leverkusen,05316000,Commerzbank vormals Dresdner Bank,28370
37080040,Overath,05378024,Commerzbank vormals Dresdner Bank,28370
37080040,Pulheim,05362036,Commerzbank vormals Dresdner Bank,28370
37080040,Rheinbach,05382048,Commerzbank vormals Dresdner Bank,28370
37080040,Sankt Augustin,05382056,Commerzbank vormals Dresdner Bank,28370
37080040,Siegburg,05382060,Commerzbank vormals Dresdner Bank,28370
37080040,Troisdorf,05382068,Commerzbank vormals Dresdner Bank,28370
37080085,Köln,05315000,Commerzbank vormals Dresdner Bank Gf PCC DCC-ITGK 1,
37080086,Köln,05315000,"Commerzbank vormals Dresdner Bank, PCC DCC-ITGK 4",
37080087,Köln,05315000,"Commerzbank vormals Dresdner Bank, PCC DCC-ITGK 5",
37080088,Köln,05315000,"Commerzbank vormals Dresdner Bank, PCC DCC-ITGK 6",
37080089,Köln,05315000,"Commerzbank vormals Dresdner Bank, PCC DCC-ITGK 7",
37080090,Köln,05315000,"Commerzbank vormals Dresdner Bank, PCC DCC-ITGK 8",
37080091,Köln,05315000,"Commerzbank vormals Dresdner Bank, PCC DCC-ITGK 9",
37080092,Köln,05315000,"Commerzbank vormals Dresdner Bank, PCC DCC-ITGK 10",
37080093,Köln,05315000,"Commerzbank vormals Dresdner Bank, PCC DCC-ITGK 11",
37080094,Köln,05315000,"Commerzbank vormals Dresdner Bank, PCC DCC-ITGK 12",
37080095,Köln,05315000,"Commerzbank vormals Dresdner Bank, PCC DCC-ITGK 13",
37080096,Köln,05315000,Commerzbank vormals Dresdner Bank Zw 96,
37080097,Köln,05315000,Commerzbank vormals Dresdner Bank Zw 97,
37080098,Köln,05315000,"Commerzbank vormals Dresdner Bank, PCC DCC-ITGK 14",
37080099,Köln,05315000,Commerzbank vormals Dresdner Bank Zw 99,
37089340,Köln,05315000,Commerzbank vormals Dresdner Bank ITGK I,
37089342,Köln,05315000,Commerzbank vormals Dresdner Bank ITGK II,
37160087,Köln,05315000,Kölner Bank -alt-,63006
37160087,Köln,05315000,Kölner Bank (Gf P2),73006
37161289,Brühl,,VR-Bank Rhein-Erft -alt-,63073
37161289,Brühl,,VR-Bank Rhein-Erft (Gf P2),73073
37540050,Leverkusen,05316000,Commerzbank,24372
37551020,Leichlingen (Rheinland),,Stadt-Sparkasse Leichlingen -alt-,53046
37551440,Leverkusen,05316000,Sparkasse Leverkusen,53147
37551780,Langenfeld (Rheinland),05158020,Stadt-Sparkasse Langenfeld,53048
37570024,Leverkusen,05316000,Deutsche Bank,21418
37570024,Burscheid,05378008,Deutsche Bank,21418
37570024,Leichlingen (Rheinland),,Deutsche Bank,21418
37570064,Leverkusen,05316000,Deutsche Bank,27418
37570064,Burscheid,05378008,Deutsche Bank,27418
37570064,Leichlingen (Rheinland),,Deutsche Bank,27418
38010053,Bonn,05314000,Postbank Ndl der Deutsche Bank,
38010700,Bonn,05314000,DSL Bank Ndl der Deutsche Bank,
38010900,Bonn,05314000,KfW Ndl Bonn,
38010999,Bonn,05314000,KfW Ausbildungsförderung Bonn,
38011000,Bonn,05314000,VÖB-ZVD Processing,11000
38011001,Bonn,05314000,VÖB-ZVD Processing,11001
38011002,Bonn,05314000,VÖB-ZVD Processing,11002
38011003,Bonn,05314000,VÖB-ZVD Processing,11003
38011004,Bonn,05314000,VÖB-ZVD Processing,11004
38011005,Bonn,05314000,VÖB-ZVD Processing,11005
38011006,Bonn,05314000,VÖB-ZVD Processing,11006
38011007,Bonn,05314000,VÖB-ZVD Processing,11007
38011008,Bonn,05314000,VÖB-ZVD Processing,11008
38020090,Bonn,05314000,UniCredit Bank - HypoVereinsbank,22017
38040007,Bonn,05314000,Commerzbank,24380
38040007,Bad Honnef,05382008,Commerzbank,24380
38040007,Bad Neuenahr-Ahrweiler,07131007,Commerzbank,24380
38040007,Euskirchen,05366016,Commerzbank,24380
38040007,Hennef (Sieg),05382020,Commerzbank,24380
38040007,Siegburg,05382060,Commerzbank,24380
38050000,Bonn,05314000,Sparkasse Bonn -alt-,53409
38051290,Bad Honnef,05382008,Stadtsparkasse Bad Honnef -alt-,53062
38060186,Bonn,05314000,Volksbank Köln Bonn,63019
38060186,Bonn,05314000,Volksbank Köln Bonn (Gf P2),73019
38070024,Bonn,05314000,Deutsche Bank,21414
38070024,Bad Honnef,05382008,Deutsche Bank,21414
38070024,Bad Neuenahr-Ahrweiler,07131007,Deutsche Bank,21414
38070024,Meckenheim,,Deutsche Bank,21414
38070024,Remagen,07131070,Deutsche Bank,21414
38070024,Rheinbach,05382048,Deutsche Bank,21414
38070059,Bonn,05314000,Deutsche Bank,27414
38070059,Bad Honnef,05382008,Deutsche Bank,27414
38070059,Bad Neuenahr-Ahrweiler,07131007,Deutsche Bank,27414
38070059,Meckenheim,,Deutsche Bank,27414
38070059,Remagen,07131070,Deutsche Bank,27414
38070059,Rheinbach,05382048,Deutsche Bank,27414
38070408,Bonn,05314000,Postbank/DSL Ndl der Deutsche Bank,27408
38070424,Bonn,05314000,Postbank/DSL Ndl der Deutsche Bank,21408
38070724,Bonn,05314000,Deutsche Bank,21950
38077724,Königswinter,05382024,Deutsche Bank,27950
38080055,Bonn,05314000,Commerzbank vormals Dresdner Bank,
38160220,Bonn,05314000,VR-Bank Bonn -alt-,63029
38160220,Bonn,05314000,VR-Bank Bonn (Gf P2),73029
38250110,Euskirchen,05366016,Kreissparkasse Euskirchen,53367
38260082,Euskirchen,05366016,Volksbank Euskirchen,63004
38260082,Bad Münstereifel,05366004,Volksbank Euskirchen,63004
38260082,Euskirchen,05366016,Volksbank Euskirchen (Gf P2),73004
38260082,Kreuzau,05358028,Volksbank Euskirchen,63004
38260082,Mechernich,05366028,Volksbank Euskirchen,63004
38260082,Nideggen,05358044,Volksbank Euskirchen,63004
38260082,Weilerswist,05366040,Volksbank Euskirchen,63004
38260082,Zülpich,05366044,Volksbank Euskirchen,63004
38440016,Gummersbach,05374012,Commerzbank,24371
38440016,Bergneustadt,05374004,Commerzbank,24371
38440016,Waldbröl,05374044,Commerzbank,24371
38440016,Wiehl,05374048,Commerzbank,24371
38450000,Gummersbach,05374012,Sparkasse Gummersbach,53082
38450000,Bergneustadt,05374004,Sparkasse Gummersbach,53082
38452490,Wiehl,05374048,Sparkasse der Homburgischen Gemeinden -alt-,53089
38452490,Nümbrecht,05374032,Sparkasse der Homburgischen Gemeinden,53089
38462135,Wiehl,05374048,Volksbank Oberberg,63240
38462135,Bergneustadt,05374004,Volksbank Oberberg,63240
38462135,Engelskirchen,05374008,Volksbank Oberberg,63240
38462135,Gummersbach,05374012,Volksbank Oberberg,63240
38462135,Hückeswagen,05374016,Raiffeisenbank Hückeswagen Zndl d VB Oberberg,63240
38462135,Morsbach,05374028,Raiffeisenbank Morsbach Zndl d VB Oberberg,63240
38462135,Nümbrecht,05374032,Raiffeisenbank Nümbrecht Zndl d VB Oberberg,63240
38462135,Radevormwald,05374036,Raiffeisenbank Radevormwald Zndl d VB Oberberg,63240
38462135,Reichshof,05374040,Volksbank Oberberg,63240
38462135,Remscheid,05120000,Volksbank Oberberg,63240
38462135,Waldbröl,05374044,Raiffeisenbank Waldbröl Zndl d VB Oberberg,63240
38462135,Wiehl,05374048,Volksbank Oberberg (Gf P2),73240
38470024,Gummersbach,05374012,Deutsche Bank,21476
38470024,Bergneustadt,05374004,Deutsche Bank,21476
38470024,Engelskirchen,05374008,Deutsche Bank,21476
38470024,Meinerzhagen,05962036,Deutsche Bank,21476
38470024,Waldbröl,05374044,Deutsche Bank,21476
38470091,Gummersbach,05374012,Deutsche Bank,27476
38470091,Bergneustadt,05374004,Deutsche Bank,27476
38470091,Engelskirchen,05374008,Deutsche Bank,27476
38470091,Meinerzhagen,05962036,Deutsche Bank,27476
38470091,Waldbröl,05374044,Deutsche Bank,27476
38621500,Sankt Augustin,05382056,Steyler Bank,92163
38621500,Sankt Augustin,05382056,Steyler Bank (Gf P2),82163
38650000,Siegburg,05382060,Kreissparkasse Siegburg -alt-,53403
38651390,Hennef (Sieg),05382020,Sparkasse Hennef -alt-,53061
39020000,Aachen,05334002,Aachener Bausparkasse,
39040013,Aachen,05334002,Commerzbank,24390
39040013,Alsdorf,,Commerzbank,24390
39040013,Eschweiler,05334012,Commerzbank,24390
39040013,Geilenkirchen,05370012,Commerzbank,24390
39040013,Heinsberg,05370016,Commerzbank,24390
39040013,Herzogenrath,05334016,Commerzbank,24390
39040013,Jülich,05358024,Commerzbank,24390
39040013,Simmerath,05334028,Commerzbank,24390
39040013,Stolberg (Rhld.),,Commerzbank,24390
39040013,Würselen,05334036,Commerzbank,24390
39050000,Aachen,05334002,Sparkasse Aachen,53408
39060180,Aachen,05334002,Aachener Bank,63015
39060180,Aachen,05334002,Aachener Bank (Gf P2),73015
39060180,Alsdorf,,Aachener Bank,63015
39060180,Baesweiler,05334008,Aachener Bank,63015
39060180,Inden,05358020,Aachener Bank,63015
39060180,Jülich,05358024,Aachener Bank,63015
39060180,Würselen,05334036,Aachener Bank,63015
39061981,Heinsberg,05370016,Heinsberger Volksbank -alt-,63093
39061981,Heinsberg,05370016,Heinsberger Volksbank (Gf P2),73093
39070020,Aachen,05334002,Deutsche Bank,27320
39070020,Aldenhoven,05358004,Deutsche Bank,27320
39070020,Alsdorf,,Deutsche Bank,27320
39070020,Eschweiler,05334012,Deutsche Bank,27320
39070020,Heinsberg,05370016,Deutsche Bank,27320
39070020,Herzogenrath,05334016,Deutsche Bank,27320
39070020,Hückelhoven,05370020,Deutsche Bank,27320
39070020,Jülich,05358024,Deutsche Bank,27320
39070020,Stolberg (Rhld.),,Deutsche Bank,27320
39070020,Würselen,05334036,Deutsche Bank,27320
39070020,Übach-Palenberg,05370028,Deutsche Bank,27320
39070024,Aachen,05334002,Deutsche Bank,21320
39070024,Aldenhoven,05358004,Deutsche Bank,21320
39070024,Alsdorf,,Deutsche Bank,21320
39070024,Eschweiler,05334012,Deutsche Bank,21320
39070024,Heinsberg,05370016,Deutsche Bank,21320
39070024,Herzogenrath,05334016,Deutsche Bank,21320
39070024,Hückelhoven,05370020,Deutsche Bank,21320
39070024,Jülich,05358024,Deutsche Bank,21320
39070024,Stolberg (Rhld.),,Deutsche Bank,21320
39070024,Würselen,05334036,Deutsche Bank,21320
39070024,Übach-Palenberg,05370028,Deutsche Bank,21320
39070210,Aachen,05334002,Postbank/DSL Ndl der Deutsche Bank,27210
39070224,Aachen,05334002,Postbank/DSL Ndl der Deutsche Bank,21210
39080005,Aachen,05334002,Commerzbank vormals Dresdner Bank,28390
39080005,Alsdorf,,Commerzbank vormals Dresdner Bank,28390
39080005,Geilenkirchen,05370012,Commerzbank vormals Dresdner Bank,28390
39080005,Heinsberg,05370016,Commerzbank vormals Dresdner Bank,28390
39080005,Herzogenrath,05334016,Commerzbank vormals Dresdner Bank Fil Kohlscheid,28390
39080005,Stolberg (Rhld.),,Commerzbank vormals Dresdner Bank,28390
39080098,Aachen,05334002,Commerzbank vormals Dresdner Bank Zw 98,
39080099,Aachen,05334002,Commerzbank vormals Dresdner Bank Zw 99,
39160191,Aachen,05334002,Pax-Bank,63021
39161490,Aachen,05334002,Volksbank Aachen Süd,63081
39162980,Würselen,05334036,VR-Bank,63103
39162980,Aachen,05334002,VR-Bank,63103
39162980,Alsdorf,,VR-Bank,63103
39162980,Baesweiler,05334008,VR-Bank,63103
39162980,Eschweiler,05334012,VR-Bank,63103
39162980,Herzogenrath,05334016,VR-Bank,63103
39162980,Langerwehe,05358032,VR-Bank,63103
39162980,Stolberg (Rhld.),,VR-Bank,63103
39162980,Würselen,05334036,VR-Bank (Gf P2),73103
39162980,Übach-Palenberg,05370028,VR-Bank,63103
39362254,Eschweiler,05334012,Raiffeisen-Bank Eschweiler,63094
39362254,Eschweiler,05334012,Raiffeisen-Bank Eschweiler (Gf P2),73094
39540052,Düren,05358008,Commerzbank,24391
39550110,Düren,05358008,Sparkasse Düren,53101
39550110,Aldenhoven,05358004,Sparkasse Düren,53101
39550110,Jülich,05358024,Sparkasse Düren,53101
39550110,Kreuzau,05358028,Sparkasse Düren,53101
39550110,Langerwehe,05358032,Sparkasse Düren,53101
39550110,Linnich,05358036,Sparkasse Düren,53101
39550110,Merzenich,05358040,Sparkasse Düren,53101
39550110,Nideggen,05358044,Sparkasse Düren,53101
39550110,Niederzier,05358048,Sparkasse Düren,53101
39560201,Düren,05358008,Volksbank Düren -alt-,63026
39560201,Düren,05358008,Volksbank Düren (Gf P2),73026
39560201,Langerwehe,05358032,Volksbank Düren Zw Schlich,63026
39560201,Merzenich,05358040,Volksbank Düren Zw,63026
39560201,Niederzier,05358048,Volksbank Düren Zw,63026
39560201,Vettweiß,05358060,Volksbank Düren Zw Kelz,63026
39570024,Düren,05358008,Deutsche Bank,21415
39570024,Kreuzau,05358028,Deutsche Bank,21415
39570061,Düren,05358008,Deutsche Bank,27415
39570061,Kreuzau,05358028,Deutsche Bank,27415
39580041,Düren,05358008,Commerzbank vormals Dresdner Bank,28395
39580041,Erftstadt,05362020,Commerzbank vormals Dresdner Bank,28395
39580041,Eschweiler,05334012,Commerzbank vormals Dresdner Bank,28395
39580041,Euskirchen,05366016,Commerzbank vormals Dresdner Bank,28395
39580041,Jülich,05358024,Commerzbank vormals Dresdner Bank,28395
39580041,Zülpich,05366044,Commerzbank vormals Dresdner Bank,28395
40022000,Münster,,NRW.BANK,
40030000,Münster,,"Münsterländische Bank Thie,Zndl. d.VR-Bank Westmünst.-alt-",26266
40030000,Münster,,"Münsterländische Bank Thie,Zndl. d.VR-Bank Westmü.(Gf P2)",99075
40040028,Münster,,Commerzbank,24400
40040028,Coesfeld,05558012,Commerzbank,24400
40040028,Dülmen,05558016,Commerzbank,24400
40040028,Emsdetten,05566008,Commerzbank,24400
40040028,Greven,,Commerzbank,24400
40040028,Gronau (Westf.),,Commerzbank,24400
40040028,Lüdinghausen,05558024,Commerzbank,24400
40040028,Warendorf,05570052,Commerzbank,24400
40050000,Münster,,Landesbank Hessen-Thüringen Girozentrale NL. Düsseldorf,54200
40050150,Münster,,Sparkasse Münsterland Ost,54001
40050150,Ahlen,05570004,Sparkasse Münsterland Ost,54001
40050150,Beckum,05570008,Sparkasse Münsterland Ost,54001
40050150,Beelen,05570012,Sparkasse Münsterland Ost,54001
40050150,Drensteinfurt,05570016,Sparkasse Münsterland Ost,54001
40050150,Ennigerloh,05570020,Sparkasse Münsterland Ost,54001
40050150,Everswinkel,05570024,Sparkasse Münsterland Ost,54001
40050150,Oelde,05570028,Sparkasse Münsterland Ost,54001
40050150,Ostbevern,05570032,Sparkasse Münsterland Ost,54001
40050150,Sassenberg,05570036,Sparkasse Münsterland Ost,54001
40050150,Telgte,05570044,Sparkasse Münsterland Ost,54001
40050150,Wadersloh,05570048,Sparkasse Münsterland Ost,54001
40050150,Warendorf,05570052,Sparkasse Münsterland Ost,54001
40055555,Münster,,LBS Landesbausparkasse Nord West,
40060000,Münster,,DZ BANK,64001
40060000,Münster,,DZ BANK (Gf P2),74001
40060265,Münster,,DKM Darlehnskasse Münster,64038
40060265,Münster,,DKM Darlehnskasse Münster (Gf P2),74038
40060560,Münster,,Sparda-Bank West,64045
40060560,Emden,03402000,Sparda-Bank West,64045
40060560,Haltern am See,05562016,Sparda-Bank West,64045
40060560,Ibbenbüren,05566028,Sparda-Bank West,64045
40060560,Lingen (Ems),03454032,Sparda-Bank West,64045
40060560,Oldenburg (Oldb),,Sparda-Bank West,64045
40060560,Osnabrück,03404000,Sparda-Bank West,64045
40060560,Rheine,05566076,Sparda-Bank West,64045
40060560,Wilhelmshaven,03405000,Sparda-Bank West,64045
40061238,Greven,,Volksbank Greven -alt-,64069
40061238,Greven,,Volksbank Greven (Gf P2),74069
40069226,Coesfeld,05558012,Volksbank Lette-Darup-Rorup,64244
40069226,Coesfeld,05558012,Volksbank Lette-Darup-Rorup (Gf P2),74244
40069226,Dülmen,05558016,Volksbank Lette-Darup-Rorup,64244
40069226,Nottuln,05558032,Volksbank Lette-Darup-Rorup,64244
40069266,Eslohe (Sauerland),,Volksbank im Hochsauerland,64249
40069266,Eslohe (Sauerland),,Volksbank im Hochsauerland (Gf P2),74249
40069283,Schlangen,05766064,Volksbank Schlangen,64254
40069283,Bad Lippspringe,05774008,Spar-u Darlehnsk B Lippspr Zndl d VB Schlangen,64254
40069283,Schlangen,05766064,Volksbank Schlangen (Gf P2),74254
40069348,Medebach,05958028,Volksbank Medebach -alt-,64259
40069348,Medebach,05958028,Volksbank Medebach (Gf P2),74259
40069362,Saerbeck,05566080,Volksbank -alt-,64263
40069362,Saerbeck,05566080,Volksbank (Gf P2),74263
40069363,Schermbeck,05170036,Volksbank Schermbeck,64264
40069363,Schermbeck,05170036,Volksbank Schermbeck (Gf P2),74264
40069371,Brilon,05958012,Volksbank Thülen -alt-,64265
40069371,Brilon,05958012,Volksbank Thülen (Gf P2),74265
40069408,Billerbeck,05558008,Volksbank Baumberge,64266
40069408,Billerbeck,05558008,Volksbank Baumberge (Gf P2),74266
40069408,Havixbeck,05558020,Volksbank Baumberge,64266
40069408,Rosendahl,05558040,Volksbank Baumberge,64266
40069477,Dorsten,05562012,Volksbank Wulfen -alt-,64277
40069546,Senden,,Volksbank Senden,64284
40069546,Senden,,Volksbank Senden (Gf P2),74284
40069600,Münster,,Volksbank Amelsbüren -alt-,64287
40069600,Münster,,Volksbank Amelsbüren (Gf P2),74287
40069601,Ascheberg,,Volksbank Ascheberg-Herbern,64288
40069601,Ascheberg,,Volksbank Ascheberg-Herbern (Gf P2),74288
40069606,Raesfeld,05554040,Volksbank Erle -alt-,64289
40069606,Raesfeld,05554040,Volksbank Erle (Gf P2),74289
40069622,Lüdinghausen,05558024,Volksbank Seppenrade -alt-,64290
40069622,Lüdinghausen,05558024,Volksbank Seppenrade (Gf P2),74290
40069709,Reken,05554044,Volksbank in der Hohen Mark,64294
40069709,Reken,05554044,Volksbank in der Hohen Mark (Gf P2),74294
40069716,Nordkirchen,05558028,Volksbank Südkirchen-Capelle-Nordkirchen,64296
40069716,Nordkirchen,05558028,Volksbank Südkirchen-Capelle-Nordkirchen (Gf P2),74296
40070024,Münster,,Deutsche Bank,21450
40070024,Coesfeld,05558012,Deutsche Bank,21450
40070024,Dülmen,05558016,Deutsche Bank,21450
40070024,Greven,,Deutsche Bank,21450
40070024,Steinfurt,05566084,Deutsche Bank,21450
40070024,Warendorf,05570052,Deutsche Bank,21450
40070080,Münster,,Deutsche Bank,27450
40070080,Coesfeld,05558012,Deutsche Bank,27450
40070080,Dülmen,05558016,Deutsche Bank,27450
40070080,Greven,,Deutsche Bank,27450
40070080,Steinfurt,05566084,Deutsche Bank,27450
40070080,Warendorf,05570052,Deutsche Bank,27450
40070211,Münster,,Postbank/DSL Ndl der Deutsche Bank,27211
40070224,Münster,,Postbank/DSL Ndl der Deutsche Bank,21211
40080040,Münster,,Commerzbank vormals Dresdner Bank,28400
40080040,Bocholt,05554008,Commerzbank vormals Dresdner Bank,28400
40080040,Emsdetten,05566008,Commerzbank vormals Dresdner Bank,28400
40080040,Gronau (Westf.),,Commerzbank vormals Dresdner Bank,28400
40080040,Rheine,05566076,Commerzbank vormals Dresdner Bank,28400
40080040,Warendorf,05570052,Commerzbank vormals Dresdner Bank,28400
40080085,Münster,,"Commerzbank vormals Dresdner Bank, PCC DCC-ITGK 1",
40090900,Münster,,VR Bank Westfalen-Lippe -alt-,94006
40090900,Münster,,VR Bank Westfalen-Lippe (Gf P2),84006
40150001,Düsseldorf,05111000,Helaba Düsseldorf Gf Verrechnung FI-Münster,
40153768,Emsdetten,05566008,Verbundsparkasse Emsdetten Ochtrup,54067
40153768,Ochtrup,05566068,Verbundsparkasse Emsdetten Ochtrup,54067
40154006,Gronau (Westf.),,Sparkasse Gronau -alt-,54007
40154476,Lengerich,,Stadtsparkasse Lengerich,54003
40154530,Ahaus,05554004,Sparkasse Westmünsterland,54014
40154530,Ascheberg,,Sparkasse Westmünsterland,54014
40154530,Billerbeck,05558008,Sparkasse Westmünsterland,54014
40154530,Bocholt,05554008,Sparkasse Westmünsterland,54014
40154530,Borken,05554012,Sparkasse Westmünsterland,54014
40154530,Coesfeld,05558012,Sparkasse Westmünsterland,54014
40154530,Dülmen,05558016,Sparkasse Westmünsterland,54014
40154530,Gescher,05554016,Sparkasse Westmünsterland,54014
40154530,Havixbeck,05558020,Sparkasse Westmünsterland,54014
40154530,Heek,05554024,Sparkasse Westmünsterland,54014
40154530,Heiden,05554028,Sparkasse Westmünsterland,54014
40154530,Isselburg,05554032,Sparkasse Westmünsterland,54014
40154530,Legden,05554036,Sparkasse Westmünsterland,54014
40154530,Lüdinghausen,05558024,Sparkasse Westmünsterland,54014
40154530,Nordkirchen,05558028,Sparkasse Westmünsterland,54014
40154530,Nottuln,05558032,Sparkasse Westmünsterland,54014
40154530,Olfen,05558036,Sparkasse Westmünsterland,54014
40154530,Raesfeld,05554040,Sparkasse Westmünsterland,54014
40154530,Reken,05554044,Sparkasse Westmünsterland,54014
40154530,Rhede,05554048,Sparkasse Westmünsterland,54014
40154530,Rosendahl,05558040,Sparkasse Westmünsterland,54014
40154530,Schöppingen,05554052,Sparkasse Westmünsterland,54014
40154530,Senden,,Sparkasse Westmünsterland,54014
40154530,Südlohn,05554060,Sparkasse Westmünsterland,54014
40154530,Velen,05554064,Sparkasse Westmünsterland,54014
40154530,Vreden,05554068,Sparkasse Westmünsterland,54014
40154702,Stadtlohn,05554056,Stadtsparkasse Stadtlohn -alt-,54016
40160050,Münster,,Vereinigte Volksbank Münster -alt-,64024
40160050,Münster,,Vereinigte Volksbank Münster (Gf P2),74024
40163720,Rheine,05566076,Volksbank Nordmünsterland -alt-,64211
40163720,Rheine,05566076,Volksbank Nordmünsterland (Gf P2),74211
40164024,Gronau (Westf.),,Volksbank Gronau-Ahaus,64213
40164024,Ahaus,05554004,Volksbank Ahaus Ndl. der VB Gronau-Ahaus,64213
40164024,Gronau (Westf.),,Volksbank Gronau-Ahaus (Gf P2),74213
40164024,Heek,05554024,Volksbank Heek Ndl. der VB Gronau-Ahaus,64213
40164024,Legden,05554036,Volksbank Legden Ndl. der VB Gronau-Ahaus,64213
40164024,Metelen,05566052,Volksbank Metelen Ndl. der VB Gronau-Ahaus,64213
40164024,Schöppingen,05554052,Volksbank Schöppingen Ndl. der VB Gronau-Ahaus,64213
40164024,Vreden,05554068,Volksbank Vreden Ndl der VB Gronau-Ahaus,64213
40164256,Laer,05566036,Volksbank Laer-Horstmar-Leer -alt-,64216
40164256,Laer,05566036,Volksbank Laer-Horstmar-Leer (Gf P2),74216
40164352,Nottuln,05558032,Volksbank Nottuln,64299
40164352,Nottuln,05558032,Volksbank Nottuln (Gf P2),74299
40164528,Lüdinghausen,05558024,Volksbank Südmünsterland-Mitte -alt-,64222
40164528,Lüdinghausen,05558024,Volksbank Südmünsterland-Mitte (Gf P2),74222
40164618,Ochtrup,05566068,Volksbank Ochtrup-Laer,64223
40164618,Ochtrup,05566068,Volksbank Ochtrup-Laer (Gf P2),74223
40164901,Gescher,05554016,Volksbank Gescher,64226
40164901,Gescher,05554016,Volksbank (Gf P2),74226
40165366,Selm,05978032,Volksbank Selm-Bork,64229
40165366,Lünen,05978024,Volksbank Altlünen Ndl d Volksbank Selm-Bork,64229
40165366,Selm,05978032,Volksbank Selm-Bork (Gf P2),74229
40166439,Lengerich,,Volksbank Lengerich/Lotte -alt-,64238
40166800,Dülmen,05558016,Volksbank Buldern -alt-,64240
40340030,Rheine,05566076,Commerzbank,24401
40340030,Ibbenbüren,05566028,Commerzbank,24401
40350005,Rheine,05566076,Stadtsparkasse Rheine,54004
40351060,Ibbenbüren,05566028,Kreissparkasse Steinfurt,54002
40351060,Altenberge,05566004,Kreissparkasse Steinfurt,54002
40351060,Greven,,Kreissparkasse Steinfurt,54002
40351060,Hopsten,05566020,Kreissparkasse Steinfurt,54002
40351060,Horstmar,05566024,Kreissparkasse Steinfurt,54002
40351060,Hörstel,05566016,Kreissparkasse Steinfurt,54002
40351060,Ladbergen,05566032,Kreissparkasse Steinfurt,54002
40351060,Laer,05566036,Kreissparkasse Steinfurt,54002
40351060,Lienen,05566044,Kreissparkasse Steinfurt,54002
40351060,Lotte,05566048,Kreissparkasse Steinfurt,54002
40351060,Metelen,05566052,Kreissparkasse Steinfurt,54002
40351060,Mettingen,05566056,Kreissparkasse Steinfurt,54002
40351060,Neuenkirchen,,Kreissparkasse Steinfurt,54002
40351060,Nordwalde,05566064,Kreissparkasse Steinfurt,54002
40351060,Recke,05566072,Kreissparkasse Steinfurt,54002
40351060,Saerbeck,05566080,Kreissparkasse Steinfurt,54002
40351060,Steinfurt,05566084,Kreissparkasse Steinfurt,54002
40351060,Tecklenburg,05566088,Kreissparkasse Steinfurt,54002
40351060,Westerkappeln,05566092,Kreissparkasse Steinfurt,54002
40351060,Wettringen,,Kreissparkasse Steinfurt,54002
40351220,Steinfurt,05566084,Sparkasse Steinfurt -alt-,54005
40361627,Westerkappeln,05566092,Volksbank Westerkappeln-Saerbeck -alt-,64119
40361627,Lotte,05566048,Volksbank Westerkappeln-Saerbeck,64119
40361627,Saerbeck,05566080,Volksbank Westerkappeln-Saerbeck,64119
40361627,Westerkappeln,05566092,Volksbank Westerkappeln-Saerbeck (Gf P2),74119
40361906,Münster,,Volksbank im Münsterland,64139
40361906,Ahlen,05570004,Volksbank im Münsterland,64139
40361906,Altenberge,05566004,Volksbank im Münsterland,64139
40361906,Beckum,05570008,Volksbank im Münsterland,64139
40361906,Drensteinfurt,05570016,Volksbank im Münsterland,64139
40361906,Emsdetten,05566008,Volksbank im Münsterland,64139
40361906,Ennigerloh,05570020,Volksbank im Münsterland,64139
40361906,Everswinkel,05570024,Volksbank im Münsterland,64139
40361906,Greven,,Volksbank im Münsterland,64139
40361906,Hopsten,05566020,Volksbank im Münsterland,64139
40361906,Hörstel,05566016,Volksbank im Münsterland,64139
40361906,Ibbenbüren,05566028,Volksbank im Münsterland,64139
40361906,Ladbergen,05566032,Volksbank im Münsterland,64139
40361906,Lengerich,,Volksbank im Münsterland,64139
40361906,Lotte,05566048,Volksbank im Münsterland,64139
40361906,Mettingen,05566056,Volksbank im Münsterland,64139
40361906,Münster,,Volksbank im Münsterland (Gf P2),74139
40361906,Neuenkirchen,,Volksbank im Münsterland,64139
40361906,Nordwalde,05566064,Volksbank im Münsterland,64139
40361906,Oelde,05570028,Volksbank im Münsterland,64139
40361906,Ostbevern,05570032,Volksbank im Münsterland,64139
40361906,Recke,05566072,Volksbank im Münsterland,64139
40361906,Rheine,05566076,Volksbank im Münsterland,64139
40361906,Sassenberg,05570036,Volksbank im Münsterland,64139
40361906,Sendenhorst,05570040,Volksbank im Münsterland,64139
40361906,Steinfurt,05566084,Volksbank im Münsterland,64139
40361906,Telgte,05570044,Volksbank im Münsterland,64139
40361906,Warendorf,05570052,Volksbank im Münsterland,64139
40363433,Hörstel,05566016,Volksbank Hörstel -alt-,64206
40370024,Rheine,05566076,Deutsche Bank,21452
40370024,Ahaus,05554004,Deutsche Bank,21452
40370024,Emsdetten,05566008,Deutsche Bank,21452
40370024,Gronau (Westf.),,Deutsche Bank,21452
40370024,Ibbenbüren,05566028,Deutsche Bank,21452
40370024,Stadtlohn,05554056,Deutsche Bank,21452
40370024,Vreden,05554068,Deutsche Bank,21452
40370079,Rheine,05566076,Deutsche Bank,27452
40370079,Ahaus,05554004,Deutsche Bank,27452
40370079,Emsdetten,05566008,Deutsche Bank,27452
40370079,Gronau (Westf.),,Deutsche Bank,27452
40370079,Ibbenbüren,05566028,Deutsche Bank,27452
40370079,Stadtlohn,05554056,Deutsche Bank,27452
40370079,Vreden,05554068,Deutsche Bank,27452
41040018,Hamm,,Commerzbank,24442
41040018,Ahlen,05570004,Commerzbank,24442
41041000,Hamm,,ZTB der Commerzbank,24447
41050095,Hamm,,Sparkasse Hamm,54064
41051605,Werne,05978040,Stadtsparkasse Werne -alt-,54015
41051845,Bergkamen,05978004,Sparkasse Bergkamen-Bönen,54056
41051845,Bönen,05978008,Sparkasse Bergkamen-Bönen,54056
41061011,Hamm,,Spar- und Darlehnskasse Bockum-Hövel,64053
41061011,Hamm,,Spar- und Darlehnskasse Bockum-Hövel (Gf P2),74053
41061903,Hamm,,BAG Bankaktiengesellschaft,
41062215,Bönen,05978008,Volksbank Bönen,64147
41062215,Bönen,05978008,Volksbank Bönen (Gf P2),74147
41070024,Hamm,,Deutsche Bank,21352
41070024,Ahlen,05570004,Deutsche Bank,21352
41070049,Hamm,,Deutsche Bank,27352
41070049,Ahlen,05570004,Deutsche Bank,27352
41240048,Beckum,05570008,Commerzbank,24448
41250035,Beckum,05570008,Sparkasse Beckum-Wadersloh -alt-,54121
41260006,Beckum,05570008,Volksbank Beckum -alt-,64006
41260006,Beckum,05570008,Volksbank Beckum (Gf P2),74006
41261324,Ennigerloh,05570020,Volksbank Enniger-Ostenfelde-Westkirchen,64079
41261324,Ennigerloh,05570020,Volksbank Enniger-Ostenfelde-Westkirchen (Gf P2),74079
41261419,Ennigerloh,05570020,Volksbank Oelde-Ennigerloh-Neubeckum -alt-,64088
41261419,Ennigerloh,05570020,Volksbank Oelde-Ennigerloh-Neubeckum (Gf P2),74088
41262501,Warendorf,05570052,Volksbank -alt-,64175
41262501,Warendorf,05570052,Volksbank (Gf P2),74175
41280043,Beckum,05570008,Commerzbank vormals Dresdner Bank,28412
41280043,Ahlen,05570004,Commerzbank vormals Dresdner Bank,28412
41280043,Lippstadt,05974028,Commerzbank vormals Dresdner Bank,28412
41440018,Soest,05974040,Commerzbank,24443
41450075,Lippstadt,05974028,Sparkasse Hellweg-Lippe,54022
41450075,Lippstadt,05974028,Sparkasse Hellweg-Lippe,54022
41451750,Werl,05974052,Sparkasse Werl -alt-,54020
41460116,Soest,05974040,Volksbank Hellweg,64027
41460116,Bad Sassendorf,05974008,Volksbank Hellweg,64027
41460116,Ense,05974012,Volksbank Hellweg,64027
41460116,Möhnesee,05974032,Volksbank Hellweg Zw Körbecke,64027
41460116,Soest,05974040,Volksbank Hellweg (Gf P2),74027
41460116,Warstein,05974044,Volksbank Hellweg Ndl Warstein,64027
41460116,Welver,05974048,Volksbank Hellweg,64027
41460116,Werl,05974052,Volksbank Hellweg Ndl Werl,64027
41462295,Wickede (Ruhr),05974056,Volksbank Wickede (Ruhr) -alt-,64156
41462295,Wickede (Ruhr),05974056,Volksbank Wickede (Ruhr) (Gf P2),74156
41650001,Lippstadt,05974028,Sparkasse Lippstadt -alt-,54083
41651770,Brilon,05958012,Sparkasse Hochsauerland -alt-,54033
41651815,Erwitte,05974016,Sparkasse Erwitte-Anröchte -alt-,54084
41651815,Anröchte,05974004,Sparkasse Erwitte-Anröchte,54084
41651965,Geseke,05974020,Sparkasse Geseke,54085
41660124,Lippstadt,05974028,VR Bank Westfalen-Lippe,64032
41660124,Beckum,05570008,VR Bank Westfalen-Lippe,64032
41660124,Erwitte,05974016,VR Bank Westfalen-Lippe,64032
41660124,Geseke,05974020,VR Bank Westfalen-Lippe,64032
41660124,Lippetal,05974024,VR Bank Westfalen-Lippe,64032
41660124,Lippstadt,05974028,VR Bank Westfalen-Lippe (Gf P2),74032
41660124,Oelde,05570028,VR Bank Westfalen-Lippe,64032
41660124,Wadersloh,05570048,VR Bank Westfalen-Lippe,64032
41661206,Anröchte,05974004,Volksbank Anröchte,64061
41661206,Anröchte,05974004,Volksbank Anröchte (Gf P2),74061
41661206,Erwitte,05974016,Volksbank Horn Ndl d VB Anröchte,64061
41661206,Rüthen,05974036,Volksbank Rüthen Ndl der Volksbank Anröchte,64061
41661504,Lippstadt,05974028,Volksbank Benninghausen -alt-,64098
41661504,Lippstadt,05974028,Volksbank Benninghausen (Gf P2),74098
41661719,Brilon,05958012,Volksbank Brilon -alt-,64125
41661719,Brilon,05958012,Volksbank Brilon (Gf P2),74125
41662465,Delbrück,05774020,Volksbank Störmede-Westenholz-Hörste,64172
41662465,Delbrück,05774020,Volksbank Störmede-Westenholz-Hörste (Gf P2),74172
41662557,Warstein,05974044,Volksbank Warstein-Belecke -alt-,64178
41663335,Lippstadt,05974028,Volksbank Hörste -alt-,64200
41663335,Lippstadt,05974028,Volksbank Hörste (Gf P2),74200
41670024,Lippstadt,05974028,Deutsche Bank,21336
41670024,Brilon,05958012,Deutsche Bank,21336
41670024,Soest,05974040,Deutsche Bank,21336
41670024,Werl,05974052,Deutsche Bank,21336
41670027,Lippstadt,05974028,Deutsche Bank,27336
41670028,Brilon,05958012,Deutsche Bank,27068
41670029,Soest,05974040,Deutsche Bank,27069
41670030,Werl,05974052,Deutsche Bank,27070
42030600,Gelsenkirchen,05513000,Isbank Fil Gelsenkirchen,29843
42040040,Gelsenkirchen,05513000,Commerzbank,24431
42040040,Herten,05562020,Commerzbank Fil. Herten-Westerholt,24431
42050001,Gelsenkirchen,05513000,Sparkasse Gelsenkirchen,54050
42070024,Gelsenkirchen,05513000,Deutsche Bank,21384
42070024,Bottrop,05512000,Deutsche Bank,21384
42070024,Datteln,05562008,Deutsche Bank,21384
42070024,Dorsten,05562012,Deutsche Bank,21384
42070024,Gladbeck,05562014,Deutsche Bank,21384
42070024,Herten,05562020,Deutsche Bank,21384
42070024,Marl,,Deutsche Bank,21384
42070024,Recklinghausen,05562032,Deutsche Bank,21384
42070062,Gelsenkirchen,05513000,Deutsche Bank,27384
42070062,Bottrop,05512000,Deutsche Bank,27384
42070062,Datteln,05562008,Deutsche Bank,27384
42070062,Dorsten,05562012,Deutsche Bank,27384
42070062,Gladbeck,05562014,Deutsche Bank,27384
42070062,Herten,05562020,Deutsche Bank,27384
42070062,Marl,,Deutsche Bank,27384
42070062,Recklinghausen,05562032,Deutsche Bank,27384
42080082,Gelsenkirchen,05513000,Commerzbank vormals Dresdner Bank,28420
42260001,Gelsenkirchen,05513000,Volksbank Ruhr Mitte,64002
42260001,Gelsenkirchen,05513000,Volksbank Ruhr Mitte (Gf P2),74002
42260001,Gladbeck,05562014,Volksbank Ruhr Mitte,64002
42260001,Herten,05562020,Volksbank Ruhr Mitte,64002
42260001,Marl,,Volksbank Ruhr Mitte,64002
42450040,Gladbeck,05562014,Stadtsparkasse Gladbeck,54025
42451220,Bottrop,05512000,Sparkasse Bottrop,54039
42461435,Dorsten,05562012,Vereinte Volksbank,64092
42461435,Dorsten,05562012,Vereinte Volksbank (Gf P2),74092
42640048,Recklinghausen,05562032,Commerzbank,24361
42650150,Recklinghausen,05562032,Sparkasse Vest Recklinghausen,54119
42650150,Castrop-Rauxel,05562004,Sparkasse Vest Recklinghausen,54119
42650150,Datteln,05562008,Sparkasse Vest Recklinghausen,54119
42650150,Dorsten,05562012,Sparkasse Vest Recklinghausen,54119
42650150,Herten,05562020,Sparkasse Vest Recklinghausen,54119
42650150,Marl,,Sparkasse Vest Recklinghausen,54119
42650150,Oer-Erkenschwick,05562028,Sparkasse Vest Recklinghausen,54119
42650150,Waltrop,05562036,Sparkasse Vest Recklinghausen,54119
42651315,Haltern am See,05562016,Stadtsparkasse Haltern am See -alt-,54013
42661008,Marl,,Volksbank Marl-Recklinghausen,64052
42661008,Marl,,Volksbank Marl-Recklinghausen (Gf P2),74052
42661008,Recklinghausen,05562032,Volksbank Marl-Recklinghausen Zw,64052
42661088,Marl,,Volksbank Marl-Recklinghausen (Gf GAA),
42661330,Haltern am See,05562016,Volksbank Haltern -alt-,64080
42661330,Haltern am See,05562016,Volksbank Haltern (Gf P2),74080
42661717,Waltrop,05562036,Volksbank Waltrop -alt-,64123
42661717,Waltrop,05562036,Volksbank Waltrop (Gf P2),74123
42662320,Dorsten,05562012,Volksbank Dorsten -alt-,64160
42662320,Dorsten,05562012,Volksbank Dorsten (Gf P2),74160
42680081,Recklinghausen,05562032,Commerzbank vormals Dresdner Bank,28426
42680081,Dorsten,05562012,Commerzbank vormals Dresdner Bank,28426
42840005,Bocholt,05554008,Commerzbank,24341
42840005,Borken,05554012,Commerzbank,24341
42840005,Rhede,05554048,Commerzbank,24341
42850035,Bocholt,05554008,Stadtsparkasse Bocholt,54093
42860003,Bocholt,05554008,Volksbank Bocholt,64004
42860003,Bocholt,05554008,Volksbank Bocholt (Gf P2),74004
42861239,Reken,05554044,Spar- und Darlehnskasse -alt-,64070
42861239,Reken,05554044,Spar- und Darlehnskasse (Gf P2),74070
42861387,Coesfeld,05558012,Volksbank Westmünsterland,64085
42861387,Coesfeld,05558012,Volksbank Westmünsterland (Gf P2),74085
42861515,Borken,05554012,Volksbank Gemen -alt-,64101
42861515,Borken,05554012,Volksbank Gemen (Gf P2),74101
42861608,Heiden,05554028,Volksbank Heiden,64113
42861608,Heiden,05554028,Volksbank Heiden (Gf P2),74113
42861814,Rhede,05554048,Volksbank Rhede,64132
42861814,Borken,05554012,Volksbank Rhede Hzw Rhedebrügge,64132
42861814,Rhede,05554048,Volksbank Rhede (Gf P2),74132
42862451,Raesfeld,05554040,Volksbank Raesfeld und Erle,64168
42862451,Raesfeld,05554040,Volksbank Raesfeld und Erle (Gf P2),74168
42870024,Bocholt,05554008,Deutsche Bank,21454
42870024,Borken,05554012,Deutsche Bank,21454
42870077,Bocholt,05554008,Deutsche Bank,27454
42870077,Borken,05554012,Deutsche Bank,27454
43000000,Bochum,05911000,Bundesbank eh Bochum,20430
43040036,Bochum,05911000,Commerzbank,24430
43040036,Hattingen,05954016,Commerzbank,24430
43040036,Herne,05916000,Commerzbank,24430
43050001,Bochum,05911000,Sparkasse Bochum,54021
43051040,Hattingen,05954016,Sparkasse Hattingen,54105
43060129,Bochum,05911000,Volksbank Bochum Witten,64035
43060129,Bochum,05911000,Volksbank Bochum Witten (Gf P2),74035
43060129,Herne,05916000,Volksbank Bochum Witten,64035
43060129,Sprockhövel,05954028,Volksbank Bochum Witten,64035
43060129,Wetter (Ruhr),05954032,Volksbank Bochum Witten,64035
43060129,Witten,05954036,Volksbank Bochum Witten,64035
43060967,Bochum,05911000,GLS Gemeinschaftsbank,64051
43060967,Bochum,05911000,GLS Gemeinschaftsbank (Gf P2),74051
43060967,Hamburg,02000000,GLS Gemeinschaftsbank,64051
43060967,Stuttgart,08111000,GLS Gemeinschaftsbank,64051
43060988,Bochum,05911000,GLS Gemeinschaftsbank (GAA),
43070024,Bochum,05911000,Deutsche Bank,21381
43070024,Hattingen,05954016,Deutsche Bank,21381
43070024,Herne,05916000,Deutsche Bank,21381
43070024,Sprockhövel,05954028,Deutsche Bank,21381
43070024,Witten,05954036,Deutsche Bank,21381
43070061,Bochum,05911000,Deutsche Bank,27381
43070061,Hattingen,05954016,Deutsche Bank,27381
43070061,Herne,05916000,Deutsche Bank,27381
43070061,Sprockhövel,05954028,Deutsche Bank,27381
43070061,Witten,05954036,Deutsche Bank,27381
43080083,Bochum,05911000,Commerzbank vormals Dresdner Bank,28430
43080083,Hattingen,05954016,Commerzbank vormals Dresdner Bank,28430
43250030,Herne,05916000,Herner Sparkasse,54091
44000000,Dortmund,05913000,Bundesbank eh Dortmund -alt-,20440
44010046,Dortmund,05913000,Postbank Ndl der Deutsche Bank,10046
44020090,Dortmund,05913000,UniCredit Bank - HypoVereinsbank,22124
44040037,Dortmund,05913000,Commerzbank,24440
44040037,Castrop-Rauxel,05562004,Commerzbank,24440
44040037,Kamen,05978020,Commerzbank,24440
44040037,Lünen,05978024,Commerzbank,24440
44040037,Schwerte,05978028,Commerzbank,24440
44040037,Sundern (Sauerland),,Commerzbank,24440
44040037,Wetter (Ruhr),05954032,Commerzbank,24440
44040060,Dortmund,05913000,Commerzbank CC,
44040061,Dortmund,05913000,Commerzbank CC,
44040085,Dortmund,05913000,"Commerzbank, Gf Web-K",
44050000,Dortmund,05913000,Landesbank Hessen-Thüringen Girozentrale NL. Düsseldorf,54201
44050199,Dortmund,05913000,Sparkasse Dortmund,54051
44060122,Dortmund,05913000,Volksbank Dortmund-Nordwest -alt-,64031
44060122,Dortmund,05913000,Volksbank Dortmund-Nordwest (Gf P2),74031
44064406,Dortmund,05913000,Bank für Kirche und Diakonie - KD-Bank Gf Sonder-BLZ,
44070024,Dortmund,05913000,Deutsche Bank,21350
44070024,Castrop-Rauxel,05562004,Deutsche Bank,21350
44070024,Lünen,05978024,Deutsche Bank,21350
44070024,Schwerte,05978028,Deutsche Bank,21350
44070024,Unna,05978036,Deutsche Bank,21350
44070024,Waltrop,05562036,Deutsche Bank,21350
44070024,Werne,05978040,Deutsche Bank,21350
44070050,Dortmund,05913000,Deutsche Bank,27350
44070050,Castrop-Rauxel,05562004,Deutsche Bank,27350
44070050,Lünen,05978024,Deutsche Bank,27350
44070050,Schwerte,05978028,Deutsche Bank,27350
44070050,Unna,05978036,Deutsche Bank,27350
44070050,Waltrop,05562036,Deutsche Bank,27350
44070050,Werne,05978040,Deutsche Bank,27350
44080050,Dortmund,05913000,Commerzbank vormals Dresdner Bank,28440
44080050,Arnsberg,05958004,Commerzbank vormals Dresdner Bank,28440
44080050,Castrop-Rauxel,05562004,Commerzbank vormals Dresdner Bank,28440
44080050,Hamm,,Commerzbank vormals Dresdner Bank,28440
44080050,Kamen,05978020,Commerzbank vormals Dresdner Bank,28440
44080050,Lünen,05978024,Commerzbank vormals Dresdner Bank,28440
44080050,Meschede,05958032,Commerzbank vormals Dresdner Bank,28440
44080050,Schwerte,05978028,Commerzbank vormals Dresdner Bank,28440
44080050,Soest,05974040,Commerzbank vormals Dresdner Bank,28440
44080050,Sundern (Sauerland),,Commerzbank vormals Dresdner Bank,28440
44080050,Unna,05978036,Commerzbank vormals Dresdner Bank,28440
44080050,Wetter (Ruhr),05954032,Commerzbank vormals Dresdner Bank,28440
44080050,Witten,05954036,Commerzbank vormals Dresdner Bank,28440
44080055,Dortmund,05913000,Commerzbank vormals Dresdner Bank Zw 55,28441
44080057,Dortmund,05913000,Commerzbank vormals Dresdner Bank Gf ZW 57,28442
44080085,Dortmund,05913000,"Commerzbank vormals Dresdner Bank, PCC DCC-ITGK 2",
44089320,Dortmund,05913000,Commerzbank vormals Dresdner Bank ITGK,
44090920,Dortmund,05913000,PSD Bank Dortmund -alt-,94007
44152370,Lünen,05978024,Sparkasse an der Lippe,54031
44152370,Selm,05978032,Sparkasse an der Lippe,54031
44152490,Schwerte,05978028,Stadtsparkasse Schwerte -alt-,54041
44160014,Dortmund,05913000,Dortmunder Volksbank,64009
44160014,Bergkamen,05978004,Volksbank Kamen-Werne Zndl d Dortmunder Volksbank,64009
44160014,Castrop-Rauxel,05562004,VB Castrop-Rauxel Zndl d Dortmunder Volksbank,64009
44160014,Datteln,05562008,Volksbank Datteln Zndl d Dortmunder Volksbank,64009
44160014,Dortmund,05913000,Dortmunder Volksbank (Gf P2),74009
44160014,Fröndenberg/Ruhr,05978012,Volksbank Unna Zndl d Dortmunder Volksbank,64009
44160014,Hamm,,Volksbank Hamm Zndl d Dortmunder Volksbank,64009
44160014,Holzwickede,05978016,Volksbank Unna Zndl d Dortmunder Volksbank,64009
44160014,Iserlohn,05962024,Volksbank Schwerte Zndl d Dortmunder Volksbank,64009
44160014,Kamen,05978020,Volksbank Unna Zndl d Dortmunder Volksbank,64009
44160014,Lünen,05978024,Volksbank Brambauer Zndl d Dortmunder Volksbank,64009
44160014,Menden (Sauerland),05962040,Volksbank Unna Zndl d Dortmunder Volksbank,64009
44160014,Oer-Erkenschwick,05562028,Volksbank Oer-Erkenschwick Zndl d Dortmunder Volksbank,64009
44160014,Schwerte,05978028,Volksbank Schwerte Zndl d Dortmunder Volksbank,64009
44160014,Unna,05978036,Volksbank Unna Zndl d Dortmunder Volksbank,64009
44160014,Waltrop,05562036,Volksbank Waltrop Zndl d Dortmunder Volksbank,64009
44160014,Werne,05978040,Volksbank Kamen-Werne Zndl d Dortmunder Volksbank,64009
44340037,Unna,05978036,Commerzbank,24444
44350060,Unna,05978036,Sparkasse UnnaKamen,54045
44350060,Holzwickede,05978016,Sparkasse UnnaKamen,54045
44351380,Kamen,05978020,Sparkasse Kamen -alt-,54019
44351740,Fröndenberg/Ruhr,05978012,Sparkasse Fröndenberg -alt-,54059
44361342,Kamen,05978020,Volksbank Kamen-Werne -alt-,64082
44361342,Kamen,05978020,Volksbank Kamen-Werne (Gf P2),74082
44540022,Iserlohn,05962024,Commerzbank,24446
44540022,Hemer,05962016,Commerzbank,24446
44540022,Menden (Sauerland),05962040,Commerzbank,24446
44550045,Iserlohn,05962024,Sparkasse der Stadt Iserlohn,54109
44551210,Hemer,05962016,Sparkasse Märkisches Sauerland Hemer-Menden,54065
44570004,Iserlohn,05962024,Deutsche Bank,27482
44570004,Altena,05962004,Deutsche Bank,27482
44570004,Hemer,05962016,Deutsche Bank,27482
44570004,Menden (Sauerland),05962040,Deutsche Bank,27482
44570004,Neuenrade,05962048,Deutsche Bank,27482
44570004,Plettenberg,05962052,Deutsche Bank,27482
44570004,Werdohl,05962060,Deutsche Bank,27482
44570024,Iserlohn,05962024,Deutsche Bank,21482
44570024,Altena,05962004,Deutsche Bank,21482
44570024,Hemer,05962016,Deutsche Bank,21482
44570024,Menden (Sauerland),05962040,Deutsche Bank,21482
44570024,Neuenrade,05962048,Deutsche Bank,21482
44570024,Plettenberg,05962052,Deutsche Bank,21482
44570024,Werdohl,05962060,Deutsche Bank,21482
44580070,Iserlohn,05962024,Commerzbank vormals Dresdner Bank,28445
44580070,Hemer,05962016,Commerzbank vormals Dresdner Bank,28445
44580070,Menden (Sauerland),05962040,Commerzbank vormals Dresdner Bank,28445
44580070,Plettenberg,05962052,Commerzbank vormals Dresdner Bank,28445
44580085,Iserlohn,05962024,"Commerzbank vormals Dresdner Bank, PCC DCC-ITGK 1",
44761312,Menden (Sauerland),05962040,Mendener Bank,64075
44761312,Menden (Sauerland),05962040,Mendener Bank (Gf P2),74075
44761534,Siegen,05970040,Volksbank in Südwestfalen,64107
44761534,Altena,05962004,Volksbank in Südwestfalen,64107
44761534,Balve,05962008,Volksbank in Südwestfalen,64107
44761534,Halver,05962012,Volksbank in Südwestfalen,64107
44761534,Hemer,05962016,Volksbank in Südwestfalen,64107
44761534,Herscheid,05962020,Volksbank in Südwestfalen,64107
44761534,Lüdenscheid,05962032,Volksbank in Südwestfalen,64107
44761534,Marienheide,05374024,Volksbank in Südwestfalen,64107
44761534,Meinerzhagen,05962036,Volksbank in Südwestfalen,64107
44761534,Neuenrade,05962048,Volksbank in Südwestfalen,64107
44761534,Plettenberg,05962052,Volksbank in Südwestfalen,64107
44761534,Schalksmühle,05962056,Volksbank in Südwestfalen,64107
44761534,Siegen,05970040,Volksbank in Südwestfalen (Gf P2),74107
44761534,Werdohl,05962060,Volksbank in Südwestfalen,64107
45000000,Hagen,,Bundesbank eh Hagen,20450
45040042,Hagen,,Commerzbank,24432
45040042,Herdecke,05954020,Commerzbank,24432
45050001,Hagen,,Sparkasse an Volme und Ruhr,54081
45051485,Herdecke,05954020,Stadtsparkasse Herdecke -alt-,54037
45060009,Hagen,,Märkische Bank,64008
45060009,Breckerfeld,05954004,Spar-u Darlehnskasse Zndl der Märkischen Bank,64008
45060009,Gevelsberg,05954012,Volksbank Gevelsberg Zndl der Märkischen Bank,64008
45060009,Hagen,,Märkische Bank (Gf P2),74008
45060009,Hemer,05962016,Volksbank Hemer Zndl der Märkischen Bank,64008
45060009,Herdecke,05954020,Volksbank Herdecke Zndl der Märkischen Bank,64008
45060009,Iserlohn,05962024,Volksbank Iserlohn Zndl der Märkischen Bank,64008
45060009,Menden (Sauerland),05962040,Volksbank Menden Zndl der Märkischen Bank,64008
45061524,Hagen,,Volksbank Hohenlimburg,64105
45061524,Hagen,,Volksbank Hohenlimburg (Gf P2),74105
45061524,Nachrodt-Wiblingwerde,05962044,Volksbank Hohenlimburg Zw,64105
45070002,Hagen,,Deutsche Bank,27478
45070002,Gevelsberg,05954012,Deutsche Bank,27478
45070002,Herdecke,05954020,Deutsche Bank,27478
45070002,Kierspe,05962028,Deutsche Bank,27478
45070002,Lüdenscheid,05962032,Deutsche Bank,27478
45070024,Hagen,,Deutsche Bank,21478
45070024,Gevelsberg,05954012,Deutsche Bank,21478
45070024,Herdecke,05954020,Deutsche Bank,21478
45070024,Kierspe,05962028,Deutsche Bank,21478
45070024,Lüdenscheid,05962032,Deutsche Bank,21478
45080060,Hagen,,Commerzbank vormals Dresdner Bank,28450
45080060,Ennepetal,05954008,Commerzbank vormals Dresdner Bank,28450
45080060,Gevelsberg,05954012,Commerzbank vormals Dresdner Bank,28450
45080060,Herdecke,05954020,Commerzbank vormals Dresdner Bank,28450
45080060,Lüdenscheid,05962032,Commerzbank vormals Dresdner Bank,28450
45240056,Witten,05954036,Commerzbank,24433
45250035,Witten,05954036,Sparkasse Witten,54087
45251480,Wetter (Ruhr),05954032,Stadtsparkasse Wetter -alt-,54040
45251515,Sprockhövel,05954028,Stadtsparkasse Sprockhövel -alt-,54026
45260041,Witten,05954036,Volksbank Witten -alt-,
45260475,Witten,05954036,Spar- u Kreditbank d Bundes Fr ev Gemeinden,64043
45260475,Witten,05954036,Spar- u Kreditbank d Bundes Fr ev Gemeinden (Gf P2),74043
45261547,Sprockhövel,05954028,Volksbank Sprockhövel,64108
45261547,Bochum,05911000,Volksbank Linden Zndl d VB Sprockhövel,64108
45261547,Hattingen,05954016,Volksbank Hattingen Ndl d VB Sprockhövel,64108
45261547,Sprockhövel,05954028,Volksbank Sprockhövel (Gf P2),74108
45261547,Velbert,05158032,Volksbank Langenberg Zndl d VB Sprockhövel,64108
45261547,Witten,05954036,Volksbank Sprockhövel,64108
45450050,Gevelsberg,05954012,Sparkasse an Ennepe und Ruhr,54035
45451060,Ennepetal,05954008,Sparkasse Ennepetal-Breckerfeld -alt-,54036
45451555,Schwelm,05954024,Sparkasse Schwelm-Sprockhövel,54117
45660029,Altena,05962004,Volksbank Altena -alt-,64014
45840026,Lüdenscheid,05962032,Commerzbank,24450
45840026,Altena,05962004,Commerzbank,24450
45840026,Halver,05962012,Commerzbank,24450
45840026,Neuenrade,05962048,Commerzbank,24450
45840026,Olsberg,05958036,Commerzbank,24450
45840026,Werdohl,05962060,Commerzbank,24450
45841031,Plettenberg,05962052,Commerzbank,24453
45850005,Lüdenscheid,05962032,Sparkasse Lüdenscheid -alt-,54116
45851020,Plettenberg,05962052,Vereinigte Sparkasse im Märkischen Kreis,54094
45851020,Altena,05962004,Vereinigte Sparkasse im Märkischen Kreis,54094
45851020,Balve,05962008,Vereinigte Sparkasse im Märkischen Kreis,54094
45851020,Nachrodt-Wiblingwerde,05962044,Vereinigte Sparkasse im Märkischen Kreis,54094
45851020,Neuenrade,05962048,Vereinigte Sparkasse im Märkischen Kreis,54094
45851020,Werdohl,05962060,Vereinigte Sparkasse im Märkischen Kreis,54094
45851665,Meinerzhagen,05962036,Sparkasse Kierspe-Meinerzhagen,54076
45851665,Kierspe,05962028,Sparkasse Kierspe-Meinerzhagen,54076
45860033,Lüdenscheid,05962032,Volksbank Lüdenscheid -alt-,64016
45860033,Lüdenscheid,05962032,Volksbank Lüdenscheid -alt- (Gf P2),74016
45861434,Kierspe,05962028,Volksbank Kierspe,64091
45861434,Kierspe,05962028,Volksbank Kierspe (Gf P2),74091
45861617,Meinerzhagen,05962036,Volksbank Meinerzhagen -alt-,64116
45861617,Meinerzhagen,05962036,Volksbank Meinerzhagen -alt- (Gf P2),74116
46040033,Siegen,05970040,Commerzbank,24460
46040033,Attendorn,05966004,Commerzbank,24460
46040033,Bad Marienberg (Westerwald),07143206,Commerzbank,24460
46040033,Betzdorf,07132006,Commerzbank,24460
46040033,Kreuztal,05970024,Commerzbank,24460
46040033,Lennestadt,05966020,Commerzbank,24460
46040033,Wissen,07132117,Commerzbank,24460
46050001,Siegen,05970040,Sparkasse Siegen,54092
46051240,Burbach,,Sparkasse Burbach-Neunkirchen,54068
46051240,Neunkirchen,,Sparkasse Burbach-Neunkirchen,54068
46051733,Freudenberg,,Stadtsparkasse Freudenberg -alt-,54082
46051875,Hilchenbach,05970020,Stadtsparkasse Hilchenbach -alt-,54096
46052855,Schmallenberg,05958040,Stadtsparkasse Schmallenberg -alt-,54098
46053480,Bad Berleburg,05970004,Sparkasse Wittgenstein,54008
46053480,Bad Laasphe,05970028,Sparkasse Wittgenstein,54008
46053480,Erndtebrück,05970012,Sparkasse Wittgenstein,54008
46060040,Siegen,05970040,Volksbank Siegerland -alt-,64021
46060040,Burbach,,Volksbank Siegerland,64021
46060040,Hilchenbach,05970020,Volksbank Siegerland,64021
46060040,Kreuztal,05970024,Volksbank Siegerland,64021
46060040,Mudersbach,07132072,Volksbank Siegerland,64021
46060040,Netphen,05970032,Volksbank Siegerland,64021
46060040,Neunkirchen,,Volksbank Siegerland,64021
46060040,Siegen,05970040,Volksbank Siegerland (Gf P2),74021
46060040,Wilnsdorf,05970044,Volksbank Siegerland,64021
46061724,Freudenberg,,VR-Bank Freudenberg-Niederfischbach,64127
46061724,Freudenberg,,VR-Bank Freudenberg-Niederfischbach (Gf P2),74127
46061724,Niederfischbach,07132076,VR-Bank Freudenberg-Niederfischbach,64127
46062817,Schmallenberg,05958040,Volksbank Sauerland,64187
46062817,Schmallenberg,05958040,Volksbank Sauerland (Gf P2),74187
46063405,Bad Berleburg,05970004,Volksbank Wittgenstein,64204
46063405,Bad Berleburg,05970004,Volksbank Wittgenstein (Gf P2),74204
46063405,Bad Laasphe,05970028,Volksbank Wittgenstein Zw,64204
46063405,Erndtebrück,05970012,Volksbank Wittgenstein Zw,64204
46070024,Siegen,05970040,Deutsche Bank,21460
46070024,Altenkirchen (Westerwald),07132501,Deutsche Bank,21460
46070024,Attendorn,05966004,Deutsche Bank,21460
46070024,Bad Berleburg,05970004,Deutsche Bank,21460
46070024,Bad Laasphe,05970028,Deutsche Bank,21460
46070024,Betzdorf,07132006,Deutsche Bank,21460
46070024,Biedenkopf,06534004,Deutsche Bank,21460
46070024,Dillenburg,06532006,Deutsche Bank,21460
46070024,Freudenberg,,Deutsche Bank,21460
46070024,Haiger,06532011,Deutsche Bank,21460
46070024,Herborn,,Deutsche Bank,21460
46070024,Kreuztal,05970024,Deutsche Bank,21460
46070024,Lennestadt,05966020,Deutsche Bank,21460
46070024,Neunkirchen,,Deutsche Bank,21460
46070024,Olpe,05966024,Deutsche Bank,21460
46070024,Schmallenberg,05958040,Deutsche Bank,21460
46070024,Wissen,07132117,Deutsche Bank,21460
46070090,Siegen,05970040,Deutsche Bank,27460
46070090,Altenkirchen (Westerwald),07132501,Deutsche Bank,27460
46070090,Attendorn,05966004,Deutsche Bank,27460
46070090,Bad Berleburg,05970004,Deutsche Bank,27460
46070090,Bad Laasphe,05970028,Deutsche Bank,27460
46070090,Betzdorf,07132006,Deutsche Bank,27460
46070090,Biedenkopf,06534004,Deutsche Bank,27460
46070090,Dillenburg,06532006,Deutsche Bank,27460
46070090,Freudenberg,,Deutsche Bank,27460
46070090,Haiger,06532011,Deutsche Bank,27460
46070090,Herborn,,Deutsche Bank,27460
46070090,Kreuztal,05970024,Deutsche Bank,27460
46070090,Lennestadt,05966020,Deutsche Bank,27460
46070090,Neunkirchen,,Deutsche Bank,27460
46070090,Olpe,05966024,Deutsche Bank,27460
46070090,Schmallenberg,05958040,Deutsche Bank,27460
46070090,Wissen,07132117,Deutsche Bank,27460
46080010,Siegen,05970040,Commerzbank vormals Dresdner Bank,28460
46080010,Bad Marienberg (Westerwald),07143206,Commerzbank vormals Dresdner Bank,28460
46080010,Betzdorf,07132006,Commerzbank vormals Dresdner Bank,28460
46080010,Olpe,05966024,Commerzbank vormals Dresdner Bank,28460
46240016,Olpe,05966024,Commerzbank,24461
46250049,Olpe,05966024,Sparkasse Olpe-Drolshagen-Wenden,54030
46250049,Drolshagen,05966008,Sparkasse Olpe-Drolshagen-Wenden,54030
46250049,Wenden,05966028,Sparkasse Olpe-Drolshagen-Wenden,54030
46251590,Finnentrop,05966012,Sparkasse Finnentrop -alt-,54032
46251630,Attendorn,05966004,Sparkasse Attendorn-Lennestadt-Kirchhundem,54077
46251630,Kirchhundem,05966016,Sparkasse Attendorn-Lennestadt-Kirchhundem,54077
46251630,Lennestadt,05966020,Sparkasse Attendorn-Lennestadt-Kirchhundem,54077
46260023,Olpe,05966024,Volksbank Olpe -alt-,64012
46260023,Olpe,05966024,Volksbank Olpe (Gf P2),74012
46261607,Lennestadt,05966020,Volksbank Grevenbrück -alt,64112
46261607,Lennestadt,05966020,Volksbank Grevenbrück (Gf P2),74112
46261822,Olpe,05966024,Volksbank Olpe-Wenden-Drolshagen,64135
46261822,Drolshagen,05966008,Volksbank Wenden-Drolshagen,64135
46261822,Olpe,05966024,Volksbank Olpe-Wenden-Drolshagen (Gf P2),74135
46261822,Wenden,05966028,Volksbank Olpe-Wenden-Drolshagen,64135
46262456,Lennestadt,05966020,Volksbank Bigge-Lenne -alt-,64169
46262456,Lennestadt,05966020,Volksbank Bigge-Lenne (Gf P2),74169
46441003,Meschede,05958032,Commerzbank,24452
46451012,Meschede,05958032,Sparkasse Mitten im Sauerland -alt-,54086
46451012,Sundern (Sauerland),,Sparkasse Mitten im Sauerland,54086
46451250,Bestwig,05958008,Sparkasse Bestwig -alt-,54088
46461126,Meschede,05958032,Volksbank Sauerland -alt-,64060
46461126,Meschede,05958032,Volksbank Sauerland (Gf P2),74060
46462271,Arnsberg,05958004,Spar- und Darlehnskasse Oeventrop -alt-,64152
46462271,Arnsberg,05958004,Spar- und Darlehnskasse Oeventrop (Gf P2),74152
46464453,Eslohe (Sauerland),,Volksbank Reiste-Eslohe -alt-,64220
46464453,Eslohe (Sauerland),,Volksbank Reiste-Eslohe (Gf P2),74220
46640018,Arnsberg,05958004,Commerzbank,24441
46650005,Meschede,05958032,Sparkasse Mitten im Sauerland,54034
46660022,Arnsberg,05958004,Volksbank Sauerland -alt-,64011
46660022,Arnsberg,05958004,Volksbank Sauerland (Gf P2),74011
46670007,Arnsberg,05958004,Deutsche Bank,27487
46670007,Meschede,05958032,Deutsche Bank,27487
46670007,Sundern (Sauerland),,Deutsche Bank,27487
46670024,Arnsberg,05958004,Deutsche Bank,21487
46670024,Meschede,05958032,Deutsche Bank,21487
46670024,Sundern (Sauerland),,Deutsche Bank,21487
46670204,Arnsberg,05958004,Postbank/DSL Ndl der Deutsche Bank,27204
46670224,Arnsberg,05958004,Postbank/DSL Ndl der Deutsche Bank,21204
47000000,Dortmund,05913000,Bundesbank Dortmund,
47240047,Paderborn,05774032,Commerzbank,24488
47240047,Bad Driburg,05762004,Commerzbank,24488
47240047,Lippstadt,05974028,Commerzbank,24488
47250101,Paderborn,05774032,Sparkasse Paderborn -alt-,54111
47251550,Brakel,05762016,Sparkasse Höxter -alt-,54044
47251740,Delbrück,05774020,Stadtsparkasse Delbrück -alt-,54112
47260121,Paderborn,05774032,VerbundVolksbank OWL,64030
47260121,Altenbeken,05774004,VerbundVolksbank OWL,64030
47260121,Bad Driburg,05762004,VerbundVolksbank OWL,64030
47260121,Bad Lippspringe,05774008,VerbundVolksbank OWL,64030
47260121,Beverungen,05762008,VerbundVolksbank OWL,64030
47260121,Borchen,05774012,VerbundVolksbank OWL,64030
47260121,Brakel,05762016,VerbundVolksbank OWL,64030
47260121,Büren,05774016,VerbundVolksbank OWL,64030
47260121,Delbrück,05774020,VerbundVolksbank OWL,64030
47260121,Detmold,05766020,VerbundVolksbank OWL,64030
47260121,Horn-Bad Meinberg,05766032,VerbundVolksbank OWL,64030
47260121,Hövelhof,05774024,VerbundVolksbank OWL,64030
47260121,Höxter,05762020,VerbundVolksbank OWL,64030
47260121,Lage,,VerbundVolksbank OWL,64030
47260121,Lauenförde,03255026,VerbundVolksbank OWL,64030
47260121,Lemgo,05766044,VerbundVolksbank OWL,64030
47260121,Lichtenau,,VerbundVolksbank OWL,64030
47260121,Minden,,VerbundVolksbank OWL,64030
47260121,Oerlinghausen,05766056,VerbundVolksbank OWL,64030
47260121,Paderborn,05774032,VerbundVolksbank OWL (Gf P2),74030
47260121,Porta Westfalica,05770032,VerbundVolksbank OWL,64030
47260121,Salzkotten,05774036,VerbundVolksbank OWL,64030
47260121,Steinheim,05762032,VerbundVolksbank OWL,64030
47260121,Warburg,05762036,VerbundVolksbank OWL,64030
47260121,Willebadessen,05762040,VerbundVolksbank OWL,64030
47260234,Paderborn,05774032,Volksbank Elsen-Wewer-Borchen,64037
47260234,Borchen,05774012,Volksbank Elsen-Wewer-Borchen,64037
47260234,Paderborn,05774032,Volksbank Elsen-Wewer-Borchen (Gf P2),74037
47260307,Paderborn,05774032,Bank für Kirche und Caritas -alt-,64040
47260307,Paderborn,05774032,Bank für Kirche und Caritas (Gf P2),74040
47261429,Bad Wünnenberg,05774040,Volksbank Haaren -alt-,64089
47261603,Salzkotten,05774036,Volksbank Brilon-Büren-Salzkotten -alt-,64110
47261603,Bad Wünnenberg,05774040,Volksbank Brilon-Büren-Salzkotten,64110
47261603,Brilon,05958012,Volksbank Brilon-Büren-Salzkotten,64110
47261603,Büren,05774016,Volksbank Brilon-Büren-Salzkotten,64110
47261603,Delbrück,05774020,Volksbank Brilon-Büren-Salzkotten,64110
47261603,Geseke,05974020,Volksbank Brilon-Büren-Salzkotten,64110
47261603,Olsberg,05958036,Volksbank Brilon-Büren-Salzkotten,64110
47261603,Rüthen,05974036,Volksbank Brilon-Büren-Salzkotten,64110
47261603,Salzkotten,05774036,Volksbank Brilon-Büren-Salzkotten (Gf P2),74110
47261603,Winterberg,05958048,Volksbank Brilon-Büren-Salzkotten,64110
47262626,Delbrück,05774020,Volksbank Westenholz -alt-,64182
47262626,Delbrück,05774020,Volksbank Westenholz (Gf P2),74182
47262703,Delbrück,05774020,Volksbank Delbrück-Hövelhof -alt-,64185
47262703,Delbrück,05774020,Volksbank Delbrück-Hövelhof (Gf P2),74185
47264367,Brakel,05762016,Vereinigte Volksbank,64218
47264367,Bad Driburg,05762004,Vereinigte Volksbank,64218
47264367,Borgentreich,05762012,Vereinigte Volksbank,64218
47264367,Brakel,05762016,Vereinigte Volksbank (Gf P2),74218
47264367,Marienmünster,05762024,Vereinigte Volksbank,64218
47264367,Nieheim,05762028,Vereinigte Volksbank,64218
47264367,Steinheim,05762032,Vereinigte Volksbank,64218
47264367,Warburg,05762036,Vereinigte Volksbank,64218
47264367,Willebadessen,05762040,Vereinigte Volksbank,64218
47265383,Büren,05774016,Volksbank Wewelsburg-Ahden -alt-,64231
47265383,Büren,05774016,Volksbank Wewelsburg-Ahden (Gf P2),74231
47267216,Borgentreich,05762012,Volksbank Borgentreich -alt-,64241
47270024,Paderborn,05774032,Deutsche Bank,21338
47270024,Bad Driburg,05762004,Deutsche Bank,21338
47270024,Bad Lippspringe,05774008,Deutsche Bank,21338
47270024,Geseke,05974020,Deutsche Bank,21338
47270024,Höxter,05762020,Deutsche Bank,21338
47270029,Paderborn,05774032,Deutsche Bank,27338
47270029,Bad Driburg,05762004,Deutsche Bank,27338
47270029,Bad Lippspringe,05774008,Deutsche Bank,27338
47270029,Geseke,05974020,Deutsche Bank,27338
47270029,Höxter,05762020,Deutsche Bank,27338
47460028,Warburg,05762036,Volksbank Warburger Land -alt-,64013
47460028,Borgentreich,05762012,Volksbank Warburger Land,64013
47460028,Warburg,05762036,Volksbank Warburger Land (Gf P2),74013
47460028,Willebadessen,05762040,Volksbank Warburger Land,64013
47640051,Detmold,05766020,Commerzbank,24482
47640051,Bad Pyrmont,03252003,Commerzbank,24482
47640051,Bad Salzuflen,05766008,Commerzbank,24482
47640051,Lemgo,05766044,Commerzbank,24482
47650130,Detmold,05766020,Sparkasse Paderborn-Detmold-Höxter,54110
47651225,Blomberg,,Stadtsparkasse Blomberg -alt-,54053
47670023,Detmold,05766020,Deutsche Bank,27333
47670023,Bad Salzuflen,05766008,Deutsche Bank,27333
47670023,Blomberg,,Deutsche Bank,27333
47670023,Horn-Bad Meinberg,05766032,Deutsche Bank,27333
47670023,Lage,,Deutsche Bank,27333
47670023,Lemgo,05766044,Deutsche Bank,27333
47670024,Detmold,05766020,Deutsche Bank,21333
47670024,Bad Salzuflen,05766008,Deutsche Bank,21333
47670024,Blomberg,,Deutsche Bank,21333
47670024,Horn-Bad Meinberg,05766032,Deutsche Bank,21333
47670024,Lage,,Deutsche Bank,21333
47670024,Lemgo,05766044,Deutsche Bank,21333
47670205,Detmold,05766020,Postbank/DSL Ndl der Deutsche Bank,27205
47670224,Detmold,05766020,Postbank/DSL Ndl der Deutsche Bank,21205
47691200,Blomberg,,Volksbank Ostlippe,94008
47691200,Blomberg,,Volksbank Ostlippe (Gf P2),84008
47691200,Lügde,05766052,Volksbank Lügde-Rischenau Zndl. der VB Ostlippe,94008
47691200,Schieder-Schwalenberg,05766060,Volksbank Ostlippe Zndl. Schieder-Schwalenberg,94008
47840065,Gütersloh,05754008,Commerzbank,24483
47840065,Oelde,05570028,Commerzbank,24483
47840065,Rheda-Wiedenbrück,05754028,Commerzbank,24483
47840065,Rietberg,05754032,Commerzbank,24483
47840065,Versmold,05754048,Commerzbank,24483
47840080,Gütersloh,05754008,Commerzbank Zw 80,
47850065,Gütersloh,05754008,Sparkasse Gütersloh-Rietberg-Versmold,54126
47850065,Harsewinkel,05754016,Sparkasse Gütersloh-Rietberg-Versmold,54126
47852760,Rietberg,05754032,Sparkasse Rietberg -alt-,54089
47853355,Versmold,05754048,Stadtsparkasse Versmold -alt-,54029
47853520,Rheda-Wiedenbrück,05754028,Kreissparkasse Halle-Wiedenbrück,54073
47853520,Borgholzhausen,05754004,Kreissparkasse Halle-Wiedenbrück,54073
47853520,Halle (Westf.),05754012,Kreissparkasse Halle-Wiedenbrück,54073
47853520,Herzebrock-Clarholz,05754020,Kreissparkasse Halle-Wiedenbrück,54073
47853520,Langenberg,05754024,Kreissparkasse Halle-Wiedenbrück,54073
47853520,Schloß Holte-Stukenbrock,05754036,Kreissparkasse Halle-Wiedenbrück,54073
47853520,Steinhagen,,Kreissparkasse Halle-Wiedenbrück,54073
47853520,Verl,05754044,Kreissparkasse Halle-Wiedenbrück,54073
47853520,Werther (Westf.),05754052,Kreissparkasse Halle-Wiedenbrück,54073
47860125,Bielefeld,05711000,"Volksbank in Ostwestfalen, Gütersloh",64033
47860125,Bad Oeynhausen,05770004,"Volksbank in Ostwestfalen, Bad Oeynhausen",64033
47860125,Bielefeld,05711000,"Volksbank in Ostwestfalen, Gütersloh (Gf P2)",74033
47860125,Bünde,05758004,"Volksbank in Ostwestfalen, Bünde",64033
47860125,Enger,05758008,"Volksbank in Ostwestfalen, Enger",64033
47860125,Gütersloh,05754008,"Volksbank in Ostwestfalen, Bielefeld",64033
47860125,Herzebrock-Clarholz,05754020,"Volksbank in Ostwestfalen, Herzebrock-Clarholz",64033
47860125,Hiddenhausen,05758016,"Volksbank in Ostwestfalen, Hiddenhausen",64033
47860125,Hille,05770012,"Volksbank in Ostwestfalen, Hille",64033
47860125,Kirchlengern,05758020,"Volksbank in Ostwestfalen, Kirchlengern",64033
47860125,Langenberg,05754024,"Volksbank in Ostwestfalen, Langenberg",64033
47860125,Löhne,05758024,"Volksbank in Ostwestfalen, Löhne",64033
47860125,Melle,03459024,"Volksbank in Ostwestfalen, Melle",64033
47860125,Rheda-Wiedenbrück,05754028,"Volksbank in Ostwestfalen, Rheda-Wiedenbrück",64033
47860125,Rietberg,05754032,"Volksbank in Ostwestfalen, Rietberg",64033
47860125,Schloß Holte-Stukenbrock,05754036,"Volksbank in Ostwestfalen, Schloß Holte-Stukenbrock",64033
47860125,Spenge,05758032,"Volksbank in Ostwestfalen, Spenge",64033
47860125,Vlotho,05758036,"Volksbank in Ostwestfalen, Vlotho",64033
47861317,Harsewinkel,05754016,Volksbank im Ostmünsterland -alt-,64076
47861518,Harsewinkel,05754016,Volksbank Harsewinkel -alt-,64102
47862261,Marienfeld,,Volksbank Marienfeld -alt-,64151
47862447,Delbrück,05774020,Volksbank Delbrück-Rietberg,64167
47862447,Augustdorf,05766004,SpDk Schloß Holte-Stuckenbrock Zndl d.VB Delbrück-Rietberg,64167
47862447,Delbrück,05774020,Volksbank Delbrück-Rietberg (Gf P2),74167
47862447,Langenberg,05754024,Volksbank Langenberg Zndl d Volksbank Delbrück-Rietberg,64167
47862447,Schloß Holte-Stukenbrock,05754036,SpDk Schloß Holte-Stuckenbrock Zndl d.VB Delbrück-Rietberg,64167
47863373,Versmold,05754048,Volksbank Versmold,64202
47863373,Versmold,05754048,Volksbank Versmold (Gf P2),74202
47880031,Gütersloh,05754008,Commerzbank vormals Dresdner Bank,28478
47880031,Rheda-Wiedenbrück,05754028,Commerzbank vormals Dresdner Bank,28478
47880031,Rietberg,05754032,Commerzbank vormals Dresdner Bank,28478
48000000,Bielefeld,05711000,Bundesbank,20480
48020086,Bielefeld,05711000,UniCredit Bank - HypoVereinsbank,22122
48020151,Frankfurt am Main,06412000,Hauck Aufhäuser Lampe Privatbank,26216
48020151,Düsseldorf,05111000,Hauck Aufhäuser Lampe Privatbank,
48021900,Werther (Westf.),05754052,Bankverein Werther Zw Ndl der VerbundVolksbank OWL,98083
48040035,Bielefeld,05711000,Commerzbank,24480
48040035,Marsberg,05958024,Commerzbank,24480
48040035,Steinhagen,,Commerzbank,24480
48040060,Bielefeld,05711000,Commerzbank CC,
48040061,Bielefeld,05711000,Commerzbank CC,
48050161,Bielefeld,05711000,Sparkasse Bielefeld,54043
48051580,Halle (Westf.),05754012,Kreissparkasse Halle -alt-,54028
48060036,Bielefeld,05711000,Bielefelder Volksbank -alt-,64017
48060036,Bielefeld,05711000,Bielefelder Volksbank (Gf P2),74017
48062051,Halle (Westf.),05754012,Volksbank Halle/Westf,64143
48062051,Borgholzhausen,05754004,Volksbank Halle/Westf,64143
48062051,Dissen am Teutoburger Wald,03459015,Volksbank Halle/Westf,64143
48062051,Halle (Westf.),05754012,Volksbank Halle/Westf (Gf P2),74143
48062051,Werther (Westf.),05754052,Volksbank Halle/Westf,64143
48062466,Schloß Holte-Stukenbrock,05754036,Spar-u Darlehnskasse Schloß Holte-Stukenbrock -alt-,64173
48062466,Schloß Holte-Stukenbrock,05754036,Spar-u Darlehnskasse Schloß Holte-Stukenbrock (Gf P2),74173
48070020,Bielefeld,05711000,Deutsche Bank,27330
48070020,Halle (Westf.),05754012,Deutsche Bank,27330
48070020,Oerlinghausen,05766056,Deutsche Bank,27330
48070024,Bielefeld,05711000,Deutsche Bank,21330
48070024,Beckum,05570008,Deutsche Bank,21330
48070024,Bünde,05758004,Deutsche Bank,21330
48070024,Gütersloh,05754008,Deutsche Bank,21330
48070024,Halle (Westf.),05754012,Deutsche Bank,21330
48070024,Harsewinkel,05754016,Deutsche Bank,21330
48070024,Herford,05758012,Deutsche Bank,21330
48070024,Oelde,05570028,Deutsche Bank,21330
48070024,Oerlinghausen,05766056,Deutsche Bank,21330
48070024,Rheda-Wiedenbrück,05754028,Deutsche Bank,21330
48070024,Spenge,05758032,Deutsche Bank,21330
48070024,Verl,05754044,Deutsche Bank,21330
48070040,Gütersloh,05754008,Deutsche Bank,27061
48070042,Harsewinkel,05754016,Deutsche Bank,27062
48070043,Verl,05754044,Deutsche Bank,27063
48070044,Rheda-Wiedenbrück,05754028,Deutsche Bank,27064
48070045,Beckum,05570008,Deutsche Bank,27067
48070050,Herford,05758012,Deutsche Bank,27065
48070052,Bünde,05758004,Deutsche Bank,27066
48080020,Bielefeld,05711000,Commerzbank vormals Dresdner Bank,28480
48080020,Bad Salzuflen,05766008,Commerzbank vormals Dresdner Bank,28480
48080020,Bünde,05758004,Commerzbank vormals Dresdner Bank,28480
48080020,Detmold,05766020,Commerzbank vormals Dresdner Bank,28480
48080020,Herford,05758012,Commerzbank vormals Dresdner Bank,28480
48080020,Lemgo,05766044,Commerzbank vormals Dresdner Bank,28480
48080020,Marsberg,05958024,Commerzbank vormals Dresdner Bank,28480
48080020,Paderborn,05774032,Commerzbank vormals Dresdner Bank,28480
48089350,Bielefeld,05711000,Commerzbank vormals Dresdner Bank ITGK,
48250110,Lemgo,05766044,Sparkasse Lemgo,54106
48250110,Bad Salzuflen,05766008,Sparkasse Lemgo,54106
48250110,Dörentrup,05766024,Sparkasse Lemgo,54106
48250110,Extertal,05766028,Sparkasse Lemgo,54106
48250110,Kalletal,05766036,Sparkasse Lemgo,54106
48250110,Leopoldshöhe,05766048,Sparkasse Lemgo,54106
48250110,Oerlinghausen,05766056,Sparkasse Lemgo,54106
48291490,Bad Salzuflen,05766008,Volksbank Bad Salzuflen,94011
48291490,Bad Salzuflen,05766008,Volksbank Bad Salzuflen (Gf P2),84011
48291490,Barntrup,05766012,Volksbank Barntrup Ndl d VB Bad Salzuflen,94011
48291490,Extertal,05766028,Volksbank Exertal Ndl d VB Bad Salzuflen,94011
48291490,Kalletal,05766036,Volksbank Kalletal Ndl d VB Bad Salzuflen,94011
48291490,Lemgo,05766044,Volksbank Bad Salzuflen (Zw Lemgo-Kirchheide),94011
48291490,Leopoldshöhe,05766048,Volksbank Bad Salzuflen Zw Leopoldshöhe,94011
49040043,Minden,,Commerzbank,24487
49050101,Minden,,Sparkasse Minden-Lübbecke,54054
49050101,Espelkamp,05770008,Sparkasse Minden-Lübbecke,54054
49050101,Hille,05770012,Sparkasse Minden-Lübbecke,54054
49050101,Hüllhorst,05770016,Sparkasse Minden-Lübbecke,54054
49050101,Lübbecke,05770020,Sparkasse Minden-Lübbecke,54054
49050101,Petershagen,05770028,Sparkasse Minden-Lübbecke,54054
49050101,Preußisch Oldendorf,05770036,Sparkasse Minden-Lübbecke,54054
49050101,Stemwede,05770044,Sparkasse Minden-Lübbecke,54054
49051065,Rahden,05770040,Stadtsparkasse Rahden,54055
49051285,Bad Oeynhausen,05770004,Sparkasse Bad Oeynhausen-Porta Westfalica,54060
49051990,Porta Westfalica,05770032,Stadtsparkasse Porta Westfalica -alt-,54063
49060127,Minden,,Volksbank Mindener Land -alt-,64034
49060127,Minden,,Volksbank Mindener Land (Gf P2),74034
49060392,Minden,,Volksbank Minden -alt-,64041
49060392,Minden,,Volksbank Minden (Gf P2),74041
49061470,Rahden,05770040,Volksbank Stemweder Berg -alt-,64095
49061510,Porta Westfalica,05770032,Volksbank Eisbergen -alt-,64100
49061510,Porta Westfalica,05770032,Volksbank Eisbergen (Gf P2),74100
49070024,Minden,,Deutsche Bank,21337
49070024,Bad Oeynhausen,05770004,Deutsche Bank,21337
49070024,Espelkamp,05770008,Deutsche Bank,21337
49070024,Lübbecke,05770020,Deutsche Bank,21337
49070024,Löhne,05758024,Deutsche Bank,21337
49070028,Minden,,Deutsche Bank,27337
49070028,Bad Oeynhausen,05770004,Deutsche Bank,27337
49070028,Espelkamp,05770008,Deutsche Bank,27337
49070028,Lübbecke,05770020,Deutsche Bank,27337
49070028,Löhne,05758024,Deutsche Bank,27337
49080025,Minden,,Commerzbank vormals Dresdner Bank,28490
49080025,Bad Oeynhausen,05770004,Commerzbank vormals Dresdner Bank,28490
49080025,Lübbecke,05770020,Commerzbank vormals Dresdner Bank,28490
49092650,Lübbecke,05770020,Volksbank PLUS,94012
49092650,Espelkamp,05770008,Volksbank PLUS,94012
49092650,Lemförde,03251023,Volksbank PLUS,94012
49092650,Lübbecke,05770020,Volksbank PLUS (Gf P2),84012
49092650,Preußisch Oldendorf,05770036,Volksbank PLUS,94012
49092650,Rahden,05770040,Volksbank PLUS,94012
49092650,Stemwede,05770044,Volksbank PLUS,94012
49240096,Bünde,05758004,Commerzbank,24481
49240096,Lübbecke,05770020,Commerzbank,24481
49262364,Hüllhorst,05770016,Volksbank Schnathorst -alt-,64163
49262364,Hüllhorst,05770016,Volksbank Schnathorst (Gf P2),74163
49262364,Löhne,05758024,Volksbank Schnathorst,64163
49440043,Herford,05758012,Commerzbank,24484
49440043,Bad Oeynhausen,05770004,Commerzbank,24484
49450120,Herford,05758012,Sparkasse Herford,54080
49450120,Bünde,05758004,Sparkasse Herford,54080
49450120,Enger,05758008,Sparkasse Herford,54080
49450120,Hiddenhausen,05758016,Sparkasse Herford,54080
49450120,Kirchlengern,05758020,Sparkasse Herford,54080
49450120,Löhne,05758024,Sparkasse Herford,54080
49450120,Rödinghausen,05758028,Sparkasse Herford,54080
49450120,Spenge,05758032,Sparkasse Herford,54080
49450120,Vlotho,05758036,Sparkasse Herford,54080
49490070,Herford,05758012,Volksbank Herford-Mindener Land -alt-,94001
49490070,Herford,05758012,Volksbank Herford-Mindener Land (Gf P2),84001
50000000,Frankfurt am Main,06412000,Bundesbank,20500
50010060,Frankfurt am Main,06412000,Postbank Ndl der Deutsche Bank,10060
50010200,Eschborn,06436003,AKBANK,29562
50010300,Frankfurt am Main,06412000,"First Commercial Bank, Frankfurt Branch",
50010424,Wiesbaden,06414000,Aareal Bank ehem. Filiale Frankfurt,26914
50010517,Frankfurt am Main,06412000,ING-DiBa,29165
50010700,Oldenburg (Oldb),,Oldenburgische Landesbank AG,29135
50010700,Alzenau,09671111,Oldenburgische Landesbank AG,29135
50010700,Arnsberg,05958004,Oldenburgische Landesbank AG,29135
50010700,Bad Homburg,,Oldenburgische Landesbank AG,29135
50010700,Berlin,11000000,Oldenburgische Landesbank AG,29135
50010700,Bielefeld,05711000,Oldenburgische Landesbank AG,29135
50010700,Bonn,05314000,Oldenburgische Landesbank AG,29135
50010700,Colditz,14729080,Oldenburgische Landesbank AG,29135
50010700,Darmstadt,06411000,Oldenburgische Landesbank AG,29135
50010700,Dresden,14612000,Oldenburgische Landesbank AG,29135
50010700,Düsseldorf,05111000,Oldenburgische Landesbank AG,29135
50010700,Erlensee,06435007,Oldenburgische Landesbank AG,29135
50010700,Grenzach-Wyhlen,08336105,Oldenburgische Landesbank AG,29135
50010700,Halle (Westf.),05754012,Oldenburgische Landesbank AG,29135
50010700,Hamburg,02000000,Oldenburgische Landesbank AG,29135
50010700,Hanau,06435014,Oldenburgische Landesbank AG,29135
50010700,Hürth,05362028,Oldenburgische Landesbank AG,29135
50010700,Konstanz,08335043,Oldenburgische Landesbank AG,29135
50010700,Krefeld,05114000,Oldenburgische Landesbank AG,29135
50010700,Köln,05315000,Oldenburgische Landesbank AG,29135
50010700,Mainz,07315000,Oldenburgische Landesbank AG,29135
50010700,Marl,,Oldenburgische Landesbank AG,29135
50010700,Merseburg,15088220,Oldenburgische Landesbank AG,29135
50010700,Mülheim an der Ruhr,05117000,Oldenburgische Landesbank AG,29135
50010700,München,09162000,Oldenburgische Landesbank AG,29135
50010700,Niederkassel,05382044,Oldenburgische Landesbank AG,29135
50010700,Offenbach am Main,06413000,Oldenburgische Landesbank AG,29135
50010700,Pforzheim,08231000,Oldenburgische Landesbank AG,29135
50010700,Radebeul,14627210,Oldenburgische Landesbank AG,29135
50010700,Rheinfelden (Baden),08336069,Oldenburgische Landesbank AG,29135
50010700,Schwäbisch Gmünd,08136065,Oldenburgische Landesbank AG,29135
50010700,Troisdorf,05382068,Oldenburgische Landesbank AG,29135
50010700,Weiterstadt,06432023,Oldenburgische Landesbank AG,29135
50010700,Wesseling,05362040,Oldenburgische Landesbank AG,29135
50010700,Worms,07319000,Oldenburgische Landesbank AG,29135
50010700,Östringen,08215064,Oldenburgische Landesbank AG,29135
50010900,Frankfurt am Main,06412000,"Bank of America Europe, Frankfurt Branch",29570
50010910,Frankfurt am Main,06412000,"Bank of America Europe, Frankfurt Branch",
50012800,Oberursel (Taunus),06434008,ALTE LEIPZIGER Bauspar,
50015001,Frankfurt am Main,06412000,"J&T BANKA, Zweigniederlassung Deutschland",
50016600,Frankfurt am Main,06412000,Western Union Intl. Bank Niederlassung Deutschland,
50020200,Frankfurt am Main,06412000,ODDO BHF,25160
50020400,Frankfurt am Main,06412000,KfW Kreditanstalt für Wiederaufbau Frankfurt,
50020500,Frankfurt am Main,06412000,Landwirtschaftliche Rentenbank,99055
50020700,Frankfurt am Main,06412000,Nexent Bank Ndl. Deutschland,29600
50020800,Frankfurt am Main,06412000,Intesa Sanpaolo Frankfurt,29710
50021000,Frankfurt am Main,06412000,ING Bank,25211
50021100,Frankfurt am Main,06412000,FIL Fondsbank,23968
50021120,Kronberg im Taunus,06434006,FIL Fondsbank,
50022200,Frankfurt am Main,06412000,Hyundai Capital Bank Europe,
50024024,Frankfurt am Main,06412000,C24 Bank,29136
50025000,Neu-Isenburg,06438009,Stellantis Bank Niederlassung Deutschland,
50026600,Frankfurt am Main,06412000,UNLIMINT EU Zweigniederlassung Deutschland,
50030000,Neu-Isenburg,06438009,Stellantis Bank Niederlassung Deutschland,
50030010,Neu-Isenburg,06438009,Stellantis Bank Niederlassung Deutschland,
50030500,Frankfurt am Main,06412000,BNP Paribas Niederlassung Deutschland,29641
50030600,Frankfurt am Main,06412000,Deutsche WertpapierService Bank,
50030700,Frankfurt am Main,06412000,DenizBank (Wien) Zw Frankfurt,29855
50031000,Frankfurt am Main,06412000,Triodos Bank Deutschland,99048
50031000,Frankfurt am Main,06412000,Triodos Bank Deutschland (Gf P2),89048
50031900,Frankfurt am Main,06412000,"BANCO BILBAO VIZCAYA ARGENTARIA, Niederlassung Deutschland",
50033300,Frankfurt am Main,06412000,Santander Consumer Bank,29414
50034200,Frankfurt am Main,06412000,"OPEN BANK, Zweigniederlassung Deutschand",
50038800,Frankfurt am Main,06412000,"Agricultural Bank of China, Frankfurt Branch",
50040000,Frankfurt am Main,06412000,Commerzbank,24500
50040000,Bad Homburg,,Commerzbank,24500
50040000,Bad Soden am Taunus,06436001,Commerzbank,24500
50040000,Bad Vilbel,06440003,Commerzbank,24500
50040000,Dreieich,06438002,Commerzbank,24500
50040000,Eschborn,06436003,Commerzbank,24500
50040000,Hofheim am Taunus,06436007,Commerzbank,24500
50040000,Idstein,06439008,Commerzbank,24500
50040000,Kelkheim (Taunus),06436008,Commerzbank,24500
50040000,Königstein im Taunus,06434005,Commerzbank,24500
50040000,Maintal,06435019,Commerzbank,24500
50040000,Neu-Isenburg,06438009,Commerzbank,24500
50040000,Oberursel (Taunus),06434008,Commerzbank,24500
50040000,Rüsselsheim am Main,06433012,Commerzbank,24500
50040005,Frankfurt am Main,06412000,"Commerzbank, Filiale Frankfurt 2",24004
50040010,Frankfurt am Main,06412000,Commerzbank (IPC PARIS),24514
50040011,Frankfurt am Main,06412000,Commerzbank (IPC VIENNA),24515
50040012,Frankfurt am Main,06412000,Commerzbank (IPC MILANO),24516
50040013,Frankfurt am Main,06412000,Commerzbank (IPC AMSTERDAM),24517
50040014,Frankfurt am Main,06412000,Commerzbank (IPC BRUSSEL),24518
50040015,Frankfurt am Main,06412000,Commerzbank (IPC MADRID),24519
50040016,Frankfurt am Main,06412000,Commerzbank (CLB New York) FFM,24523
50040017,Frankfurt am Main,06412000,Commerzbank (CLB Singapore) Frankfurt,24524
50040018,Frankfurt am Main,06412000,Commerzbank (CLB London),24525
50040019,Frankfurt am Main,06412000,Commerzbank (CLB Zürich),24526
50040020,Frankfurt am Main,06412000,Commerzbank (CLB Prag),24527
50040021,Frankfurt am Main,06412000,Commerzbank (CLB Moskau),24528
50040022,Frankfurt am Main,06412000,Commerzbank (CLB Hamburg),24529
50040033,Frankfurt am Main,06412000,Commerzbank Gf BRS,
50040038,Frankfurt am Main,06412000,"Commerzbank, MBP",
50040040,Frankfurt am Main,06412000,Commerzbank Gf ZRK,24540
50040048,Frankfurt am Main,06412000,Commerzbank GF-F48,24548
50040048,Friedrichsdorf,06434002,Commerzbank,24548
50040048,Hattersheim am Main,06436005,Commerzbank,24548
50040048,Schwalbach am Taunus,06436011,Commerzbank,24548
50040050,Frankfurt am Main,06412000,"Commerzbank, CC SP",
50040051,Frankfurt am Main,06412000,Commerzbank Center Dresdner Bank Frankfurt,24551
50040052,Frankfurt am Main,06412000,Commerzbank Service - BZ Frankfurt,24552
50040060,Frankfurt am Main,06412000,Commerzbank Gf 460,24560
50040061,Frankfurt am Main,06412000,Commerzbank Gf 461,24561
50040062,Frankfurt am Main,06412000,Commerzbank CC,
50040063,Frankfurt am Main,06412000,Commerzbank CC,
50040075,Frankfurt am Main,06412000,Commerzbank Gf ZCM,24570
50040084,Frankfurt am Main,06412000,"Commerzbank, GF Web-K CMTS2",
50040085,Frankfurt am Main,06412000,"Commerzbank, Gf Web-K",
50040086,Frankfurt am Main,06412000,"Commerzbank, GF Web-K CMTS",
50040087,Frankfurt am Main,06412000,"Commerzbank, Gf Web-K CMTS3",
50040088,Frankfurt am Main,06412000,"Commerzbank, INT 1",
50040099,Frankfurt am Main,06412000,Commerzbank INT,
50042500,Frankfurt am Main,06412000,Commerzbank Zw 425 - keine Auslandsbanken,
50044444,Frankfurt am Main,06412000,Commerzbank Vermögensverwaltung,24505
50047010,Frankfurt am Main,06412000,Commerzbank Service - BZ,24470
50050000,Frankfurt am Main,06412000,Landesbank Hessen-Thür Girozentrale,55000
50050201,Frankfurt am Main,06412000,Frankfurter Sparkasse,55001
50050201,Bad Soden am Taunus,06436001,Frankfurter Sparkasse,55001
50050201,Bad Vilbel,06440003,Frankfurter Sparkasse,55001
50050201,Dreieich,06438002,Frankfurter Sparkasse Sprendlingen,55001
50050201,Eschborn,06436003,Frankfurter Sparkasse,55001
50050201,Friedrichsdorf,06434002,Frankfurter Sparkasse,55001
50050201,Hanau,06435014,Frankfurter Sparkasse,55001
50050201,Maintal,06435019,Frankfurter Sparkasse,55001
50050201,Neu-Isenburg,06438009,Frankfurter Sparkasse,55001
50050201,Oberursel (Taunus),06434008,Frankfurter Sparkasse,55001
50050201,Offenbach am Main,06413000,Frankfurter Sparkasse,55001
50050201,Schwalbach am Taunus,06436011,Frankfurter Sparkasse,55001
50050201,Steinbach (Taunus),06434010,Frankfurter Sparkasse,55001
50050222,Frankfurt am Main,06412000,Frankfurter Sparkasse GF 1822direkt,55002
50050999,Frankfurt am Main,06412000,DekaBank Frankfurt,55099
50060000,Frankfurt am Main,06412000,DZ Bank,65001
50060400,Frankfurt am Main,06412000,DZ BANK,65045
50060400,Frankfurt am Main,06412000,DZ BANK (Gf P2),75045
50060412,Frankfurt am Main,06412000,DZ BANK GF DZH,
50060413,Frankfurt am Main,06412000,DZ BANK GF ODA,
50060414,Frankfurt am Main,06412000,DZ BANK für Bausparkasse Schwäbisch Hall,
50060415,Frankfurt am Main,06412000,DZ BANK für Bausparkasse Schwäbisch Hall,
50060416,Frankfurt am Main,06412000,DZ BANK GF TSG,
50060417,Frankfurt am Main,06412000,DZ BANK GF BMT,
50060418,Frankfurt am Main,06412000,DZ BANK GF BMT,
50060419,Frankfurt am Main,06412000,DZ BANK GF VRF,
50060420,Frankfurt am Main,06412000,DZ BANK GF BSH,
50060421,Frankfurt am Main,06412000,DZ BANK GF BSH,
50060422,Frankfurt am Main,06412000,DZ BANK GF GRX,
50060423,Frankfurt am Main,06412000,DZ BANK GF GRX,
50060424,Frankfurt am Main,06412000,DZ BANK GF DEV,
50060425,Frankfurt am Main,06412000,DZ BANK GF BSH,
50060474,Frankfurt am Main,06412000,"DZ BANK, Deutsche Zentral-Genossenschaftsbank",
50061741,Bad Homburg,,Raiffeisenbank im Hochtaunus -alt-,65614
50061741,Bad Homburg,,Raiffeisenbank im Hochtaunus (Gf P2),75614
50069126,Schwabenheim an der Selz,07339051,VR Bank Alzey-Land-Schwabenheim,65378
50069126,Bornheim,,VR Bank Alzey-Land-Schwabenheim,65378
50069126,Schwabenheim an der Selz,07339051,VR Bank Alzey-Land-Schwabenheim (Gf P2),75378
50069126,Spiesheim,07331061,VR Bank Alzey-Land-Schwabenheim,65378
50069146,Grebenhain,06535007,Volksbank Grebenhain,65390
50069146,Grebenhain,06535007,Volksbank Grebenhain (Gf P2),75390
50069187,Egelsbach,06438003,Volksbank Egelsbach -alt-,65400
50069241,Erbes-Büdesheim,07331021,Raiffeisenkasse Erbes-Büdesheim und Umgebung -alt-,65420
50069241,Alzey,07331003,Raiffeisenkasse Erbes-Büdesheim und Umgebung,65420
50069241,Erbes-Büdesheim,07331021,Raiffeisenkasse Erbes-Büdesheim und Umgebung (Gf P2),75420
50069345,Grävenwiesbach,06434004,Raiffeisenbank,65440
50069345,Grävenwiesbach,06434004,Raiffeisenbank (Gf P2),75440
50069455,Hüttenberg,06532014,Hüttenberger Bank,65471
50069455,Hüttenberg,06532014,Hüttenberger Bank (Gf P2),75471
50069477,Kirtorf,06535010,Raiffeisenbank Kirtorf,65477
50069477,Antrifttal,06535002,Raiffeisenbank Kirtorf,65477
50069477,Kirtorf,06535010,Raiffeisenbank Kirtorf (Gf P2),75477
50069477,Romrod,06535014,Raiffeisenbank Kirtorf,65477
50069693,Bad Homburg,,Raiffeisenbank Bad Homburg Ndl d FrankfurterVB,65526
50069842,Schwabenheim an der Selz,07339051,Raiffeisen Volksbank,65554
50069842,Schwabenheim an der Selz,07339051,Raiffeisen Volksbank (Gf P2),75554
50069976,Wettenberg,06531018,Volksbank Wißmar,65574
50069976,Wettenberg,06531018,Volksbank Wißmar (Gf P2),75574
50070010,Frankfurt am Main,06412000,Deutsche Bank,27100
50070010,Bad Homburg,,Deutsche Bank,27100
50070010,Eschborn,06436003,Deutsche Bank,27100
50070010,Friedberg (Hessen),06440008,Deutsche Bank,27100
50070010,Hofheim am Taunus,06436007,Deutsche Bank,27100
50070010,Kronberg im Taunus,06434006,Deutsche Bank,27100
50070010,Königstein im Taunus,06434005,Deutsche Bank,27100
50070010,Oberursel (Taunus),06434008,Deutsche Bank,27100
50070010,Sulzbach (Taunus),06436012,Deutsche Bank,27100
50070011,Frankfurt am Main,06412000,Deutsche Bank,27110
50070024,Frankfurt am Main,06412000,Deutsche Bank,21100
50070024,Bad Homburg,,Deutsche Bank,21100
50070024,Eschborn,06436003,Deutsche Bank,21100
50070024,Friedberg (Hessen),06440008,Deutsche Bank,21100
50070024,Hofheim am Taunus,06436007,Deutsche Bank,21100
50070024,Kronberg im Taunus,06434006,Deutsche Bank,21100
50070024,Königstein im Taunus,06434005,Deutsche Bank,21100
50070024,Oberursel (Taunus),06434008,Deutsche Bank,21100
50070024,Sulzbach (Taunus),06436012,Deutsche Bank,21100
50070050,Frankfurt am Main,06412000,Deutsche Bank,
50070051,Frankfurt am Main,06412000,Deutsche Bank,
50070052,Frankfurt am Main,06412000,Deutsche Bank,
50070053,Frankfurt am Main,06412000,Deutsche Bank,
50070054,Frankfurt am Main,06412000,Deutsche Bank,
50070055,Frankfurt am Main,06412000,Deutsche Bank,
50070056,Frankfurt am Main,06412000,Deutsche Bank,
50070057,Frankfurt am Main,06412000,Deutsche Bank,
50070058,Frankfurt am Main,06412000,Deutsche Bank,
50070059,Frankfurt am Main,06412000,Deutsche Bank,
50070060,Frankfurt am Main,06412000,Deutsche Bank,
50070061,Frankfurt am Main,06412000,Deutsche Bank,
50070062,Frankfurt am Main,06412000,Deutsche Bank,
50070063,Frankfurt am Main,06412000,Deutsche Bank,
50070064,Frankfurt am Main,06412000,Deutsche Bank,
50070065,Frankfurt am Main,06412000,Deutsche Bank,
50070324,Bad Homburg,,Postbank/DSL Ndl der Deutsche Bank,21371
50070371,Bad Homburg,,Postbank/DSL Ndl der Deutsche Bank,27371
50070435,Bad Soden am Taunus,06436001,Deutsche Bank,21435
50070436,Bad Soden am Taunus,06436001,Deutsche Bank,21436
50070437,Bad Soden am Taunus,06436001,Deutsche Bank,21437
50070438,Bad Soden am Taunus,06436001,Deutsche Bank,21438
50070439,Bad Soden am Taunus,06436001,Deutsche Bank,21439
50073019,Rüsselsheim am Main,06433012,Deutsche Bank,27109
50073019,Raunheim,06433010,Deutsche Bank,27109
50073024,Rüsselsheim am Main,06433012,Deutsche Bank,21109
50073024,Raunheim,06433010,Deutsche Bank,21109
50073081,Frankfurt am Main,06412000,Deutsche Bank Europe,
50080000,Frankfurt am Main,06412000,Commerzbank vormals Dresdner Bank,28500
50080000,Bad Homburg,,Commerzbank vormals Dresdner Bank,28500
50080000,Bad Soden am Taunus,06436001,Commerzbank vormals Dresdner Bank,28500
50080000,Bad Vilbel,06440003,Commerzbank vormals Dresdner Bank,28500
50080000,Dreieich,06438002,Commerzbank vormals Dresdner Bank,28500
50080000,Eschborn,06436003,Commerzbank vormals Dresdner Bank,28500
50080000,Friedberg (Hessen),06440008,Commerzbank vormals Dresdner Bank,28500
50080000,Friedrichsdorf,06434002,Commerzbank vormals Dresdner Bank,28500
50080000,Hattersheim am Main,06436005,Commerzbank vormals Dresdner Bank,28500
50080000,Hofheim am Taunus,06436007,Commerzbank vormals Dresdner Bank,28500
50080000,Kelkheim (Taunus),06436008,Commerzbank vormals Dresdner Bank,28500
50080000,Langen (Hessen),,Commerzbank vormals Dresdner Bank,28500
50080000,Neu-Isenburg,06438009,Commerzbank vormals Dresdner Bank,28500
50080000,Oberursel (Taunus),06434008,Commerzbank vormals Dresdner Bank,28500
50080000,Schwalbach am Taunus,06436011,Commerzbank vormals Dresdner Bank Fil Limesstadt,28500
50080015,Frankfurt am Main,06412000,Commerzbank vormals Dresdner Bank Zw 15,
50080025,Frankfurt am Main,06412000,Commerzbank vormals Dresdner Bank Zw 25,
50080035,Frankfurt am Main,06412000,Commerzbank vormals Dresdner Bank Zw 35,
50080055,Frankfurt am Main,06412000,Commerzbank vormals Dresdner Bank Zw 55,28501
50080057,Frankfurt am Main,06412000,Commerzbank vormals Dresdner Bank Gf ZW 57,28502
50080060,Frankfurt am Main,06412000,Commerzbank vormals Dresdner Bank Gf DrKW,
50080061,Frankfurt am Main,06412000,Commerzbank vormals Dresdner Bank Gf DrKWSL,
50080077,Bad Vilbel,06440003,"Commerzbank, GF Wüstenrot BSPK",
50080079,Frankfurt am Main,06412000,Commerzbank vormals Dresdner Bank ESOP,
50080080,Frankfurt am Main,06412000,Commerzbank vormals Dresdner Bank Bs 80,
50080082,Frankfurt am Main,06412000,Commerzbank vormals Dresdner Bank Gf AVB,28509
50080086,Frankfurt am Main,06412000,Commerzbank vormals Dresdner Bank ITGK 3,
50080087,Frankfurt am Main,06412000,"Commerzbank vormals Dresdner Bank, PCC DCC-ITGK 4",
50080088,Frankfurt am Main,06412000,"Commerzbank vormals Dresdner Bank, PCC DCC-ITGK 5",
50080089,Frankfurt am Main,06412000,"Commerzbank vormals Dresdner Bank, PCC DCC-ITGK 6",
50080091,Frankfurt am Main,06412000,"Commerzbank vormals Dresdner Bank, PCC DCC-ITGK 7",
50080092,Frankfurt am Main,06412000,Commerzbank vormals Dresdner Bank Finance and Controlling,28504
50080099,Frankfurt am Main,06412000,Commerzbank vormals Dresdner Bank Zw 99,
50080300,Frankfurt am Main,06412000,Commerzbank vormals Dresdner Bank Private Banking Inland,28503
50083007,Rüsselsheim am Main,06433012,Commerzbank vormals Dresdner Bank,
50083838,Frankfurt am Main,06412000,Commerzbank vormals Dresdner Bank in Frankfurt MBP,
50089400,Frankfurt am Main,06412000,Commerzbank vormals Dresdner Bank ITGK,
50090500,Frankfurt am Main,06412000,Sparda-Bank Hessen,95092
50090500,Bad Hersfeld,06632002,Sparda-Bank Hessen,95092
50090500,Bad Homburg,,Sparda-Bank Hessen,95092
50090500,Baunatal,06633003,Sparda-Bank Hessen,95092
50090500,Bebra,06632003,Sparda-Bank Hessen,95092
50090500,Bensheim,06431002,Sparda-Bank Hessen,95092
50090500,Darmstadt,06411000,Sparda-Bank Hessen,95092
50090500,Dillenburg,06532006,Sparda-Bank Hessen,95092
50090500,Eschwege,06636003,Sparda-Bank Hessen,95092
50090500,Frankfurt am Main,06412000,Sparda-Bank Hessen (Gf P2),85092
50090500,Friedberg (Hessen),06440008,Sparda-Bank Hessen,95092
50090500,Fritzlar,06634005,Sparda-Bank Hessen,95092
50090500,Fulda,06631009,Sparda-Bank Hessen,95092
50090500,Gießen,06531005,Sparda-Bank Hessen,95092
50090500,Groß-Gerau,06433006,Sparda-Bank Hessen,95092
50090500,Gründau,06435012,Sparda-Bank Hessen,95092
50090500,Hanau,06435014,Sparda-Bank Hessen,95092
50090500,Herborn,,Sparda-Bank Hessen,95092
50090500,Hofheim am Taunus,06436007,Sparda-Bank Hessen,95092
50090500,Kassel,06611000,Sparda-Bank Hessen,95092
50090500,Limburg,,Sparda-Bank Hessen,95092
50090500,Marburg,06534014,Sparda-Bank Hessen,95092
50090500,Melsungen,06634014,Sparda-Bank Hessen,95092
50090500,Offenbach am Main,06413000,Sparda-Bank Hessen,95092
50090500,Rüsselsheim am Main,06433012,Sparda-Bank Hessen,95092
50090500,Vellmar,06633026,Sparda-Bank Hessen,95092
50090500,Wetzlar,06532023,Sparda-Bank Hessen,95092
50090500,Wiesbaden,06414000,Sparda-Bank Hessen,95092
50090900,Eschborn,06436003,PSD Bank Hessen-Thüringen,95241
50090900,Darmstadt,06411000,PSD Bank Hessen-Thüringen Beratungscenter Darmstadt,95241
50090900,Erfurt,16051000,PSD Bank Hessen-Thüringen Beratungscenter Erfurt,95241
50090900,Eschborn,06436003,PSD Bank Hessen-Thüringen (Gf P2),85241
50092100,Bad Homburg,,Freikirchen.Bank,95184
50092100,Bad Homburg,,Freikirchen.Bank (Gf P2),85184
50092200,Kelkheim (Taunus),06436008,Volksbank Main-Taunus -alt-,95186
50092200,Bad Soden am Taunus,06436001,Volksbank Main-Taunus,95186
50092200,Eppstein,06436002,Volksbank Main-Taunus,95186
50092200,Flörsheim am Main,,Volksbank Main-Taunus,95186
50092200,Hattersheim am Main,06436005,Volksbank Main-Taunus,95186
50092200,Hofheim am Taunus,06436007,Volksbank Main-Taunus,95186
50092200,Kelkheim (Taunus),06436008,Volksbank Main-Taunus (Gf P2),85186
50092200,Kriftel,06436009,Volksbank Main-Taunus,95186
50092200,Liederbach am Taunus,06436010,Volksbank Main-Taunus,95186
50092200,Schwalbach am Taunus,06436011,Volksbank Main-Taunus,95186
50092200,Sulzbach (Taunus),06436012,Volksbank Main-Taunus,95186
50092200,Wiesbaden,06414000,Volksbank Main-Taunus,95186
50092900,Usingen,06434011,Volksbank Usinger Land Ndl d Frankfurter VB,95205
50093000,Rüsselsheim am Main,06433012,Rüsselsheimer Volksbank -alt-,95206
50093000,Raunheim,06433010,Rüsselsheimer Volksbank Ndl Raunheim,95206
50093000,Rüsselsheim am Main,06433012,Rüsselsheimer Volksbank (Gf P2),85206
50093010,Rüsselsheim am Main,06433012,Rüsselsheimer Volksbank GAA -alt-,
50093400,Kelsterbach,06433007,Volksbank Kelsterbach Ndl d Frankfurter VB,95213
50110200,Frankfurt am Main,06412000,Industrial and Commercial Bank of China,
50110400,Frankfurt am Main,06412000,AKA Ausfuhrkredit GmbH,26900
50110500,Frankfurt am Main,06412000,NATIXIS Zweigniederlassung Deutschland,
50110636,Frankfurt am Main,06412000,Standard Chartered Bank Frankfurt,
50110700,Frankfurt am Main,06412000,Frankfurter Bankgesellschaft (Deutschland),99009
50110800,Frankfurt am Main,06412000,J.P. Morgan,29116
50110801,Frankfurt am Main,06412000,J.P. Morgan,
50110808,Frankfurt am Main,06412000,J.P. Morgan,
50110855,Frankfurt am Main,06412000,J.P. Morgan,
50110900,Wiesbaden,06414000,Navy Federal Credit Union - Overseas Military Bank,
50120100,Eschborn,06436003,"ICICI Bank UK, Germany Branch",
50120383,Frankfurt am Main,06412000,ABN AMRO Bank Frankfurt Branch - Bethmann Bank,26044
50120383,Berlin,11000000,ABN AMRO Bank Frankfurt Branch - Bethmann Bank,26044
50120383,Bremen,04011000,ABN AMRO Bank Frankfurt Branch - Bethmann Bank,26044
50120383,Düsseldorf,05111000,ABN AMRO Bank Frankfurt Branch - Bethmann Bank,26044
50120383,Hamburg,02000000,ABN AMRO Bank Frankfurt Branch - Bethmann Bank,26044
50120383,Hannover,03241001,ABN AMRO Bank Frankfurt Branch - Bethmann Bank,26044
50120383,Köln,05315000,ABN AMRO Bank Frankfurt Branch - Bethmann Bank,26044
50120383,Mannheim,08222000,ABN AMRO Bank Frankfurt Branch - Bethmann Bank,26044
50120383,München,09162000,ABN AMRO Bank Frankfurt Branch - Bethmann Bank,26044
50120383,Nürnberg,09564000,ABN AMRO Bank Frankfurt Branch - Bethmann Bank,26044
50120383,Stuttgart,08111000,ABN AMRO Bank Frankfurt Branch - Bethmann Bank,26044
50120383,Wuppertal,05124000,ABN AMRO Bank Frankfurt Branch - Bethmann Bank,26044
50120383,Würzburg,09663000,ABN AMRO Bank Frankfurt Branch - Bethmann Bank,26044
50120600,Frankfurt am Main,06412000,Bank of Communications Frankfurt branch,
50120800,Frankfurt am Main,06412000,UniCredit German Branch,
50120900,Köln,05315000,VakifBank International Wien Zndl Deutschland,99006
50127000,Frankfurt am Main,06412000,PKO Bank Polski Niederlassung Deutschland,
50127700,Frankfurt am Main,06412000,PAYONE,
50130000,Frankfurt am Main,06412000,National Bank of Pakistan Zndl Frankfurt,29770
50130400,Frankfurt am Main,06412000,Merck Finck A Quintet Private Bank,26246
50130600,Frankfurt am Main,06412000,UBS Europe,29860
50131000,Frankfurt am Main,06412000,Vietnam Joint Stock Commercial Bank for Industry and Trade,99087
50131000,Frankfurt am Main,06412000,Vietnam Joint Stock Commercial Bk f.Industry a. T. (Gf P2),26170
50131700,Frankfurt am Main,06412000,"The Korea Development Bank, Frankfurt Branch",
50190000,Frankfurt am Main,06412000,Frankfurter Volksbank Rhein-Main,95001
50190000,Bad Homburg,,Frankfurter Volksbank Rhein-Main,95001
50190000,Bad Soden am Taunus,06436001,Frankfurter Volksbank Rhein-Main,95001
50190000,Beselich,06533001,Frankfurter Volksbank Rhein-Main,95001
50190000,Bruchköbel,06435006,Frankfurter Volksbank Rhein-Main,95001
50190000,Eschborn,06436003,Frankfurter Volksbank Rhein-Main,95001
50190000,Frankfurt am Main,06412000,Frankfurter Volksbank Rhein-Main (Gf P2),85001
50190000,Friedrichsdorf,06434002,Frankfurter Volksbank Rhein-Main,95001
50190000,Grävenwiesbach,06434004,Frankfurter Volksbank Rhein-Main,95001
50190000,Hanau,06435014,Frankfurter Volksbank Rhein-Main,95001
50190000,Karben,06440012,Frankfurter Volksbank Rhein-Main,95001
50190000,Kronberg im Taunus,06434006,Frankfurter Volksbank Rhein-Main,95001
50190000,Königstein im Taunus,06434005,Frankfurter Volksbank Rhein-Main,95001
50190000,Liederbach am Taunus,06436010,Frankfurter Volksbank Rhein-Main,95001
50190000,Neu-Anspach,06434007,Frankfurter Volksbank Rhein-Main,95001
50190000,Niddatal,06440017,Frankfurter Volksbank Rhein-Main,95001
50190000,Niederdorfelden,06435022,Frankfurter Volksbank Rhein-Main,95001
50190000,Oberursel (Taunus),06434008,Frankfurter Volksbank Rhein-Main,95001
50190000,Runkel,06533013,Frankfurter Volksbank Rhein-Main,95001
50190000,Schwalbach am Taunus,06436011,Frankfurter Volksbank Rhein-Main,95001
50190000,Steinbach (Taunus),06434010,Frankfurter Volksbank Rhein-Main,95001
50190000,Sulzbach (Taunus),06436012,Frankfurter Volksbank Rhein-Main,95001
50190000,Usingen,06434011,Frankfurter Volksbank Rhein-Main,95001
50190000,Wehrheim,06434012,Frankfurter Volksbank Rhein-Main,95001
50190000,Weilburg,06533017,Frankfurter Volksbank Rhein-Main,95001
50190300,Frankfurt am Main,06412000,"Volksbank Höchst a.M., ZwNdl. der Frankfurter VB -alt-",95085
50190300,Frankfurt am Main,06412000,"Volksbank Höchst a.M., ZwNdl. der Frankfurter VB (Gf P2)",85085
50190400,Frankfurt am Main,06412000,Volksbank Griesheim -alt-,95090
50190400,Frankfurt am Main,06412000,Volksbank Griesheim (Gf P2),85090
50210200,Frankfurt am Main,06412000,Rabobank International Frankfurt Branch,29025
50210295,Frankfurt am Main,06412000,Rabobank International Frankfurt Branch,
50210800,Frankfurt am Main,06412000,"ProCredit Bank, Frankfurt am Main",
50210900,Frankfurt am Main,06412000,Citibank Europe Germany Branch,29123
50220085,Frankfurt am Main,06412000,UBS Europe,26326
50220101,Frankfurt am Main,06412000,"Kommunalkredit Austria, Zweigstelle Deutschland",
50220300,Frankfurt am Main,06412000,WOORI BANK EUROPE,
50220500,Berlin,11000000,Lloyds Bank,
50220707,Frankfurt am Main,06412000,CAIXABANK Zweigniederlassung Deutschland,
50220900,Frankfurt am Main,06412000,Hauck Aufhäuser Lampe Privatbank,26180
50220900,München,09162000,Hauck Aufhäuser Lampe Privatbank,26180
50228899,Frankfurt am Main,06412000,FIB Frankfurt International Bank,
50230000,Frankfurt am Main,06412000,Arab Banking Corporation Zweigniederlassung Frankfurt,29055
50230600,Frankfurt am Main,06412000,Isbank,29836
50230700,Frankfurt am Main,06412000,"Metzler, B. - seel Sohn & Co",26260
50230800,Wiesbaden,06414000,Ikano Bank,29561
50230888,Wiesbaden,06414000,Ikano Bank,
50234500,Frankfurt am Main,06412000,KT Bank,
50250200,Bad Homburg,,Deutsche Leasing Finance,
50310400,Frankfurt am Main,06412000,Barclays Bank Ireland Frankfurt Branch,29651
50310900,Frankfurt am Main,06412000,China Construction Bank Ndl Frankfurt,25274
50320000,Frankfurt am Main,06412000,OWH,25530
50320191,Frankfurt am Main,06412000,UniCredit Bank - HypoVereinsbank,22027
50320191,Bad Homburg,,UniCredit Bank - HypoVereinsbank,22027
50320191,Hanau,06435014,UniCredit Bank - HypoVereinsbank,22027
50320500,Frankfurt am Main,06412000,Banco Santander Filiale Frankfurt,29555
50320600,Frankfurt am Main,06412000,Attijariwafa bank Europa ZNdl. Frankfurt,23964
50320900,Frankfurt am Main,06412000,Bank Pictet & Cie (Europe),
50324000,Frankfurt am Main,06412000,"ABN AMRO Bank, Frankfurt Branch",
50330000,Frankfurt am Main,06412000,State Bank of India,29805
50330200,Frankfurt am Main,06412000,Raisin Bank,29240
50330201,Frankfurt am Main,06412000,Raisin Bank,
50330300,Frankfurt am Main,06412000,The Bank of New York Mellon,29705
50330500,Frankfurt am Main,06412000,BANQUE CHAABI DU MAROC Agentur Frankfurt Ndl. Deutschland,
50330600,Frankfurt am Main,06412000,Bank Sepah-Iran,29620
50334400,Frankfurt am Main,06412000,The Bank of New York Mellon NL Frankfurt,
50339900,Frankfurt am Main,06412000,German branch of Unifiedpost Payments,
50400000,Frankfurt am Main,06412000,Bundesbank Zentrale,20504
50510300,Frankfurt am Main,06412000,SMBC Bank EU,
50520190,Offenbach am Main,06413000,UniCredit Bank - HypoVereinsbank,22067
50520190,Rodgau,06438011,UniCredit Bank - HypoVereinsbank,22067
50530000,Dreieich,06438002,Cronbank,99016
50530000,Dreieich,06438002,Cronbank (Gf P2),89016
50540028,Offenbach am Main,06413000,Commerzbank,24504
50540028,Dietzenbach,06438001,Commerzbank,24504
50540028,Heusenstamm,06438005,Commerzbank,24504
50540028,Mühlheim am Main,06438008,Commerzbank,24504
50540028,Obertshausen,06438010,Commerzbank,24504
50540028,Seligenstadt,06438013,Commerzbank,24504
50550020,Offenbach am Main,06413000,Städtische Sparkasse Offenbach a.M.,55020
50560102,Offenbach am Main,06413000,Raiffeisenbank Offenbach/M.-Bieber -alt-,65012
50560102,Offenbach am Main,06413000,Raiffeisenbank Offenbach/M.-Bieber (Gf P2),75012
50561315,Obertshausen,06438010,Vereinigte Volksbank Maingau -alt-,65099
50561315,Babenhausen,,Vereinigte Volksbank Maingau,65099
50561315,Dieburg,06432004,Vereinigte Volksbank Maingau,65099
50561315,Hainburg,06438004,Vereinigte Volksbank Maingau,65099
50561315,Mainhausen,06438007,Vereinigte Volksbank Maingau,65099
50561315,Mühlheim am Main,06438008,Vereinigte Volksbank Maingau,65099
50561315,Münster (Hessen),06432015,Vereinigte Volksbank Maingau,65099
50561315,Obertshausen,06438010,Vereinigte Volksbank Maingau (Gf P2),75099
50561315,Offenbach am Main,06413000,Vereinigte Volksbank Maingau,65099
50561315,Rödermark,06438012,Vereinigte Volksbank Maingau,65099
50561315,Schaafheim,06432021,Vereinigte Volksbank Maingau,65099
50561315,Seligenstadt,06438013,Vereinigte Volksbank Maingau,65099
50570018,Offenbach am Main,06413000,Deutsche Bank,27108
50570018,Dietzenbach,06438001,Deutsche Bank,27108
50570018,Dreieich,06438002,Deutsche Bank,27108
50570018,Heusenstamm,06438005,Deutsche Bank,27108
50570018,Langen (Hessen),,Deutsche Bank,27108
50570018,Mühlheim am Main,06438008,Deutsche Bank,27108
50570018,Neu-Isenburg,06438009,Deutsche Bank,27108
50570018,Obertshausen,06438010,Deutsche Bank,27108
50570018,Rodgau,06438011,Deutsche Bank,27108
50570024,Offenbach am Main,06413000,Deutsche Bank,21108
50570024,Dietzenbach,06438001,Deutsche Bank,21108
50570024,Dreieich,06438002,Deutsche Bank,21108
50570024,Heusenstamm,06438005,Deutsche Bank,21108
50570024,Langen (Hessen),,Deutsche Bank,21108
50570024,Mühlheim am Main,06438008,Deutsche Bank,21108
50570024,Neu-Isenburg,06438009,Deutsche Bank,21108
50570024,Obertshausen,06438010,Deutsche Bank,21108
50570024,Rodgau,06438011,Deutsche Bank,21108
50580005,Offenbach am Main,06413000,Commerzbank vormals Dresdner Bank,28505
50580005,Dietzenbach,06438001,Commerzbank vormals Dresdner Bank,28505
50580005,Heusenstamm,06438005,Commerzbank vormals Dresdner Bank,28505
50580005,Obertshausen,06438010,Commerzbank vormals Dresdner Bank,28505
50580005,Seligenstadt,06438013,Commerzbank vormals Dresdner Bank,28505
50580085,Offenbach am Main,06413000,"Commerzbank vormals Dresdner Bank, PCC DCC-ITGK 1",
50590000,Offenbach am Main,06413000,Offenbacher Volksbank -alt-,95002
50592200,Dreieich,06438002,VR Bank Dreieich-Offenbach,95187
50592200,Dietzenbach,06438001,VR Bank Dreieich-Offenbach,95187
50592200,Dreieich,06438002,VR Bank Dreieich-Offenbach (Gf P2),85187
50592200,Egelsbach,06438003,VR Bank Dreieich-Offenbach,95187
50592200,Langen (Hessen),,VR Bank Dreieich-Offenbach,95187
50640015,Hanau,06435014,Commerzbank,24503
50650023,Hanau,06435014,SPARKASSE HANAU,55023
50650023,Bruchköbel,06435006,SPARKASSE HANAU,55023
50650023,Erlensee,06435007,SPARKASSE HANAU,55023
50650023,Großkrotzenburg,06435011,SPARKASSE HANAU,55023
50650023,Hammersbach,06435013,SPARKASSE HANAU,55023
50650023,Langenselbold,06435017,SPARKASSE HANAU,55023
50650023,Maintal,06435019,SPARKASSE HANAU,55023
50650023,Neuberg,06435020,SPARKASSE HANAU,55023
50650023,Nidderau,06435021,SPARKASSE HANAU,55023
50650023,Niederdorfelden,06435022,SPARKASSE HANAU,55023
50650023,Rodenbach,,SPARKASSE HANAU,55023
50650023,Ronneburg,,SPARKASSE HANAU,55023
50650023,Schöneck,06435026,SPARKASSE HANAU,55023
50652124,Seligenstadt,06438013,Sparkasse Langen-Seligenstadt,55024
50652124,Dietzenbach,06438001,Sparkasse Langen-Seligenstadt,55024
50652124,Dreieich,06438002,Sparkasse Langen-Seligenstadt,55024
50652124,Egelsbach,06438003,Sparkasse Langen-Seligenstadt,55024
50652124,Hainburg,06438004,Sparkasse Langen-Seligenstadt,55024
50652124,Hanau,06435014,Sparkasse Langen-Seligenstadt,55024
50652124,Heusenstamm,06438005,Sparkasse Langen-Seligenstadt,55024
50652124,Langen (Hessen),,Sparkasse Langen-Seligenstadt,55024
50652124,Mainhausen,06438007,Sparkasse Langen-Seligenstadt,55024
50652124,Mühlheim am Main,06438008,Sparkasse Langen-Seligenstadt,55024
50652124,Neu-Isenburg,06438009,Sparkasse Langen-Seligenstadt,55024
50652124,Obertshausen,06438010,Sparkasse Langen-Seligenstadt,55024
50652124,Rodgau,06438011,Sparkasse Langen-Seligenstadt,55024
50661639,Büdingen,06440004,VR Bank Main-Kinzig-Büdingen,65156
50661639,Altenstadt,,VR Bank Main-Kinzig-Büdingen,65156
50661639,Bad Soden-Salmünster,06435002,VR Bank Main-Kinzig-Büdingen,65156
50661639,Biebergemünd,06435003,VR Bank Main-Kinzig-Büdingen,65156
50661639,Bruchköbel,06435006,VR Bank Main-Kinzig-Büdingen,65156
50661639,Büdingen,06440004,VR Bank Main-Kinzig-Büdingen (Gf P2),75156
50661639,Erlensee,06435007,VR Bank Main-Kinzig-Büdingen,65156
50661639,Flörsbachtal,06435008,VR Bank Main-Kinzig-Büdingen,65156
50661639,Freigericht,06435009,VR Bank Main-Kinzig-Büdingen,65156
50661639,Gedern,06440009,VR Bank Main-Kinzig-Büdingen,65156
50661639,Gelnhausen,06435010,VR Bank Main-Kinzig-Büdingen,65156
50661639,Glauburg,06440010,VR Bank Main-Kinzig-Büdingen,65156
50661639,Gründau,06435012,VR Bank Main-Kinzig-Büdingen,65156
50661639,Hammersbach,06435013,VR Bank Main-Kinzig-Büdingen,65156
50661639,Hirzenhain,06440011,VR Bank Main-Kinzig-Büdingen,65156
50661639,Jossgrund,06435016,VR Bank Main-Kinzig-Büdingen,65156
50661639,Langenselbold,06435017,VR Bank Main-Kinzig-Büdingen,65156
50661639,Limeshain,06440014,VR Bank Main-Kinzig-Büdingen,65156
50661639,Linsengericht,06435018,VR Bank Main-Kinzig-Büdingen,65156
50661639,Maintal,06435019,VR Bank Main-Kinzig-Büdingen,65156
50661639,Neuberg,06435020,VR Bank Main-Kinzig-Büdingen,65156
50661639,Nidda,06440016,VR Bank Main-Kinzig-Büdingen,65156
50661639,Nidderau,06435021,VR Bank Main-Kinzig-Büdingen,65156
50661639,Ortenberg,,VR Bank Main-Kinzig-Büdingen,65156
50661639,Ranstadt,06440020,VR Bank Main-Kinzig-Büdingen,65156
50661639,Ronneburg,,VR Bank Main-Kinzig-Büdingen,65156
50661639,Schotten,06535016,VR Bank Main-Kinzig-Büdingen,65156
50661639,Wächtersbach,06435029,VR Bank Main-Kinzig-Büdingen,65156
50661816,Nidderau,06435021,Volksbank Heldenbergen Ndl d Frankfurter VB,65182
50662299,Bruchköbel,06435006,Raiffeisenbank Bruchköbel -alt-,65219
50662299,Niederdorfelden,06435022,Raiffeisenbank Zw,65219
50662299,Schöneck,06435026,Raiffeisenbank Zw,65219
50662669,Maintal,06435019,Raiffeisenbank Maintal Ndl d Frankfurter VB,65254
50663699,Rodenbach,,Raiffeisenbank,65580
50663699,Großkrotzenburg,06435011,Raiffeisenbank,65580
50663699,Hasselroth,06435015,Raiffeisenbank,65580
50663699,Rodenbach,,Raiffeisenbank (Gf P2),75580
50670009,Hanau,06435014,Deutsche Bank,27106
50670009,Wächtersbach,06435029,Deutsche Bank,27106
50670024,Hanau,06435014,Deutsche Bank,21106
50670024,Wächtersbach,06435029,Deutsche Bank,21106
50680002,Hanau,06435014,Commerzbank vormals Dresdner Bank,28506
50680085,Hanau,06435014,"Commerzbank vormals Dresdner Bank, PCC DCC-ITGK 1",
50690000,Hanau,06435014,Volksbank Raiffeisenbank Hanau Ndl d Frankf VB,95003
50691300,Mainhausen,06438007,DZB BANK,95084
50691300,Mainhausen,06438007,DZB Bank (Gf P2),85084
50692100,Seligenstadt,06438013,Volksbank Seligenstadt,95185
50692100,Hainburg,06438004,Volksbank Seligenstadt,95185
50692100,Seligenstadt,06438013,Volksbank Seligenstadt (Gf P2),85185
50740048,Gelnhausen,06435010,Commerzbank,24848
50750094,Gelnhausen,06435010,Kreissparkasse Gelnhausen,55094
50750094,Bad Orb,06435001,Kreissparkasse Gelnhausen,55094
50750094,Birstein,06435004,Kreissparkasse Gelnhausen,55094
50750094,Freigericht,06435009,Kreissparkasse Gelnhausen,55094
50750094,Gründau,06435012,Kreissparkasse Gelnhausen,55094
50750094,Jossgrund,06435016,Kreissparkasse Gelnhausen,55094
50750094,Linsengericht,06435018,Kreissparkasse Gelnhausen,55094
50750094,Wächtersbach,06435029,Kreissparkasse Gelnhausen,55094
50761333,Büdingen,06440004,Volksbank -alt-,65102
50761333,Büdingen,06440004,Volksbank (Gf P2),75102
50763319,Birstein,06435004,Raiffeisenbank Vogelsberg -alt-,65287
50780006,Gelnhausen,06435010,Commerzbank vormals Dresdner Bank,28507
50790000,Gelnhausen,06435010,VR Bank Bad Orb-Gelnhausen,95004
50790000,Bad Orb,06435001,VR Bank Bad Orb-Gelnhausen,95004
50790000,Gelnhausen,06435010,VR Bank Bad Orb-Gelnhausen (Gf P2),85004
50790000,Gründau,06435012,VR Bank Bad Orb-Gelnhausen,95004
50793300,Birstein,06435004,Birsteiner Volksbank -alt-,95211
50793300,Birstein,06435004,Birsteiner Volksbank (Gf P2),85211
50794300,Wächtersbach,06435029,VR Bank Wächtersbach/Bad Soden-Salmünster -alt,95218
50810900,Karlsruhe,08212000,Deutsche Bausparkasse Badenia (ehem. DBS Bausparkasse),
50820292,Darmstadt,06411000,UniCredit Bank - HypoVereinsbank,22021
50835800,Flörsheim am Main,,MCE Bank,
50840005,Darmstadt,06411000,Commerzbank,24512
50840005,Bensheim,06431002,Commerzbank,24512
50840005,Groß-Gerau,06433006,Commerzbank,24512
50840005,Langen (Hessen),,Commerzbank,24512
50840005,Michelstadt,06437011,Commerzbank,24512
50840005,Pfungstadt,06432018,Commerzbank,24512
50850049,Darmstadt,06411000,Landesbank Hessen-Thür Girozentrale,55049
50850150,Darmstadt,06411000,Stadt- und Kreis-Sparkasse Darmstadt,55050
50850150,Bickenbach,,Stadt- und Kreis-Sparkasse Darmstadt,55050
50850150,Erzhausen,06432006,Stadt- und Kreis-Sparkasse Darmstadt,55050
50850150,Griesheim,06432008,Stadt- und Kreis-Sparkasse Darmstadt,55050
50850150,Messel,06432012,Stadt- und Kreis-Sparkasse Darmstadt,55050
50850150,Modautal,06432013,Stadt- und Kreis-Sparkasse Darmstadt,55050
50850150,Mühltal,06432014,Stadt- und Kreis-Sparkasse Darmstadt,55050
50850150,Ober-Ramstadt,06432016,Stadt- und Kreis-Sparkasse Darmstadt,55050
50850150,Pfungstadt,06432018,Stadt- und Kreis-Sparkasse Darmstadt,55050
50850150,Roßdorf,,Stadt- und Kreis-Sparkasse Darmstadt,55050
50850150,Seeheim-Jugenheim,06432022,Stadt- und Kreis-Sparkasse Darmstadt,55050
50850150,Weiterstadt,06432023,Stadt- und Kreis-Sparkasse Darmstadt,55050
50851952,Erbach,,Sparkasse Odenwaldkreis,55052
50851952,Bad König,06437001,Sparkasse Odenwaldkreis,55052
50851952,Brensbach,06437003,Sparkasse Odenwaldkreis,55052
50851952,Breuberg,06437004,Sparkasse Odenwaldkreis,55052
50851952,Brombachtal,06437005,Sparkasse Odenwaldkreis,55052
50851952,Fränkisch-Crumbach,06437007,Sparkasse Odenwaldkreis,55052
50851952,Höchst,,Sparkasse Odenwaldkreis,55052
50851952,Lützelbach,06437010,Sparkasse Odenwaldkreis,55052
50851952,Michelstadt,06437011,Sparkasse Odenwaldkreis,55052
50851952,Oberzent,06437016,Sparkasse Odenwaldkreis,55052
50851952,Reichelsheim (Odenwald),06437013,Sparkasse Odenwaldkreis,55052
50852553,Groß-Gerau,06433006,Kreissparkasse Groß-Gerau,55053
50852553,Biebesheim am Rhein,06433001,Kreissparkasse Groß-Gerau,55053
50852553,Bischofsheim,06433002,Kreissparkasse Groß-Gerau,55053
50852553,Büttelborn,06433003,Kreissparkasse Groß-Gerau,55053
50852553,Gernsheim,06433004,Kreissparkasse Groß-Gerau,55053
50852553,Ginsheim-Gustavsburg,06433005,Kreissparkasse Groß-Gerau,55053
50852553,Kelsterbach,06433007,Kreissparkasse Groß-Gerau,55053
50852553,Mörfelden-Walldorf,06433008,Kreissparkasse Groß-Gerau,55053
50852553,Nauheim,06433009,Kreissparkasse Groß-Gerau,55053
50852553,Raunheim,06433010,Kreissparkasse Groß-Gerau,55053
50852553,Riedstadt,06433011,Kreissparkasse Groß-Gerau,55053
50852553,Rüsselsheim am Main,06433012,Kreissparkasse Groß-Gerau,55053
50852553,Stockstadt am Rhein,06433013,Kreissparkasse Groß-Gerau,55053
50852553,Trebur,06433014,Kreissparkasse Groß-Gerau,55053
50852651,Groß-Umstadt,06432010,Sparkasse Dieburg,55051
50852651,Babenhausen,,Sparkasse Dieburg,55051
50852651,Dieburg,06432004,Sparkasse Dieburg,55051
50852651,Eppertshausen,06432005,Sparkasse Dieburg,55051
50852651,Groß-Zimmern,06432011,Sparkasse Dieburg,55051
50852651,Münster (Hessen),06432015,Sparkasse Dieburg,55051
50852651,Otzberg,06432017,Sparkasse Dieburg,55051
50852651,Reinheim,06432019,Sparkasse Dieburg,55051
50852651,Rodgau,06438011,Sparkasse Dieburg,55051
50852651,Rödermark,06438012,Sparkasse Dieburg,55051
50852651,Schaafheim,06432021,Sparkasse Dieburg,55051
50861393,Bad König,06437001,Spar- und Darlehnskasse Zell -alt-,65618
50861501,Alsbach-Hähnlein,06432001,Raiffeisenbank Nördliche Bergstraße,65128
50861501,Alsbach-Hähnlein,06432001,Raiffeisenbank Nördliche Bergstraße (Gf P2),75128
50861501,Bickenbach,,Raiffeisenbank Nördliche Bergstraße,65128
50862311,Weiterstadt,06432023,Volksbank Gräfenhausen -alt-,65221
50862311,Weiterstadt,06432023,Volksbank Gräfenhausen (Gf P2),75221
50862408,Griesheim,06432008,Vereinigte Volksbank Griesheim-Weiterstadt -alt-,65233
50862408,Griesheim,06432008,Vereinigte Volksbank Griesheim-Weiterstadt (Gf P2),75233
50862408,Weiterstadt,06432023,Vereinigte Volksbank Griesheim-Weiterstadt,65233
50862703,Reinheim,06432019,Volksbank Gersprenztal-Otzberg,65256
50862835,Schaafheim,06432021,Raiffeisenbank Schaafheim -alt-,65266
50862835,Schaafheim,06432021,Raiffeisenbank Schaafheim (Gf P2),75266
50862903,Ginsheim-Gustavsburg,06433005,Volksbank Mainspitze,65270
50862903,Ginsheim-Gustavsburg,06433005,Volksbank Mainspitze (Gf P2),75270
50862903,Rüsselsheim am Main,06433012,Volksbank Mainspitze,65270
50863513,Reinheim,06432019,Vereinigte Volksbank Raiffeisenbank,65296
50863513,Reinheim,06432019,Vereinigte Volksbank Raiffeisenbank (Gf P2),75296
50865224,Mörfelden-Walldorf,06433008,VB Mörfelden-Walldorf Ndl d Frankfurter VB,65321
50865503,Eppertshausen,06432005,Volksbank -alt-,65324
50865503,Eppertshausen,06432005,Volksbank (Gf P2),75324
50870005,Darmstadt,06411000,Deutsche Bank,27104
50870005,Griesheim,06432008,Deutsche Bank,27104
50870005,Groß-Gerau,06433006,Deutsche Bank,27104
50870005,Michelstadt,06437011,Deutsche Bank,27104
50870024,Darmstadt,06411000,Deutsche Bank,21104
50870024,Griesheim,06432008,Deutsche Bank,21104
50870024,Groß-Gerau,06433006,Deutsche Bank,21104
50870024,Michelstadt,06437011,Deutsche Bank,21104
50870324,Darmstadt,06411000,Postbank/DSL Ndl der Deutsche Bank,21393
50870393,Darmstadt,06411000,Postbank/DSL Ndl der Deutsche Bank,27393
50880050,Darmstadt,06411000,Commerzbank vormals Dresdner Bank,28508
50880050,Bensheim,06431002,Commerzbank vormals Dresdner Bank,28508
50880050,Michelstadt,06437011,Commerzbank vormals Dresdner Bank,28508
50880050,Pfungstadt,06432018,Commerzbank vormals Dresdner Bank,28508
50880085,Darmstadt,06411000,"Commerzbank vormals Dresdner Bank, PCC DCC-ITGK 1",
50880086,Darmstadt,06411000,"Commerzbank vormals Dresdner Bank, PCC DCC-ITGK 2",
50890000,Darmstadt,06411000,Volksbank Darmstadt - Südhessen -alt-,95005
50890000,Bensheim,06431002,Volksbank Darmstadt - Südhessen,95005
50890000,Biblis,06431003,Volksbank Darmstadt - Südhessen,95005
50890000,Biebesheim am Rhein,06433001,Volksbank Darmstadt - Südhessen,95005
50890000,Bürstadt,06431005,Volksbank Darmstadt - Südhessen,95005
50890000,Büttelborn,06433003,Volksbank Darmstadt - Südhessen,95005
50890000,Darmstadt,06411000,Volksbank Darmstadt - Südhessen (Gf P2),85005
50890000,Einhausen,,Volksbank Darmstadt - Südhessen,95005
50890000,Erzhausen,06432006,Volksbank Darmstadt - Südhessen,95005
50890000,Gernsheim,06433004,Volksbank Darmstadt - Südhessen,95005
50890000,Groß-Gerau,06433006,Volksbank Darmstadt - Südhessen,95005
50890000,Heppenheim (Bergstraße),,Volksbank Darmstadt - Südhessen,95005
50890000,Lampertheim,06431013,Volksbank Darmstadt - Südhessen,95005
50890000,Laudenbach,,Volksbank Darmstadt - Südhessen,95005
50890000,Lautertal (Odenwald),06431014,Volksbank Darmstadt - Südhessen,95005
50890000,Lorsch,06431016,Volksbank Darmstadt - Südhessen,95005
50890000,Messel,06432012,Volksbank Darmstadt - Südhessen,95005
50890000,Modautal,06432013,Volksbank Darmstadt - Südhessen,95005
50890000,Mühltal,06432014,Volksbank Darmstadt - Südhessen,95005
50890000,Mörfelden-Walldorf,06433008,Volksbank Darmstadt - Südhessen,95005
50890000,Nauheim,06433009,Volksbank Darmstadt - Südhessen,95005
50890000,Ober-Ramstadt,06432016,Volksbank Darmstadt - Südhessen,95005
50890000,Pfungstadt,06432018,Volksbank Darmstadt - Südhessen,95005
50890000,Riedstadt,06433011,Volksbank Darmstadt - Südhessen,95005
50890000,Roßdorf,,Volksbank Darmstadt - Südhessen,95005
50890000,Seeheim-Jugenheim,06432022,Volksbank Darmstadt - Südhessen,95005
50890000,Stockstadt am Rhein,06433013,Volksbank Darmstadt - Südhessen,95005
50890000,Trebur,06433014,Volksbank Darmstadt - Südhessen,95005
50890000,Viernheim,06431020,Volksbank Darmstadt - Südhessen,95005
50890000,Zwingenberg,,Volksbank Darmstadt - Südhessen,95005
50950068,Bensheim,06431002,Sparkasse Bensheim,55068
50950068,Einhausen,,Sparkasse Bensheim,55068
50950068,Lautertal (Odenwald),06431014,Sparkasse Bensheim,55068
50950068,Lorsch,06431016,Sparkasse Bensheim,55068
50950068,Zwingenberg,,Sparkasse Bensheim,55068
50951469,Heppenheim (Bergstraße),,Sparkasse Starkenburg,55069
50951469,Abtsteinach,06431001,Sparkasse Starkenburg,55069
50951469,Birkenau,06431004,Sparkasse Starkenburg,55069
50951469,Fürth,,Sparkasse Starkenburg,55069
50951469,Gorxheimertal,06431008,Sparkasse Starkenburg,55069
50951469,Grasellenbach,06431009,Sparkasse Starkenburg,55069
50951469,Hirschhorn (Neckar),,Sparkasse Starkenburg,55069
50951469,Lindenfels,06431015,Sparkasse Starkenburg,55069
50951469,Mörlenbach,06431017,Sparkasse Starkenburg,55069
50951469,Neckarsteinach,06431018,Sparkasse Starkenburg,55069
50951469,Rimbach,,Sparkasse Starkenburg,55069
50951469,Viernheim,06431020,Sparkasse Starkenburg,55069
50951469,Wald-Michelbach,06431021,Sparkasse Starkenburg,55069
50961206,Bürstadt,06431005,"VR Bank Ried-Überwald, Bürstadt",65080
50961206,Biblis,06431003,"VR Bank Ried-Überwald, Bürstadt",65080
50961206,Bürstadt,06431005,"VR Bank Ried-Überwald, Bürstadt (Gf P2)",75080
50961206,Gernsheim,06433004,"VR Bank Ried-Überwald, Bürstadt",65080
50961592,Rimbach,,Volksbank Weschnitztal,65595
50961592,Fürth,,Volksbank Weschnitztal,65595
50961592,Mörlenbach,06431017,Volksbank Weschnitztal,65595
50961592,Rimbach,,Volksbank Weschnitztal (Gf P2),75595
50961685,Abtsteinach,06431001,Volksbank Überwald-Gorxheimertal -alt-,65592
50961685,Abtsteinach,06431001,Volksbank Überwald-Gorxheimertal (Gf P2),75592
50961685,Gorxheimertal,06431008,Volksbank Überwald-Gorxheimertal,65592
50961685,Wald-Michelbach,06431021,Volksbank Überwald-Gorxheimertal,65592
50970004,Bensheim,06431002,Deutsche Bank,27103
50970004,Heppenheim (Bergstraße),,Deutsche Bank,27103
50970024,Bensheim,06431002,Deutsche Bank,21103
50970024,Heppenheim (Bergstraße),,Deutsche Bank,21103
51010400,Wiesbaden,06414000,Aareal Bank,26716
51020000,Wiesbaden,06414000,BHF-BANK,25163
51020186,Wiesbaden,06414000,UniCredit Bank - HypoVereinsbank,22094
51040038,Wiesbaden,06414000,Commerzbank,24510
51040038,Bingen am Rhein,07339005,Commerzbank,24510
51040038,Eltville am Rhein,06439003,Commerzbank,24510
51040038,Rüdesheim am Rhein,06439013,Commerzbank,24510
51040038,Taunusstein,06439015,Commerzbank,24510
51050015,Wiesbaden,06414000,Nassauische Sparkasse,55115
51050015,Aarbergen,06439001,Nassauische Sparkasse,55115
51050015,Bad Camberg,06533003,Nassauische Sparkasse,55115
51050015,Bad Ems,07141006,Nassauische Sparkasse,55115
51050015,Bad Homburg,,Nassauische Sparkasse,55115
51050015,Bad Marienberg (Westerwald),07143206,Nassauische Sparkasse,55115
51050015,Bad Schwalbach,06439002,Nassauische Sparkasse,55115
51050015,Bad Soden am Taunus,06436001,Nassauische Sparkasse,55115
51050015,Brechen,06533002,Nassauische Sparkasse,55115
51050015,Diez,07141029,Nassauische Sparkasse,55115
51050015,Dornburg,06533004,Nassauische Sparkasse,55115
51050015,Eltville am Rhein,06439003,Nassauische Sparkasse,55115
51050015,Elz,06533006,Nassauische Sparkasse,55115
51050015,Eppstein,06436002,Nassauische Sparkasse,55115
51050015,Flörsheim am Main,,Nassauische Sparkasse,55115
51050015,Frankfurt am Main,06412000,Nassauische Sparkasse,55115
51050015,Friedrichsdorf,06434002,Nassauische Sparkasse,55115
51050015,Geisenheim,06439004,Nassauische Sparkasse,55115
51050015,Hachenburg,07143229,Nassauische Sparkasse,55115
51050015,Hadamar,06533007,Nassauische Sparkasse,55115
51050015,Hahnstätten,07141051,Nassauische Sparkasse,55115
51050015,Hattersheim am Main,06436005,Nassauische Sparkasse,55115
51050015,Herschbach,,Nassauische Sparkasse,55115
51050015,Hochheim am Main,,Nassauische Sparkasse,55115
51050015,Hofheim am Taunus,06436007,Nassauische Sparkasse,55115
51050015,Hohenstein,,Nassauische Sparkasse,55115
51050015,Holzappel,07141059,Nassauische Sparkasse,55115
51050015,Hünstetten,06439007,Nassauische Sparkasse,55115
51050015,Höhr-Grenzhausen,07143032,Nassauische Sparkasse,55115
51050015,Idstein,06439008,Nassauische Sparkasse,55115
51050015,Kamp-Bornhofen,07141066,Nassauische Sparkasse,55115
51050015,Katzenelnbogen,07141068,Nassauische Sparkasse,55115
51050015,Kaub,07141069,Nassauische Sparkasse,55115
51050015,Kelkheim (Taunus),06436008,Nassauische Sparkasse,55115
51050015,Kiedrich,06439009,Nassauische Sparkasse,55115
51050015,Kriftel,06436009,Nassauische Sparkasse,55115
51050015,Königstein im Taunus,06434005,Nassauische Sparkasse,55115
51050015,Lahnstein,07141075,Nassauische Sparkasse,55115
51050015,Limburg,,Nassauische Sparkasse,55115
51050015,Lorch,,Nassauische Sparkasse,55115
51050015,Miehlen,07141085,Nassauische Sparkasse,55115
51050015,Montabaur,07143048,Nassauische Sparkasse,55115
51050015,Nassau,07141091,Nassauische Sparkasse,55115
51050015,Nastätten,07141092,Nassauische Sparkasse,55115
51050015,Nauort,07143050,Nassauische Sparkasse,55115
51050015,Nentershausen,,Nassauische Sparkasse,55115
51050015,Neu-Anspach,06434007,Nassauische Sparkasse,55115
51050015,Neuhäusel,07143052,Nassauische Sparkasse,55115
51050015,Niedernhausen,06439011,Nassauische Sparkasse,55115
51050015,Oberursel (Taunus),06434008,Nassauische Sparkasse,55115
51050015,Ransbach-Baumbach,07143062,Nassauische Sparkasse,55115
51050015,Rennerod,07143286,Nassauische Sparkasse,55115
51050015,Rüdesheim am Rhein,06439013,Nassauische Sparkasse,55115
51050015,Schlangenbad,06439014,Nassauische Sparkasse,55115
51050015,Selters (Westerwald),07143067,Nassauische Sparkasse,55115
51050015,Singhofen,07141129,Nassauische Sparkasse,55115
51050015,St. Goarshausen,,Nassauische Sparkasse,55115
51050015,Sulzbach (Taunus),06436012,Nassauische Sparkasse,55115
51050015,Taunusstein,06439015,Nassauische Sparkasse,55115
51050015,Usingen,06434011,Nassauische Sparkasse,55115
51050015,Wallmerod,07143304,Nassauische Sparkasse,55115
51050015,Walluf,06439017,Nassauische Sparkasse,55115
51050015,Wehrheim,06434012,Nassauische Sparkasse,55115
51050015,Westerburg,07143308,Nassauische Sparkasse,55115
51050015,Wirges,07143081,Nassauische Sparkasse,55115
51051000,Wiesbaden,06414000,S Broker Wiesbaden,
51070021,Wiesbaden,06414000,Deutsche Bank,27111
51070021,Eltville am Rhein,06439003,Deutsche Bank,27111
51070021,Taunusstein,06439015,Deutsche Bank,27111
51070024,Wiesbaden,06414000,Deutsche Bank,21111
51070024,Eltville am Rhein,06439003,Deutsche Bank,21111
51070024,Taunusstein,06439015,Deutsche Bank,21111
51080060,Wiesbaden,06414000,Commerzbank vormals Dresdner Bank,28510
51080060,Bad Kreuznach,07133006,Commerzbank vormals Dresdner Bank,28510
51080060,Bingen am Rhein,07339005,Commerzbank vormals Dresdner Bank,28510
51080060,Eltville am Rhein,06439003,Commerzbank vormals Dresdner Bank,28510
51080060,Idar-Oberstein,07134045,Commerzbank vormals Dresdner Bank,28510
51080060,Taunusstein,06439015,Commerzbank vormals Dresdner Bank,28510
51080085,Wiesbaden,06414000,"Commerzbank vormals Dresdner Bank, PCC DCC-ITGK 1",
51080086,Wiesbaden,06414000,"Commerzbank vormals Dresdner Bank, PCC DCC-ITGK2",
51089410,Wiesbaden,06414000,Commerzbank vormals Dresdner Bank ITGK,
51090000,Wiesbaden,06414000,Wiesbadener Volksbank,95006
51090000,Bad Schwalbach,06439002,Wiesbadener Volksbank,95006
51090000,Eltville am Rhein,06439003,Wiesbadener Volksbank,95006
51090000,Hohenstein,,Wiesbadener Volksbank,95006
51090000,Taunusstein,06439015,Wiesbadener Volksbank,95006
51090000,Wiesbaden,06414000,Wiesbadener Volksbank (Gf P2),85006
51091500,Geisenheim,06439004,Rheingauer Volksbank,95151
51091500,Bad Schwalbach,06439002,Rheingauer Volksbank,95151
51091500,Eltville am Rhein,06439003,Rheingauer Volksbank,95151
51091500,Geisenheim,06439004,Rheingauer Volksbank (Gf P2),85151
51091500,Kiedrich,06439009,Rheingauer Volksbank,95151
51091500,Lorch,,Rheingauer Volksbank,95151
51091500,Oestrich-Winkel,06439012,Rheingauer Volksbank,95151
51091500,Rüdesheim am Rhein,06439013,Rheingauer Volksbank,95151
51091500,Walluf,06439017,Rheingauer Volksbank,95151
51091501,Geisenheim,06439004,Rheingauer Volksbank (Gf GAA),
51140029,Limburg,,Commerzbank,24513
51140029,Diez,07141029,Commerzbank,24513
51150018,Limburg,,Kreissparkasse Limburg,55118
51150018,Bad Camberg,06533003,Kreissparkasse Limburg,55118
51150018,Brechen,06533002,Kreissparkasse Limburg,55118
51150018,Dornburg,06533004,Kreissparkasse Limburg,55118
51150018,Elbtal,06533005,Kreissparkasse Limburg,55118
51150018,Elz,06533006,Kreissparkasse Limburg,55118
51150018,Hadamar,06533007,Kreissparkasse Limburg,55118
51150018,Hünfelden,06533008,Kreissparkasse Limburg,55118
51150018,Runkel,06533013,Kreissparkasse Limburg,55118
51150018,Selters (Taunus),06533014,Kreissparkasse Limburg,55118
51150018,Waldbrunn (Westerwald),06533016,Kreissparkasse Limburg,55118
51151919,Weilburg,06533017,Kreissparkasse Weilburg,55119
51151919,Beselich,06533001,Kreissparkasse Weilburg,55119
51151919,Löhnberg,06533010,Kreissparkasse Weilburg,55119
51151919,Mengerskirchen,06533011,Kreissparkasse Weilburg,55119
51151919,Runkel,06533013,Kreissparkasse Weilburg,55119
51151919,Villmar,06533015,Kreissparkasse Weilburg,55119
51151919,Weilmünster,06533018,Kreissparkasse Weilburg,55119
51161606,Dornburg,06533004,Volksbank Langendernbach,65146
51161606,Dornburg,06533004,Volksbank Langendernbach (Gf P2),75146
51161606,Waldbrunn (Westerwald),06533016,Volksbank Langendernbach,65146
51170010,Limburg,,Deutsche Bank,27050
51170024,Limburg,,Deutsche Bank,21050
51180041,Limburg,,Commerzbank vormals Dresdner Bank,
51190000,Limburg,,Vereinigte Volksbank Limburg -alt-,95007
51190000,Limburg,,Vereinigte Volksbank Limburg (Gf P2),85007
51191800,Beselich,06533001,Volksbank Schupbach -alt-,95170
51191800,Beselich,06533001,Volksbank Schupbach (Gf P2),85170
51192200,Weilmünster,06533018,Volks- und Raiffeisenbank Weilmünster -alt-,95188
51210600,Frankfurt am Main,06412000,BNP Paribas Niederlassung Deutschland,29627
51210606,Frankfurt am Main,06412000,BNP Paribas Niederlassung Deutschland,
51210699,Frankfurt am Main,06412000,BNP Paribas Niederlassung Deutschland,
51210700,Frankfurt am Main,06412000,NIBC Bank Zndl Frankfurt am Main,
51210800,Frankfurt am Main,06412000,Societe Generale,29503
51210801,Frankfurt am Main,06412000,Societe Generale,
51210802,Frankfurt am Main,06412000,Societe Generale,
51210803,Frankfurt am Main,06412000,Societe Generale,
51211000,Frankfurt am Main,06412000,NATIXIS Pfandbriefbank,
51220200,Frankfurt am Main,06412000,Skandinaviska Enskilda Banken (publ) Frankfurt Branch,25201
51220400,Frankfurt am Main,06412000,Bank Saderat Iran,29616
51220700,Frankfurt am Main,06412000,ZIRAAT BANK International,29595
51220800,Frankfurt am Main,06412000,Banco do Brasil,
51220900,Frankfurt am Main,06412000,Morgan Stanley Bank,
51220910,Frankfurt am Main,06412000,Morgan Stanley Bank,
51230500,Frankfurt am Main,06412000,Standard Chartered Bank,29044
51230502,Frankfurt am Main,06412000,Standard Chartered Bank,
51230555,Wiesbaden,06414000,Ikano Bank,
51250000,Bad Homburg,,Taunus-Sparkasse,55100
51250000,Bad Soden am Taunus,06436001,Taunus-Sparkasse,55100
51250000,Eppstein,06436002,Taunus-Sparkasse,55100
51250000,Eschborn,06436003,Taunus-Sparkasse,55100
51250000,Flörsheim am Main,,Taunus-Sparkasse,55100
51250000,Frankfurt am Main,06412000,Taunus-Sparkasse,55100
51250000,Friedrichsdorf,06434002,Taunus-Sparkasse,55100
51250000,Grävenwiesbach,06434004,Taunus-Sparkasse,55100
51250000,Hattersheim am Main,06436005,Taunus-Sparkasse,55100
51250000,Hochheim am Main,,Taunus-Sparkasse,55100
51250000,Hofheim am Taunus,06436007,Taunus-Sparkasse,55100
51250000,Kelkheim (Taunus),06436008,Taunus-Sparkasse,55100
51250000,Kriftel,06436009,Taunus-Sparkasse,55100
51250000,Kronberg im Taunus,06434006,Taunus-Sparkasse,55100
51250000,Königstein im Taunus,06434005,Taunus-Sparkasse,55100
51250000,Liederbach am Taunus,06436010,Taunus-Sparkasse,55100
51250000,Neu-Anspach,06434007,Taunus-Sparkasse,55100
51250000,Oberursel (Taunus),06434008,Taunus-Sparkasse,55100
51250000,Schmitten im Taunus,06434009,Taunus-Sparkasse,55100
51250000,Schwalbach am Taunus,06436011,Taunus-Sparkasse,55100
51250000,Steinbach (Taunus),06434010,Taunus-Sparkasse,55100
51250000,Sulzbach (Taunus),06436012,Taunus-Sparkasse,55100
51250000,Usingen,06434011,Taunus-Sparkasse,55100
51250000,Wehrheim,06434012,Taunus-Sparkasse,55100
51250000,Weilrod,06434013,Taunus-Sparkasse,55100
51340013,Gießen,06531005,Commerzbank,24534
51340013,Bad Nauheim,06440002,Commerzbank,24534
51340013,Friedberg (Hessen),06440008,Commerzbank,24534
51343224,Alsfeld,06535001,Commerzbank,24531
51350025,Gießen,06531005,Sparkasse Gießen,55125
51350025,Allendorf (Lumda),06531001,Sparkasse Gießen,55125
51350025,Buseck,06531003,Sparkasse Gießen,55125
51350025,Fernwald,06531004,Sparkasse Gießen,55125
51350025,Heuchelheim a. d. Lahn,,Sparkasse Gießen,55125
51350025,Langgöns,06531009,Sparkasse Gießen,55125
51350025,Lich,06531011,Sparkasse Gießen,55125
51350025,Linden,,Sparkasse Gießen,55125
51350025,Lollar,06531013,Sparkasse Gießen,55125
51350025,Pohlheim,06531014,Sparkasse Gießen,55125
51350025,Reiskirchen,06531016,Sparkasse Gießen,55125
51350025,Staufenberg,,Sparkasse Gießen,55125
51351526,Grünberg,06531006,Sparkasse Grünberg,55126
51351526,Rabenau,,Sparkasse Grünberg,55126
51352227,Laubach,,Sparkasse Laubach-Hungen,55127
51352227,Hungen,06531008,Sparkasse Laubach-Hungen,55127
51361021,Heuchelheim a. d. Lahn,,Volksbank Heuchelheim,65063
51361021,Biebertal,06531002,Volksbank Heuchelheim,65063
51361021,Heuchelheim a. d. Lahn,,Volksbank Heuchelheim (Gf P2),75063
51361021,Hohenahr,06532013,Volksbank Heuchelheim,65063
51361021,Lahnau,06532015,Volksbank Heuchelheim,65063
51370008,Gießen,06531005,Deutsche Bank,27114
51370024,Gießen,06531005,Deutsche Bank,21114
51380040,Gießen,06531005,Commerzbank vormals Dresdner Bank,28513
51380040,Bad Nauheim,06440002,Commerzbank vormals Dresdner Bank,28513
51380085,Gießen,06531005,"Commerzbank vormals Dresdner Bank, PCC DCC-ITGK 1",
51390000,Gießen,06531005,Volksbank Mittelhessen,95008
51390000,Gießen,06531005,Volksbank Mittelhessen (Gf P2),85008
51410700,Frankfurt am Main,06412000,Bank of China,29655
51420200,Frankfurt am Main,06412000,Misr Bank-Europe,
51420300,Frankfurt am Main,06412000,Bank Julius Bär Deutschland,
51430400,Frankfurt am Main,06412000,Goldman Sachs,
51430410,Frankfurt am Main,06412000,Goldman Sachs,
51432100,Frankfurt am Main,06412000,Saman Bank Niederlassung Frankfurt,
51540037,Wetzlar,06532023,Commerzbank,24530
51540037,Butzbach,06440005,Commerzbank,24530
51550035,Wetzlar,06532023,Sparkasse Wetzlar,55135
51550035,Aßlar,06532001,Sparkasse Wetzlar,55135
51550035,Biebertal,06531002,Sparkasse Wetzlar,55135
51550035,Bischoffen,06532002,Sparkasse Wetzlar,55135
51550035,Braunfels,06532003,Sparkasse Wetzlar,55135
51550035,Ehringshausen,06532008,Sparkasse Wetzlar,55135
51550035,Greifenstein,06532010,Sparkasse Wetzlar,55135
51550035,Hohenahr,06532013,Sparkasse Wetzlar,55135
51550035,Hüttenberg,06532014,Sparkasse Wetzlar,55135
51550035,Lahnau,06532015,Sparkasse Wetzlar,55135
51550035,Leun,06532016,Sparkasse Wetzlar,55135
51550035,Solms,06532021,Sparkasse Wetzlar,55135
51550035,Waldsolms,06532022,Sparkasse Wetzlar,55135
51550035,Wettenberg,06531018,Sparkasse Wetzlar,55135
51570008,Wetzlar,06532023,Deutsche Bank,27054
51570024,Wetzlar,06532023,Deutsche Bank,21054
51580044,Wetzlar,06532023,Commerzbank vormals Dresdner Bank,
51591300,Waldsolms,06532022,Volksbank Brandoberndorf,95138
51591300,Waldsolms,06532022,Volksbank Brandoberndorf (Gf P2),85138
51640043,Dillenburg,06532006,Commerzbank,24532
51650045,Dillenburg,06532006,Sparkasse Dillenburg,55145
51650045,Breitscheid,,Sparkasse Dillenburg,55145
51650045,Dietzhölztal,06532005,Sparkasse Dillenburg,55145
51650045,Driedorf,06532007,Sparkasse Dillenburg,55145
51650045,Eschenburg,06532009,Sparkasse Dillenburg,55145
51650045,Greifenstein,06532010,Sparkasse Dillenburg,55145
51650045,Haiger,06532011,Sparkasse Dillenburg,55145
51650045,Herborn,,Sparkasse Dillenburg,55145
51650045,Mittenaar,06532017,Sparkasse Dillenburg,55145
51650045,Siegbach,06532019,Sparkasse Dillenburg,55145
51650045,Sinn,06532020,Sparkasse Dillenburg,55145
51690000,Dillenburg,06532006,Volksbank Dill -alt-,95010
51690000,Breitscheid,,Volksbank Dill,95010
51690000,Dietzhölztal,06532005,Volksbank Dill,95010
51690000,Dillenburg,06532006,Volksbank Dill (Gf P2),85010
51690000,Driedorf,06532007,Volksbank Dill,95010
51690000,Eschenburg,06532009,Volksbank Dill,95010
51690000,Haiger,06532011,Volksbank Dill,95010
51690000,Herborn,,Volksbank Dill,95010
51690000,Mittenaar,06532017,Volksbank Dill,95010
51690000,Sinn,06532020,Volksbank Dill,95010
51691500,Herborn,,Volksbank Herborn-Eschenburg -alt-,95152
51691500,Eschenburg,06532009,Volksbank Herborn-Eschenburg Zw,95152
51691500,Herborn,,Volksbank Herborn-Eschenburg (Gf P2),85152
51691500,Sinn,06532020,Volksbank Herborn-Eschenburg Zw Sinn,95152
51752267,Battenberg (Eder),06635004,Sparkasse Battenberg -alt-,55167
51762434,Dillenburg,06532006,VR Bank Lahn-Dill,65237
51762434,Bad Endbach,06534003,VR Bank Lahn-Dill,65237
51762434,Biedenkopf,06534004,VR Bank Lahn-Dill,65237
51762434,Breidenbach,06534005,VR Bank Lahn-Dill,65237
51762434,Breitscheid,,VR Bank Lahn-Dill,65237
51762434,Dautphetal,06534007,VR Bank Lahn-Dill,65237
51762434,Dietzhölztal,06532005,VR Bank Lahn-Dill,65237
51762434,Dillenburg,06532006,VR Bank Lahn-Dill (Gf P2),75237
51762434,Driedorf,06532007,VR Bank Lahn-Dill,65237
51762434,Eschenburg,06532009,VR Bank Lahn-Dill,65237
51762434,Gladenbach,06534010,VR Bank Lahn-Dill,65237
51762434,Haiger,06532011,VR Bank Lahn-Dill,65237
51762434,Herborn,,VR Bank Lahn-Dill,65237
51762434,Mittenaar,06532017,VR Bank Lahn-Dill,65237
51762434,Sinn,06532020,VR Bank Lahn-Dill,65237
51762434,Steffenberg,06534019,VR Bank Lahn-Dill,65237
51850079,Friedberg (Hessen),06440008,Sparkasse Oberhessen,55179
51861325,Bad Vilbel,06440003,BVB Volksbank Ndl d Frankfurter Volksbank,65101
51861403,Butzbach,06440005,Volksbank Butzbach,65112
51861403,Butzbach,06440005,Volksbank Butzbach (Gf P2),75112
51861403,Münzenberg,06440015,Volksbank Butzbach,65112
51861616,Reichelsheim (Wetterau),06440021,Landbank Horlofftal,65152
51861616,Reichelsheim (Wetterau),06440021,Landbank Horlofftal (Gf P2),75152
51861806,Ober-Mörlen,06440018,Volksbank Ober-Mörlen,65179
51861806,Ober-Mörlen,06440018,Volksbank Ober-Mörlen (Gf P2),75179
51961023,Ulrichstein,06535018,Volksbank Ulrichstein,65064
51961023,Ulrichstein,06535018,Volksbank (Gf P2),75064
51961515,Herbstein,06535008,Spar- und Darlehnskasse Stockhausen -alt-,65134
51961515,Herbstein,06535008,Spar- und Darlehnskasse Stockhausen (Gf P2),75134
51961801,Feldatal,06535003,Volksbank Feldatal -alt-,65177
51961801,Feldatal,06535003,Volksbank Feldatal (Gf P2),75177
51990000,Lauterbach (Hessen),06535011,Volksbank Lauterbach-Schlitz -alt-,95012
51990000,Lauterbach (Hessen),06535011,Volksbank Lauterbach-Schlitz (Gf P2),85012
52040021,Kassel,06611000,Commerzbank,24520
52040021,Hann. Münden,03159017,Commerzbank,24520
52040021,Korbach,06635015,Commerzbank,24520
52040021,Warburg,05762036,Commerzbank,24520
52050000,Kassel,06611000,Landeskreditkasse Kassel,55200
52050353,Kassel,06611000,Kasseler Sparkasse,55253
52050353,Ahnatal,06633001,Kasseler Sparkasse,55253
52050353,Bad Emstal,06633006,Kasseler Sparkasse,55253
52050353,Bad Karlshafen,06633002,Kasseler Sparkasse,55253
52050353,Baunatal,06633003,Kasseler Sparkasse,55253
52050353,Breuna,06633004,Kasseler Sparkasse,55253
52050353,Calden,06633005,Kasseler Sparkasse,55253
52050353,Espenau,06633007,Kasseler Sparkasse,55253
52050353,Fuldabrück,06633008,Kasseler Sparkasse,55253
52050353,Fuldatal,06633009,Kasseler Sparkasse,55253
52050353,Habichtswald,06633011,Kasseler Sparkasse,55253
52050353,Helsa,06633012,Kasseler Sparkasse,55253
52050353,Hofgeismar,06633013,Kasseler Sparkasse,55253
52050353,Kaufungen,06633015,Kasseler Sparkasse,55253
52050353,Liebenau,,Kasseler Sparkasse,55253
52050353,Lohfelden,06633017,Kasseler Sparkasse,55253
52050353,Naumburg,06633018,Kasseler Sparkasse,55253
52050353,Nieste,06633019,Kasseler Sparkasse,55253
52050353,Niestetal,06633020,Kasseler Sparkasse,55253
52050353,Reinhardshagen,06633022,Kasseler Sparkasse,55253
52050353,Schauenburg,06633023,Kasseler Sparkasse,55253
52050353,Söhrewald,06633024,Kasseler Sparkasse,55253
52050353,Trendelburg,06633025,Kasseler Sparkasse,55253
52050353,Vellmar,06633026,Kasseler Sparkasse,55253
52050353,Wolfhagen,06633028,Kasseler Sparkasse,55253
52050353,Zierenberg,06633029,Kasseler Sparkasse,55253
52051373,Borken (Hessen),06634001,Stadtsparkasse Borken (Hessen) -alt-,55273
52051555,Felsberg,06634003,Stadtsparkasse Felsberg -alt-,55255
52051877,Grebenstein,06633010,Stadtsparkasse Grebenstein,55277
52051877,Calden,06633005,Stadtsparkasse Grebenstein,55277
52051877,Espenau,06633007,Stadtsparkasse Grebenstein,55277
52051877,Immenhausen,06633014,Stadtsparkasse Grebenstein,55277
52052154,Melsungen,06634014,Kreissparkasse Schwalm-Eder,55254
52052154,Bad Zwesten,06634027,Kreissparkasse Schwalm-Eder,55254
52052154,Borken (Hessen),06634001,Kreissparkasse Schwalm-Eder,55254
52052154,Edermünde,06634002,Kreissparkasse Schwalm-Eder,55254
52052154,Felsberg,06634003,Kreissparkasse Schwalm-Eder,55254
52052154,Frielendorf,06634004,Kreissparkasse Schwalm-Eder,55254
52052154,Fritzlar,06634005,Kreissparkasse Schwalm-Eder,55254
52052154,Gilserberg,06634006,Kreissparkasse Schwalm-Eder,55254
52052154,Gudensberg,06634007,Kreissparkasse Schwalm-Eder,55254
52052154,Guxhagen,06634008,Kreissparkasse Schwalm-Eder,55254
52052154,Homberg,,Kreissparkasse Schwalm-Eder,55254
52052154,Jesberg,06634010,Kreissparkasse Schwalm-Eder,55254
52052154,Knüllwald,06634011,Kreissparkasse Schwalm-Eder,55254
52052154,Körle,06634012,Kreissparkasse Schwalm-Eder,55254
52052154,Malsfeld,06634013,Kreissparkasse Schwalm-Eder,55254
52052154,Morschen,06634015,Kreissparkasse Schwalm-Eder,55254
52052154,Neuental,06634016,Kreissparkasse Schwalm-Eder,55254
52052154,Neukirchen,,Kreissparkasse Schwalm-Eder,55254
52052154,Niedenstein,06634018,Kreissparkasse Schwalm-Eder,55254
52052154,Oberaula,06634019,Kreissparkasse Schwalm-Eder,55254
52052154,Ottrau,06634020,Kreissparkasse Schwalm-Eder,55254
52052154,Schrecksbach,06634021,Kreissparkasse Schwalm-Eder,55254
52052154,Schwalmstadt,06634022,Kreissparkasse Schwalm-Eder,55254
52052154,Schwarzenborn,,Kreissparkasse Schwalm-Eder,55254
52052154,Spangenberg,06634024,Kreissparkasse Schwalm-Eder,55254
52052154,Wabern,06634025,Kreissparkasse Schwalm-Eder,55254
52052154,Willingshausen,06634026,Kreissparkasse Schwalm-Eder,55254
52053458,Borken (Hessen),06634001,Sparkasse Borken-Schwalmstadt,55258
52060000,Kassel,06611000,DZ BANK,65002
52060208,Kassel,06611000,Kurhessische Landbank,65023
52060208,Kassel,06611000,Kurhessische Landbank (Gf P2),75023
52060410,Kassel,06611000,Evangelische Bank,65046
52060410,Berlin,11000000,Evangelische Bank Filiale Berlin,65046
52060410,Eisenach,07232218,Evangelische Bank Filiale Eisenach,65046
52060410,Frankfurt am Main,06412000,Evangelische Bank Filiale Frankfurt,65046
52060410,Hannover,03241001,Evangelische Bank Filiale Hannover,65046
52060410,Kassel,06611000,Evangelische Bank (Gf P2),75046
52060410,Kiel,01002000,Evangelische Bank Filiale Kiel,65046
52060410,München,09162000,Evangelische Bank Filiale München,65046
52060410,Nürnberg,09564000,Evangelische Bank Filiale Nürnberg,65046
52060410,Schwerin,13004000,Evangelische Bank Filiale Schwerin,65046
52060410,Speyer,07318000,Evangelische Bank Filiale Speyer,65046
52060410,Stuttgart,08111000,Evangelische Bank Filiale Stuttgart,65046
52060420,Kassel,06611000,Evangelische Bank (Gf GAA),
52061303,Borken (Hessen),06634001,Raiffeisenbank Borken Nordhessen -alt-,65092
52061303,Bad Zwesten,06634027,Raiffeisenbank Borken Nordhessen,65092
52061303,Borken (Hessen),06634001,Raiffeisenbank Borken Nordhessen (Gf P2),75092
52061303,Jesberg,06634010,Raiffeisenbank Borken Nordhessen,65092
52062200,Gudensberg,06634007,VR-Bank Chattengau -alt-,65210
52062200,Gudensberg,06634007,VR-Bank Chattengau (Gf P2),75210
52062601,Melsungen,06634014,VR PartnerBank Chattengau-Schwalm-Eder,65247
52062601,Edermünde,06634002,VR PartnerBank Chattengau-Schwalm-Eder,65247
52062601,Felsberg,06634003,VR PartnerBank Chattengau-Schwalm-Eder,65247
52062601,Frielendorf,06634004,VR PartnerBank Chattengau-Schwalm-Eder,65247
52062601,Fritzlar,06634005,VR PartnerBank Chattengau-Schwalm-Eder,65247
52062601,Fuldabrück,06633008,VR PartnerBank Chattengau-Schwalm-Eder,65247
52062601,Gudensberg,06634007,VR PartnerBank Chattengau-Schwalm-Eder,65247
52062601,Guxhagen,06634008,VR PartnerBank Chattengau-Schwalm-Eder,65247
52062601,Homberg,,VR PartnerBank Chattengau-Schwalm-Eder,65247
52062601,Knüllwald,06634011,VR PartnerBank Chattengau-Schwalm-Eder,65247
52062601,Körle,06634012,VR PartnerBank Chattengau-Schwalm-Eder,65247
52062601,Melsungen,06634014,VR PartnerBank Chattengau-Schwalm-Eder (Gf P2),75247
52062601,Niedenstein,06634018,VR PartnerBank Chattengau-Schwalm-Eder,65247
52062601,Wabern,06634025,VR PartnerBank Chattengau-Schwalm-Eder,65247
52063369,Spangenberg,06634024,VR-Bank Spangenberg-Morschen,65600
52063369,Morschen,06634015,VR-Bank Spangenberg-Morschen,65600
52063369,Spangenberg,06634024,VR-Bank Spangenberg-Morschen (Gf P2),75600
52063550,Wolfhagen,06633028,Raiffeisenbank HessenNord,65590
52063550,Ahnatal,06633001,Raiffeisenbank HessenNord,65590
52063550,Bad Emstal,06633006,Raiffeisenbank HessenNord,65590
52063550,Breuna,06633004,Raiffeisenbank HessenNord,65590
52063550,Calden,06633005,Raiffeisenbank HessenNord,65590
52063550,Grebenstein,06633010,Raiffeisenbank HessenNord,65590
52063550,Habichtswald,06633011,Raiffeisenbank HessenNord,65590
52063550,Liebenau,,Raiffeisenbank HessenNord,65590
52063550,Naumburg,06633018,Raiffeisenbank HessenNord,65590
52063550,Trendelburg,06633025,Raiffeisenbank HessenNord,65590
52063550,Wolfhagen,06633028,Raiffeisenbank HessenNord (Gf P2),75590
52063550,Zierenberg,06633029,Raiffeisenbank HessenNord,65590
52064156,Baunatal,06633003,Raiffeisenbank,65310
52064156,Baunatal,06633003,Raiffeisenbank (Gf P2),75310
52064156,Kaufungen,06633015,Raiffeisenbank Zw Kaufungen,65310
52064156,Lohfelden,06633017,Raiffeisenbank Zw Lohfelden,65310
52064156,Schauenburg,06633023,Raiffeisenbank Zw Schauenburg,65310
52069013,Burghaun,06631002,Raiffeisenbank Burghaun -alt-,65328
52069013,Burghaun,06631002,Raiffeisenbank Burghaun (Gf P2),75328
52069029,Gemünden (Wohra),06635012,Spar-u. Kredit-Bank,65334
52069029,Gemünden (Wohra),06635012,Spar-u. Kredit-Bank (Gf P2),75334
52069029,Haina (Kloster),06635013,Spar-u. Kredit-Bank,65334
52069029,Rosenthal,06635017,Spar-u. Kredit-Bank,65334
52069029,Wohratal,06534022,Spar-u. Kredit-Bank,65334
52069065,Burghaun,06631002,Raiffeisenbank Langenschwarz -alt-,65352
52069065,Burghaun,06631002,Raiffeisenbank Langenschwarz (Gf P2),75352
52069149,Volkmarsen,06635020,Raiffeisenbank Volkmarsen -alt-,65391
52069149,Bad Arolsen,06635002,Raiffeisenbank Volkmarsen Zw,65391
52069149,Liebenau,,Raiffeisenbank Volkmarsen,65391
52069149,Volkmarsen,06635020,Raiffeisenbank Volkmarsen (Gf P2),75391
52069519,Frankenberg,,Frankenberger Bank Raiffeisenbank -alt-,65488
52069519,Allendorf (Eder),06635001,Frankenberger Bank Raiffeisenbank,65488
52069519,Frankenau,06635010,Frankenberger Bank Raiffeisenbank,65488
52069519,Frankenberg,,Frankenberger Bank Raiffeisenbank (Gf P2),75488
52070012,Kassel,06611000,Deutsche Bank,27107
52070012,Baunatal,06633003,Deutsche Bank,27107
52070012,Hann. Münden,03159017,Deutsche Bank,27107
52070024,Kassel,06611000,Deutsche Bank,21107
52070024,Baunatal,06633003,Deutsche Bank,21107
52070024,Hann. Münden,03159017,Deutsche Bank,21107
52071212,Bad Wildungen,06635003,Deutsche Bank,27052
52071224,Bad Wildungen,06635003,Deutsche Bank,21051
52080080,Kassel,06611000,Commerzbank vormals Dresdner Bank,28520
52080080,Hann. Münden,03159017,Commerzbank vormals Dresdner Bank,28520
52080085,Kassel,06611000,"Commerzbank vormals Dresdner Bank, PCC DCC-ITGK1",
52090000,Kassel,06611000,Volksbank Kassel Göttingen,95013
52090000,Bad Arolsen,06635002,Volksbank Kassel Göttingen,95013
52090000,Bad Karlshafen,06633002,Volksbank Kassel Göttingen,95013
52090000,Bad Wildungen,06635003,Volksbank Kassel Göttingen,95013
52090000,Espenau,06633007,Volksbank Kassel Göttingen,95013
52090000,Fuldabrück,06633008,Volksbank Kassel Göttingen,95013
52090000,Fuldatal,06633009,Volksbank Kassel Göttingen,95013
52090000,Hofgeismar,06633013,Volksbank Kassel Göttingen,95013
52090000,Immenhausen,06633014,Volksbank Kassel Göttingen,95013
52090000,Kassel,06611000,Volksbank Kassel Göttingen (Gf P2),85013
52090000,Korbach,06635015,Volksbank Kassel Göttingen,95013
52090000,Niestetal,06633020,Volksbank Kassel Göttingen,95013
52090000,Reinhardshagen,06633022,Volksbank Kassel Göttingen,95013
52090000,Trendelburg,06633025,Volksbank Kassel Göttingen,95013
52090000,Vellmar,06633026,Volksbank Kassel Göttingen,95013
52090000,Willingen (Upland),06635022,Volksbank Kassel Göttingen,95013
52090000,Wolfhagen,06633028,Volksbank Kassel Göttingen,95013
52240006,Eschwege,06636003,Commerzbank,24522
52250030,Eschwege,06636003,Sparkasse Werra-Meißner,55230
52260385,Duderstadt,03159010,VR-Bank Mitte,65044
52260385,Bad Sooden-Allendorf,06636001,VR-Bank Mitte,65044
52260385,Bilshausen,03159005,VR-Bank Mitte,65044
52260385,Dingelstädt,16061118,VR-Bank Mitte,65044
52260385,Duderstadt,03159010,VR-Bank Mitte (Gf P2),75044
52260385,Eschwege,06636003,VR-Bank Mitte,65044
52260385,Gieboldehausen,03159014,VR-Bank Mitte,65044
52260385,Gleichen,03159015,VR-Bank Mitte,65044
52260385,Großalmerode,06636004,VR-Bank Mitte,65044
52260385,Göttingen,03159016,VR-Bank Mitte,65044
52260385,Heilbad Heiligenstadt,16061045,VR-Bank Mitte,65044
52260385,Hessisch Lichtenau,06636006,VR-Bank Mitte,65044
52260385,Katlenburg-Lindau,03155007,VR-Bank Mitte,65044
52260385,Leinefelde-Worbis,16061115,VR-Bank Mitte,65044
52260385,Niederorschel,16061074,VR-Bank Mitte,65044
52260385,Northeim,03155011,VR-Bank Mitte,65044
52260385,Rosdorf,,VR-Bank Mitte,65044
52260385,Treffurt,16063076,VR-Bank Mitte,65044
52260385,Waldkappel,06636012,VR-Bank Mitte,65044
52260385,Wanfried,06636013,VR-Bank Mitte,65044
52260385,Wehretal,06636014,VR-Bank Mitte,65044
52260385,Witzenhausen,06636016,VR-Bank Mitte,65044
52270012,Eschwege,06636003,Deutsche Bank,27051
52270024,Eschwege,06636003,Deutsche Bank,21052
52350005,Korbach,06635015,Sparkasse Waldeck-Frankenberg,55205
52350005,Bad Arolsen,06635002,Sparkasse Waldeck-Frankenberg,55205
52350005,Bad Wildungen,06635003,Sparkasse Waldeck-Frankenberg,55205
52350005,Diemelsee,06635007,Sparkasse Waldeck-Frankenberg,55205
52350005,Diemelstadt,06635008,Sparkasse Waldeck-Frankenberg,55205
52350005,Frankenberg,,Sparkasse Waldeck Frankenberg,55205
52350005,Gemünden (Wohra),06635012,Sparkasse Waldeck Frankenberg,55205
52350005,Volkmarsen,06635020,Sparkasse Waldeck-Frankenberg,55205
52350005,Vöhl,06635019,Sparkasse Waldeck-Frankenberg,55205
52350005,Willingen (Upland),06635022,Sparkasse Waldeck-Frankenberg,55205
52360059,Korbach,06635015,Waldeck-Frankenberger Bank,65008
52360059,Bad Arolsen,06635002,Waldeck-Frankenberger Bank,65008
52360059,Bad Wildungen,06635003,Waldeck-Frankenberger Bank,65008
52360059,Diemelsee,06635007,Waldeck-Frankenberger Bank,65008
52360059,Diemelstadt,06635008,Waldeck-Frankenberger Bank,65008
52360059,Korbach,06635015,Waldeck-Frankenberger Bank (Gf P2),75008
52360059,Lichtenfels,,Waldeck-Frankenberger Bank,65008
52360059,Twistetal,06635018,Waldeck-Frankenberger Bank,65008
52360059,Vöhl,06635019,Waldeck-Frankenberger Bank,65008
52360059,Waldeck,,Waldeck-Frankenberger Bank,65008
52360059,Willingen (Upland),06635022,Waldeck-Frankenberger Bank,65008
52410300,Frankfurt am Main,06412000,ReiseBank,26946
52410310,Frankfurt am Main,06412000,ReiseBank Gf2,26949
52410400,Frankfurt am Main,06412000,KEB Hana Bank (Deutschland),
52411000,Frankfurt am Main,06412000,ReiseBank Gf3 vormals Cash Express,99021
52411010,Frankfurt am Main,06412000,ReiseBank Gf4 vormals Cash Express,99034
52420000,Frankfurt am Main,06412000,Credit Agricole CIB Deutschland,
52420300,Frankfurt am Main,06412000,SHINHAN BANK EUROPE,
52420600,Frankfurt am Main,06412000,Piraeus Bank Frankfurt Branch,29925
52420700,Frankfurt am Main,06412000,SECB Swiss Euro Clearing Bank,
52430000,Frankfurt am Main,06412000,TARGOBANK FIRMENKUNDEN CIB,
53040012,Fulda,06631009,Commerzbank,24533
53040012,Lauterbach (Hessen),06535011,Commerzbank,24533
53040012,Schlüchtern,06435025,Commerzbank,24533
53050180,Fulda,06631009,Sparkasse Fulda,55380
53051396,Schlüchtern,06435025,Kreissparkasse Schlüchtern,55396
53051396,Bad Soden-Salmünster,06435002,Kreissparkasse Schlüchtern,55396
53051396,Sinntal,06435027,Kreissparkasse Schlüchtern,55396
53051396,Steinau,03352051,Kreissparkasse Schlüchtern,55396
53060180,Fulda,06631009,VR Bank Fulda,65021
53060180,Fulda,06631009,VR Bank Fulda (Gf P2),75021
53061230,Hünfeld,06631015,VR-Bank NordRhön,65085
53061230,Burghaun,06631002,VR-Bank NordRhön,65085
53061230,Dermbach,16063015,VR-Bank NordRhön,65085
53061230,Eiterfeld,06631007,VR-Bank NordRhön,65085
53061230,Geisa,16063032,VR-Bank NordRhön,65085
53061230,Hofbieber,06631013,VR-Bank NordRhön,65085
53061230,Hohenroda,06632010,VR-Bank NordRhön,65085
53061230,Hünfeld,06631015,VR-Bank NordRhön (Gf P2),75085
53061230,Nüsttal,06631019,VR-Bank NordRhön,65085
53061230,Tann (Rhön),06631023,VR-Bank NordRhön,65085
53061230,Unterbreizbach,16063078,VR-Bank NordRhön,65085
53061313,Schlüchtern,06435025,VR Bank Schlüchtern-Birstein -alt-,65097
53061313,Schlüchtern,06435025,VR Bank Schlüchtern-Birstein (Gf P2),75097
53062035,Großenlüder,06631011,Raiffeisenbank im Fuldaer Land,65197
53062035,Bad Salzschlirf,06631001,Raiffeisenbank im Fuldaer Land ZW Bad Salzschlirf,65197
53062035,Flieden,06631008,Raiffeisenbank im Fuldaer Land Zw Flieden,65197
53062035,Fulda,06631009,Raiffeisenbank im Fuldaer Land Zw Haimbach,65197
53062035,Großenlüder,06631011,Raiffeisenbank im Fuldaer Land (Gf P2),75197
53062035,Hosenfeld,06631014,Raiffeisenbank im Fuldaer Land Zw Hosenfeld,65197
53062350,Petersberg,,Raiffeisenbank Biebergrund-Petersberg,65228
53062350,Dipperz,06631003,Raiffeisenbank Biebergrund-Petersberg Zw,65228
53062350,Hofbieber,06631013,Raiffeisenbank Biebergrund-Petersberg Zw,65228
53062350,Petersberg,,Raiffeisenbank Biebergrund-Petersberg (Gf P2),75228
53064023,Flieden,06631008,Raiffeisenbank -alt-,65307
53064023,Flieden,06631008,Raiffeisenbank (Gf P2),75307
53070007,Fulda,06631009,Deutsche Bank,27105
53070007,Alsfeld,06535001,Deutsche Bank,27105
53070007,Lauterbach (Hessen),06535011,Deutsche Bank,27105
53070024,Fulda,06631009,Deutsche Bank,21105
53070024,Alsfeld,06535001,Deutsche Bank,21105
53070024,Lauterbach (Hessen),06535011,Deutsche Bank,21105
53070324,Fulda,06631009,Postbank/DSL Ndl der Deutsche Bank,21394
53070394,Fulda,06631009,Postbank/DSL Ndl der Deutsche Bank,27394
53080030,Fulda,06631009,Commerzbank vormals Dresdner Bank,28530
53080030,Lauterbach (Hessen),06535011,Commerzbank vormals Dresdner Bank,28530
53080030,Schlüchtern,06435025,Commerzbank vormals Dresdner Bank,28530
53093200,Alsfeld,06535001,VR VerbundBank,95272
53093200,Alsfeld,06535001,VR VerbundBank (Gf P2),85272
53093255,Alsfeld,06535001,AgrarBank,95275
53240048,Bad Hersfeld,06632002,Commerzbank,24521
53250000,Bad Hersfeld,06632002,Sparkasse Bad Hersfeld-Rotenburg,55300
53250000,Alheim,06632001,Sparkasse Bad Hersfeld-Rotenburg,55300
53250000,Bebra,06632003,Sparkasse Bad Hersfeld-Rotenburg,55300
53250000,Breitenbach a. Herzberg,,Sparkasse Bad Hersfeld-Rotenburg,55300
53250000,Cornberg,06632005,Sparkasse Bad Hersfeld-Rotenburg,55300
53250000,Friedewald,,Sparkasse Bad Hersfeld-Rotenburg,55300
53250000,Hauneck,06632007,Sparkasse Bad Hersfeld-Rotenburg,55300
53250000,Haunetal,06632008,Sparkasse Bad Hersfeld-Rotenburg,55300
53250000,Heringen (Werra),06632009,Sparkasse Bad Hersfeld-Rotenburg,55300
53250000,Hohenroda,06632010,Sparkasse Bad Hersfeld-Rotenburg,55300
53250000,Kirchheim,,Sparkasse Bad Hersfeld-Rotenburg,55300
53250000,Ludwigsau,06632012,Sparkasse Bad Hersfeld-Rotenburg,55300
53250000,Nentershausen,,Sparkasse Bad Hersfeld-Rotenburg,55300
53250000,Neuenstein,,Sparkasse Bad Hersfeld-Rotenburg,55300
53250000,Niederaula,06632015,Sparkasse Bad Hersfeld-Rotenburg,55300
53250000,Philippsthal (Werra),06632016,Sparkasse Bad Hersfeld-Rotenburg,55300
53250000,Ronshausen,06632017,Sparkasse Bad Hersfeld-Rotenburg,55300
53250000,Rotenburg a. d. Fulda,,Sparkasse Bad Hersfeld-Rotenburg,55300
53250000,Schenklengsfeld,06632019,Sparkasse Bad Hersfeld-Rotenburg,55300
53250000,Wildeck,06632020,Sparkasse Bad Hersfeld-Rotenburg,55300
53260145,Bad Hersfeld,06632002,Raiffeisenbank Asbach-Sorga -alt-,65020
53260145,Bad Hersfeld,06632002,Raiffeisenbank Asbach-Sorga (Gf P2),75020
53261202,Bebra,06632003,Bankverein Bebra -alt-,65076
53261202,Bebra,06632003,Bankverein Bebra (Gf P2),75076
53261342,Heringen (Werra),06632009,Raiffeisenbank Werratal-Landeck,65103
53261342,Friedewald,,Raiffeisenbank Werratal-Landeck,65103
53261342,Heringen (Werra),06632009,Raiffeisenbank Werratal-Landeck (Gf P2),75103
53261342,Philippsthal (Werra),06632016,Raiffeisenbank Werratal-Landeck,65103
53261342,Schenklengsfeld,06632019,Raiffeisenbank Werratal-Landeck,65103
53262073,Haunetal,06632008,Raiffeisenbank Haunetal -alt-,65200
53262073,Eiterfeld,06631007,Raiffeisenbank Haunetal Zw,65200
53262073,Hauneck,06632007,Raiffeisenbank Haunetal Zw,65200
53262073,Haunetal,06632008,Raiffeisenbank Haunetal (Gf P2),75200
53262455,Ronshausen,06632017,Raiffeisenbank Ronshausen-Marksuhl -alt-,65238
53262455,Ronshausen,06632017,Raiffeisenbank Ronshausen-Marksuhl (Gf P2),75238
53270012,Bad Hersfeld,06632002,Deutsche Bank,27053
53270024,Bad Hersfeld,06632002,Deutsche Bank,21053
53280081,Bad Hersfeld,06632002,Commerzbank vormals Dresdner Bank,
53290000,Bad Hersfeld,06632002,VR-Bankverein Bad Hersfeld-Rotenburg -alt-,95017
53290000,Bad Hersfeld,06632002,VR-Bankverein Bad Hersfeld-Rotenburg (Gf P2),85017
53340024,Marburg,06534014,Commerzbank,24535
53340024,Stadtallendorf,06534018,Commerzbank,24535
53350000,Marburg,06534014,Sparkasse Marburg-Biedenkopf,55311
53350000,Allendorf (Eder),06635001,Sparkasse Marburg-Biedenkopf,55311
53350000,Bad Endbach,06534003,Sparkasse Marburg-Biedenkopf,55311
53350000,Biedenkopf,06534004,Sparkasse Marburg-Biedenkopf,55311
53350000,Breidenbach,06534005,Sparkasse Marburg-Biedenkopf,55311
53350000,Cölbe,06534006,Sparkasse Marburg-Biedenkopf,55311
53350000,Dautphetal,06534007,Sparkasse Marburg-Biedenkopf,55311
53350000,Ebsdorfergrund,06534008,Sparkasse Marburg-Biedenkopf,55311
53350000,Fronhausen,06534009,Sparkasse Marburg-Biedenkopf,55311
53350000,Gladenbach,06534010,Sparkasse Marburg-Biedenkopf,55311
53350000,Hatzfeld (Eder),06635014,Sparkasse Marburg-Biedenkopf,55311
53350000,Kirchhain,06534011,Sparkasse Marburg-Biedenkopf,55311
53350000,Lahntal,06534012,Sparkasse Marburg-Biedenkopf,55311
53350000,Lohra,06534013,Sparkasse Marburg-Biedenkopf,55311
53350000,Neustadt (Hessen),06534016,Sparkasse Marburg-Biedenkopf,55311
53350000,Rauschenberg,06534017,Sparkasse Marburg-Biedenkopf,55311
53350000,Stadtallendorf,06534018,Sparkasse Marburg-Biedenkopf,55311
53350000,Steffenberg,06534019,Sparkasse Marburg-Biedenkopf,55311
53350000,Weimar (Lahn),06534020,Sparkasse Marburg-Biedenkopf,55311
53350000,Wetter (Hessen),06534021,Sparkasse Marburg-Biedenkopf,55311
53370008,Marburg,06534014,Deutsche Bank,27055
53370024,Marburg,06534014,Deutsche Bank,21055
53380042,Marburg,06534014,Commerzbank vormals Dresdner Bank,
53381843,Stadtallendorf,06534018,Commerzbank vormals Dresdner Bank,
54020090,Kaiserslautern,07312000,UniCredit Bank - HypoVereinsbank,22040
54030011,Sembach,07335205,Service Credit Union Overseas Headquarters,23962
54040042,Kaiserslautern,07312000,Commerzbank,24672
54050110,Kaiserslautern,07312000,Stadtsparkasse Kaiserslautern -alt-,55421
54050220,Kaiserslautern,07312000,Sparkasse Kaiserslautern,55420
54050220,Bann,07335002,Sparkasse Kaiserslautern,55420
54050220,Bruchmühlbach-Miesau,07335003,Sparkasse Kaiserslautern,55420
54050220,Enkenbach-Alsenborn,07335004,Sparkasse Kaiserslautern,55420
54050220,Frankenstein,07335010,Sparkasse Kaiserslautern,55420
54050220,Hauptstuhl,07335012,Sparkasse Kaiserslautern,55420
54050220,Hochspeyer,07335015,Sparkasse Kaiserslautern,55420
54050220,Hütschenhausen,07335016,Sparkasse Kaiserslautern,55420
54050220,Katzweiler,07335017,Sparkasse Kaiserslautern,55420
54050220,Kindsbach,07335018,Sparkasse Kaiserslautern,55420
54050220,Krickenbach,07335021,Sparkasse Kaiserslautern,55420
54050220,Landstuhl,07335022,Sparkasse Kaiserslautern,55420
54050220,Linden,,Sparkasse Kaiserslautern,55420
54050220,Mackenbach,07335024,Sparkasse Kaiserslautern,55420
54050220,Martinshöhe,07335203,Sparkasse Kaiserslautern,55420
54050220,Mehlingen,07335026,Sparkasse Kaiserslautern,55420
54050220,Niederkirchen,07335029,Sparkasse Kaiserslautern,55420
54050220,Olsbrücken,07335033,Sparkasse Kaiserslautern,55420
54050220,Otterbach,07335034,Sparkasse Kaiserslautern,55420
54050220,Otterberg,07335035,Sparkasse Kaiserslautern,55420
54050220,Queidersbach,07335037,Sparkasse Kaiserslautern,55420
54050220,Ramstein-Miesenbach,07335038,Sparkasse Kaiserslautern,55420
54050220,Reichenbach-Steegen,07335501,Sparkasse Kaiserslautern,55420
54050220,Rodenbach,,Sparkasse Kaiserslautern,55420
54050220,Schallodenbach,07335041,Sparkasse Kaiserslautern,55420
54050220,Schopp,07335204,Sparkasse Kaiserslautern,55420
54050220,Schwedelbach,07335043,Sparkasse Kaiserslautern,55420
54050220,Steinwenden,07335044,Sparkasse Kaiserslautern,55420
54050220,Trippstadt,07335047,Sparkasse Kaiserslautern,55420
54050220,Weilerbach,07335049,Sparkasse Kaiserslautern,55420
54051550,Kusel,07336055,Kreissparkasse Kusel,55427
54051550,Altenglan,07336003,Kreissparkasse Kusel,55427
54051550,Brücken (Pfalz),07336011,Kreissparkasse Kusel,55427
54051550,Glan-Münchweiler,07336031,Kreissparkasse Kusel,55427
54051550,Lauterecken,07336058,Kreissparkasse Kusel,55427
54051550,Offenbach-Hundheim,07336075,Kreissparkasse Kusel,55427
54051550,Schönenberg-Kübelberg,07336092,Kreissparkasse Kusel,55427
54051550,Waldmohr,07336102,Kreissparkasse Kusel,55427
54051550,Wolfstein,07336105,Kreissparkasse Kusel,55427
54051660,Landstuhl,07335022,Stadtsparkasse Landstuhl -alt-,55430
54051990,Rockenhausen,07333502,Sparkasse Donnersberg,55448
54051990,Albisheim (Pfrimm),07333001,Sparkasse Donnersberg,55448
54051990,Alsenz,07333003,Sparkasse Donnersberg,55448
54051990,Eisenberg (Pfalz),07333019,Sparkasse Donnersberg,55448
54051990,Göllheim,07333026,Sparkasse Donnersberg,55448
54051990,Kirchheimbolanden,07333039,Sparkasse Donnersberg,55448
54051990,Kriegsfeld,07333040,Sparkasse Donnersberg,55448
54051990,Obermoschel,07333054,Sparkasse Donnersberg,55448
54051990,Winnweiler,07333503,Sparkasse Donnersberg,55448
54061650,Landstuhl,07335022,VR-Bank Westpfalz -alt-,65591
54061650,Landstuhl,07335022,VR-Bank Westpfalz (Gf P2),75591
54062027,Albisheim (Pfrimm),07333001,Raiffeisenbank Donnersberg -alt-,65196
54062027,Albisheim (Pfrimm),07333001,Raiffeisenbank Donnersberg (Gf P2),75196
54070024,Kaiserslautern,07312000,Deutsche Bank,21191
54070024,Landstuhl,07335022,Deutsche Bank,21191
54070092,Kaiserslautern,07312000,Deutsche Bank,27191
54070092,Landstuhl,07335022,Deutsche Bank,27191
54080021,Kaiserslautern,07312000,Commerzbank vormals Dresdner Bank,28540
54090000,Kaiserslautern,07312000,Volksbank Kaiserslautern,95019
54090000,Alsenz,07333003,Volksbank Kaiserslautern-Nordwestpfalz,95019
54090000,Breitenbach,07336010,Volksbank Kaiserslautern,95019
54090000,Enkenbach-Alsenborn,07335004,Volksbank Kaiserslautern-Nordwestpfalz,95019
54090000,Hermersberg,07340016,Volksbank Kaiserslautern,95019
54090000,Kaiserslautern,07312000,Volksbank Kaiserslautern-Nordwestpfalz (Gf P2),85019
54090000,Kusel,07336055,Volksbank Kaiserslautern-Nordwestpfalz,95019
54090000,Landstuhl,07335022,Volksbank Kaiserslautern-Nordwestpfalz,95019
54090000,Meisenheim,07133065,Volksbank Kaiserslautern-Nordwestpfalz,95019
54090000,Pirmasens,07317000,Volksbank Kaiserslautern,95019
54090000,Ramstein-Miesenbach,07335038,Volksbank Kaiserslautern,95019
54090000,Rockenhausen,07333502,Volksbank Kaiserslautern-Nordwestpfalz,95019
54090000,Schönenberg-Kübelberg,07336092,Volksbank Kaiserslautern,95019
54090000,Waldfischbach-Burgalben,07340054,Volksbank Kaiserslautern,95019
54090000,Wallhalben,07340225,Volksbank Kaiserslautern,95019
54090000,Weilerbach,07335049,Volksbank Kaiserslautern,95019
54090000,Winnweiler,07333503,Volksbank Kaiserslautern-Nordwestpfalz,95019
54091700,Lauterecken,07336058,Volksbank Lauterecken,95166
54091700,Lauterecken,07336058,Volksbank Lauterecken (Gf P2),85166
54091800,Rockenhausen,07333502,VR Bank Nordwestpfalz -alt-,95172
54092400,Glan-Münchweiler,07336031,Volksbank Glan-Münchweiler,95194
54092400,Altenglan,07336003,Volksbank Glan-Münchweiler,95194
54092400,Bruchmühlbach-Miesau,07335003,Volksbank Glan-Münchweiler Zw Miesau,95194
54092400,Glan-Münchweiler,07336031,Volksbank Glan-Münchweiler (Gf P2),85194
54092400,Herschweiler-Pettersheim,07336041,Volksbank Glan-Münchweiler Zw,95194
54092400,Landstuhl,07335022,Volksbank Glan-Münchweiler,95194
54092400,Nanzdietschweiler,07336064,Volksbank Glan-Münchweiler Zw Nanzweiler,95194
54092400,Niedermohr,07335030,Volksbank Glan-Münchweiler Zw Niedermohr,95194
54092400,Ramstein-Miesenbach,07335038,Volksbank Glan-Münchweiler,95194
54092400,Schönenberg-Kübelberg,07336092,Volksbank Glan-Münchweiler Zw Schönenb-Kübelb,95194
54092400,Steinwenden,07335044,Volksbank Glan-Münchweiler Zw Steinwenden,95194
54220091,Pirmasens,07317000,UniCredit Bank - HypoVereinsbank,22069
54240032,Pirmasens,07317000,Commerzbank,24676
54250010,Pirmasens,07317000,Sparkasse Südwestpfalz,55446
54250010,Bruchmühlbach-Miesau,07335003,Sparkasse Südwestpfalz,55446
54250010,Contwig,07340206,Sparkasse Südwestpfalz,55446
54250010,Dahn,07340004,Sparkasse Südwestpfalz,55446
54250010,Hauenstein,07340014,Sparkasse Südwestpfalz,55446
54250010,Rodalben,07340038,Sparkasse Südwestpfalz,55446
54250010,Thaleischweiler-Fröschen,07340051,Sparkasse Südwestpfalz,55446
54250010,Vinningen,07340053,Sparkasse Südwestpfalz,55446
54250010,Waldfischbach-Burgalben,07340054,Sparkasse Südwestpfalz,55446
54250010,Zweibrücken,07320000,Sparkasse Südwestpfalz,55446
54261700,Pirmasens,07317000,VR-Bank Südwestpfalz Pirmasens-Zweibrücken,65162
54261700,Pirmasens,07317000,VR-Bank Südwestpfalz Pirmasens-Zweibrücken (Gf P2),75162
54261700,Rodalben,07340038,VR-Bank Südwestpfalz Pirmasens-Zweibrücken,65162
54261700,Thaleischweiler-Fröschen,07340051,VR-Bank Südwestpfalz Pirmasens-Zweibrücken,65162
54261700,Vinningen,07340053,VR-Bank Südwestpfalz Pirmasens-Zweibrücken,65162
54261700,Waldmohr,07336102,VR-Bank Südwestpfalz Pirmasens-Zweibrücken,65162
54261700,Zweibrücken,07320000,VR-Bank Südwestpfalz Pirmasens-Zweibrücken,65162
54270024,Pirmasens,07317000,Deutsche Bank,21201
54270024,Zweibrücken,07320000,Deutsche Bank,21201
54270096,Pirmasens,07317000,Deutsche Bank,27201
54270096,Zweibrücken,07320000,Deutsche Bank,27201
54280023,Pirmasens,07317000,Commerzbank vormals Dresdner Bank,28542
54291200,Dahn,07340004,Raiffeisen- u Volksbank Dahn -alt-,95126
54291200,Dahn,07340004,Raiffeisen- u Volksbank Dahn (Gf P2),85126
54500000,Ludwigshafen am Rhein,07314000,Bundesbank,20545
54510067,Ludwigshafen am Rhein,07314000,Postbank Ndl der Deutsche Bank,10067
54520194,Ludwigshafen am Rhein,07314000,UniCredit Bank - HypoVereinsbank,22053
54520194,Frankenthal (Pfalz),07311000,UniCredit Bank - HypoVereinsbank,22053
54520194,Haßloch,07332025,UniCredit Bank - HypoVereinsbank,22053
54520194,Landau in der Pfalz,07313000,UniCredit Bank - HypoVereinsbank,22053
54520194,Speyer,07318000,UniCredit Bank - HypoVereinsbank,22053
54540033,Ludwigshafen am Rhein,07314000,Commerzbank,24674
54540033,Bad Dürkheim,07332002,Commerzbank,24674
54540033,Frankenthal (Pfalz),07311000,Commerzbank,24674
54540033,Speyer,07318000,Commerzbank,24674
54550010,Ludwigshafen am Rhein,07314000,Sparkasse Vorderpfalz,55434
54550120,Ludwigshafen am Rhein,07314000,Kreissparkasse Rhein-Pfalz,55433
54561310,Lambsheim,07338016,RV Bank Rhein-Haardt -alt-,65095
54561310,Lambsheim,07338016,RV Bank Rhein-Haardt (Gf P2),75095
54570024,Ludwigshafen am Rhein,07314000,Deutsche Bank,21195
54570024,Alzey,07331003,Deutsche Bank,21195
54570024,Frankenthal (Pfalz),07311000,Deutsche Bank,21195
54570024,Limburgerhof,07338017,Deutsche Bank,21195
54570024,Speyer,07318000,Deutsche Bank,21195
54570024,Worms,07319000,Deutsche Bank,21195
54570094,Ludwigshafen am Rhein,07314000,Deutsche Bank,27195
54570094,Alzey,07331003,Deutsche Bank,27195
54570094,Frankenthal (Pfalz),07311000,Deutsche Bank,27195
54570094,Limburgerhof,07338017,Deutsche Bank,27195
54570094,Speyer,07318000,Deutsche Bank,27195
54570094,Worms,07319000,Deutsche Bank,27195
54580020,Ludwigshafen am Rhein,07314000,Commerzbank vormals Dresdner Bank,28545
54620093,Neustadt an der Weinstraße,07316000,UniCredit Bank - HypoVereinsbank,22063
54640035,Neustadt an der Weinstraße,07316000,Commerzbank,24675
54651240,Bad Dürkheim,07332002,Sparkasse Rhein-Haardt,55404
54651240,Altleiningen,07332001,Sparkasse Rhein-Haardt,55404
54651240,Bockenheim an der Weinstraße,07332006,Sparkasse Rhein-Haardt,55404
54651240,Carlsberg,07332007,Sparkasse Rhein-Haardt,55404
54651240,Deidesheim,07332009,Sparkasse Rhein-Haardt,55404
54651240,Dirmstein,07332010,Sparkasse Rhein-Haardt,55404
54651240,Ellerstadt,07332013,Sparkasse Rhein-Haardt,55404
54651240,Elmstein,07332014,Sparkasse Rhein-Haardt,55404
54651240,Frankenthal (Pfalz),07311000,Sparkasse Rhein-Haardt,55404
54651240,Freinsheim,07332019,Sparkasse Rhein-Haardt,55404
54651240,Grünstadt,07332024,Sparkasse Rhein-Haardt,55404
54651240,Gönnheim,07332022,Sparkasse Rhein-Haardt,55404
54651240,Haßloch,07332025,Sparkasse Rhein-Haardt,55404
54651240,Hettenleidelheim,07332027,Sparkasse Rhein-Haardt,55404
54651240,Kallstadt,07332028,Sparkasse Rhein-Haardt,55404
54651240,Lambrecht (Pfalz),,Sparkasse Rhein-Haardt,55404
54651240,Meckenheim,,Sparkasse Rhein-Haardt,55404
54651240,Neustadt an der Weinstraße,07316000,Sparkasse Rhein-Haardt,55404
54651240,Wachenheim an der Weinstraße,07332046,Sparkasse Rhein-Haardt,55404
54651240,Weisenheim am Berg,07332049,Sparkasse Rhein-Haardt,55404
54651240,Weisenheim am Sand,07332050,Sparkasse Rhein-Haardt,55404
54661800,Freinsheim,07332019,Raiffeisenbank Freinsheim -alt-,65176
54661800,Freinsheim,07332019,Raiffeisenbank Freinsheim (Gf P2),75176
54663270,Friedelsheim,07332020,Raiffeisenbank Friedelsheim-Rödersheim -alt-,65284
54663270,Friedelsheim,07332020,Raiffeisenbank Friedelsheim-Rödersheim (Gf P2),75284
54670024,Neustadt an der Weinstraße,07316000,Deutsche Bank,21198
54670024,Bad Dürkheim,07332002,Deutsche Bank,21198
54670024,Landau in der Pfalz,07313000,Deutsche Bank,21198
54670095,Neustadt an der Weinstraße,07316000,Deutsche Bank,27198
54670095,Bad Dürkheim,07332002,Deutsche Bank,27198
54670095,Landau in der Pfalz,07313000,Deutsche Bank,27198
54680022,Neustadt an der Weinstraße,07316000,Commerzbank vormals Dresdner Bank,28546
54691200,Bad Dürkheim,07332002,VR Bank Mittelhaardt,95128
54691200,Bad Dürkheim,07332002,VR Bank Mittelhaardt (Gf P2),85128
54691200,Deidesheim,07332009,VR Bank Mittelhaardt,95128
54691200,Ellerstadt,07332013,VR Bank Mittelhaardt,95128
54691200,Neustadt an der Weinstraße,07316000,VR Bank Mittelhaardt,95128
54691200,Niederkirchen,07335029,VR Bank Mittelhaardt,95128
54691200,Wachenheim an der Weinstraße,07332046,VR Bank Mittelhaardt,95128
54691200,Weisenheim am Berg,07332049,VR Bank Mittelhaardt,95128
54750010,Speyer,07318000,Kreis- und Stadtsparkasse Speyer,55454
54790000,Speyer,07318000,Vereinigte VR Bank Kur- und Rheinpfalz,95024
54790000,Altlußheim,08226003,Vereinigte VR Bank Kur- und Rheinpfalz,95024
54790000,Bobenheim-Roxheim,07338004,Vereinigte VR Bank Kur- und Rheinpfalz,95024
54790000,Brühl,,Vereinigte VR Bank Kur- und Rheinpfalz,95024
54790000,Böhl-Iggelheim,07338005,Vereinigte VR Bank Kur- und Rheinpfalz,95024
54790000,Dirmstein,07332010,Vereinigte VR Bank Kur- und Rheinpfalz,95024
54790000,Dudenhofen,07338007,Vereinigte VR Bank Kur- und Rheinpfalz,95024
54790000,Eisenberg (Pfalz),07333019,Vereinigte VR Bank Kur- und Rheinpfalz,95024
54790000,Frankenthal (Pfalz),07311000,Vereinigte VR Bank Kur- und Rheinpfalz,95024
54790000,Freinsheim,07332019,Vereinigte VR Bank Kur- und Rheinpfalz,95024
54790000,Friedelsheim,07332020,Vereinigte VR Bank Kur- und Rheinpfalz,95024
54790000,Grünstadt,07332024,Vereinigte VR Bank Kur- und Rheinpfalz,95024
54790000,Harthausen,07338011,Vereinigte VR Bank Kur- und Rheinpfalz,95024
54790000,Haßloch,07332025,Vereinigte VR Bank Kur- und Rheinpfalz,95024
54790000,Hettenleidelheim,07332027,Vereinigte VR Bank Kur- und Rheinpfalz,95024
54790000,Heßheim,07338012,Vereinigte VR Bank Kur- und Rheinpfalz,95024
54790000,Hockenheim,08226032,Vereinigte VR Bank Kur- und Rheinpfalz,95024
54790000,Kallstadt,07332028,Vereinigte VR Bank Kur- und Rheinpfalz,95024
54790000,Ketsch,08226037,Vereinigte VR Bank Kur- und Rheinpfalz,95024
54790000,Lambrecht (Pfalz),,Vereinigte VR Bank Kur- und Rheinpfalz,95024
54790000,Lambsheim,07338016,Vereinigte VR Bank Kur- und Rheinpfalz,95024
54790000,Lingenfeld,07334017,Vereinigte VR Bank Kur- und Rheinpfalz,95024
54790000,Maxdorf,07338018,Vereinigte VR Bank Kur- und Rheinpfalz,95024
54790000,Meckenheim,,Vereinigte VR Bank Kur- und Rheinpfalz,95024
54790000,Neulußheim,08226059,Vereinigte VR Bank Kur- und Rheinpfalz,95024
54790000,Neustadt an der Weinstraße,07316000,Vereinigte VR Bank Kur- und Rheinpfalz,95024
54790000,Oftersheim,08226062,Vereinigte VR Bank Kur- und Rheinpfalz,95024
54790000,Otterstadt,07338021,Vereinigte VR Bank Kur- und Rheinpfalz,95024
54790000,Plankstadt,08226063,Vereinigte VR Bank Kur- und Rheinpfalz,95024
54790000,Reilingen,08226068,Vereinigte VR Bank Kur- und Rheinpfalz,95024
54790000,Römerberg,07338023,Vereinigte VR Bank Kur- und Rheinpfalz,95024
54790000,Schifferstadt,07338025,Vereinigte VR Bank Kur- und Rheinpfalz,95024
54790000,Schwetzingen,08226084,Vereinigte VR Bank Kur- und Rheinpfalz,95024
54790000,Speyer,07318000,Vereinigte VR Bank Kur- und Rheinpfalz (Gf P2),85024
54790000,Waldsee,07338026,Vereinigte VR Bank Kur- und Rheinpfalz,95024
54790000,Weisenheim am Sand,07332050,Vereinigte VR Bank Kur- und Rheinpfalz,95024
54850010,Landau in der Pfalz,07313000,Sparkasse Südpfalz,55429
54851440,Kandel,07334013,Sparkasse Germersheim-Kandel -alt-,55422
54861190,Edesheim,07337021,Raiffeisenbank Oberhaardt-Gäu -alt-,65075
54861190,Edesheim,07337021,Raiffeisenbank Oberhaardt-Gäu (Gf P2),75075
54862390,Herxheim,,Raiffeisenbank -alt-,65231
54862390,Herxheim,,Raiffeisenbank (Gf P2),75231
54862500,Landau in der Pfalz,07313000,VR Bank Südpfalz,65632
54862500,Bellheim,07334001,VR Bank Südpfalz,65632
54862500,Berg (Pfalz),07334002,VR Bank Südpfalz,65632
54862500,Birkweiler,07337009,VR Bank Südpfalz,65632
54862500,Edenkoben,07337020,VR Bank Südpfalz,65632
54862500,Edesheim,07337021,VR Bank Südpfalz,65632
54862500,Essingen,,VR Bank Südpfalz,65632
54862500,Freckenfeld,07334005,VR Bank Südpfalz,65632
54862500,Germersheim,07334007,VR Bank Südpfalz,65632
54862500,Gommersheim,07337032,VR Bank Südpfalz,65632
54862500,Hagenbach,07334008,VR Bank Südpfalz,65632
54862500,Hochstadt (Pfalz),07337041,VR Bank Südpfalz,65632
54862500,Hördt,07334011,VR Bank Südpfalz,65632
54862500,Jockgrim,07334012,VR Bank Südpfalz,65632
54862500,Kandel,07334013,VR Bank Südpfalz,65632
54862500,Kirrweiler (Pfalz),,VR Bank Südpfalz,65632
54862500,Kuhardt,07334015,VR Bank Südpfalz,65632
54862500,Landau in der Pfalz,07313000,VR Bank Südpfalz (Gf P2),75632
54862500,Leimersheim,07334016,VR Bank Südpfalz,65632
54862500,Lustadt,07334018,VR Bank Südpfalz,65632
54862500,Maikammer,07337052,VR Bank Südpfalz,65632
54862500,Neupotz,07334022,VR Bank Südpfalz,65632
54862500,Neustadt an der Weinstraße,07316000,VR Bank Südpfalz,65632
54862500,Offenbach an der Queich,07337061,VR Bank Südpfalz,65632
54862500,Ottersheim,07333058,VR Bank Südpfalz,65632
54862500,Rheinzabern,07334024,VR Bank Südpfalz,65632
54862500,Rhodt unter Rietburg,07337066,VR Bank Südpfalz,65632
54862500,Rülzheim,07334025,VR Bank Südpfalz,65632
54862500,St. Martin,,VR Bank Südpfalz,65632
54862500,Steinweiler,07334030,VR Bank Südpfalz,65632
54862500,Weingarten (Pfalz),07334032,VR Bank Südpfalz,65632
54862500,Wörth am Rhein,07334501,VR Bank Südpfalz,65632
54891300,Bad Bergzabern,07337005,VR Bank Südliche Weinstraße-Wasgau,95140
54891300,Annweiler am Trifels,07337501,VR Bank Südliche Weinstraße-Wasgau,95140
54891300,Bad Bergzabern,07337005,VR Bank Südliche Weinstraße-Wasgau (Gf P2),85140
54891300,Billigheim-Ingenheim,07337007,VR Bank Südliche Weinstraße-Wasgau,95140
54891300,Bundenthal,07340502,VR Bank Südliche Weinstraße-Wasgau,95140
54891300,Dahn,07340004,VR Bank Südliche Weinstraße-Wasgau,95140
54891300,Hatzenbühl,07334009,VR Bank Südliche Weinstraße-Wasgau,95140
54891300,Hauenstein,07340014,VR Bank Südliche Weinstraße-Wasgau,95140
54891300,Herxheim,,VR Bank Südliche Weinstraße-Wasgau,95140
54891300,Klingenmünster,07337049,VR Bank Südliche Weinstraße-Wasgau,95140
54891300,Landau in der Pfalz,07313000,VR Bank Südliche Weinstraße-Wasgau,95140
54891300,Steinfeld,,VR Bank Südliche Weinstraße-Wasgau,95140
55000000,Mainz,07315000,Bundesbank,20550
55010400,Wiesbaden,06414000,Aareal Bank GF - Banking & Digital Solutions -,26917
55010424,Wiesbaden,06414000,Aareal Bank ehem. Filiale Mainz,26915
55010625,Wiesbaden,06414000,Aareal Bank Clearing Wiesbaden,
55010800,Mainz,07315000,Investitions- und Strukturbank RP,
55020000,Mainz,07315000,BHF-BANK,25164
55020100,Mainz,07315000,Bausparkasse Mainz,
55020486,Mainz,07315000,UniCredit Bank - HypoVereinsbank,22054
55020500,Kassel,06611000,SozialBank,25019
55020555,Kassel,06611000,SozialBank,
55020600,Wiesbaden,06414000,Aareal Bank (formerly Westdeutsche ImmobilienBank),
55020700,Bingen am Rhein,07339005,Süd-West-Kreditbank Finanzierung,
55030500,Mainz,07315000,TARGOBANK Gf FG,
55033300,Mainz,07315000,Santander Consumer Bank,29415
55040022,Mainz,07315000,Commerzbank,24550
55040022,Bad Kreuznach,07133006,Commerzbank,24550
55040022,Ingelheim am Rhein,07339030,Commerzbank,24550
55040022,Mainz-Kastel,,Commerzbank,24550
55040060,Mainz,07315000,Commerzbank CC,
55040061,Mainz,07315000,Commerzbank CC,
55050000,Mainz,07315000,ZV Landesbank Baden-Württemberg,55500
55050120,Mainz,07315000,Sparkasse Mainz -alt-,55536
55060321,Mainz,07315000,VR-Bank Mainz -alt-,65038
55060417,Mainz,07315000,VR-Bank Mainz -alt-,65047
55060417,Mainz,07315000,VR-Bank Mainz (Gf P2),75047
55060611,Mainz,07315000,Raiffeisenbank in Rheinhessen,65053
55060611,Mainz,07315000,Raiffeisenbank in Rheinhessen (Gf P2),75053
55061303,Budenheim,07339009,Budenheimer Volksbank,65093
55061303,Budenheim,07339009,Budenheimer Volksbank (Gf P2),75093
55061507,Mainz,07315000,VR-Bank Mainz -alt-,65131
55061907,Nierstein,07339043,Volksbank Rhein-Selz -alt-,65190
55061907,Nierstein,07339043,Volksbank Rhein-Selz (Gf P2),75190
55070024,Mainz,07315000,Deutsche Bank,21160
55070024,Bingen am Rhein,07339005,Deutsche Bank,21160
55070024,Ginsheim-Gustavsburg,06433005,Deutsche Bank,21160
55070024,Ingelheim am Rhein,07339030,Deutsche Bank,21160
55070040,Mainz,07315000,Deutsche Bank,27160
55070040,Bingen am Rhein,07339005,Deutsche Bank,27160
55070040,Ginsheim-Gustavsburg,06433005,Deutsche Bank,27160
55070040,Ingelheim am Rhein,07339030,Deutsche Bank,27160
55070324,Mainz,07315000,Postbank/DSL Ndl der Deutsche Bank,21396
55070396,Mainz,07315000,Postbank/DSL Ndl der Deutsche Bank,27396
55080044,Mainz,07315000,"Commerzbank, TF MZ 1",28548
55080065,Mainz,07315000,Commerzbank vormals Dresdner Bank,28550
55080085,Mainz,07315000,"Commerzbank vormals Dresdner Bank, PCC DCC-ITGK 1",
55080086,Mainz,07315000,"Commerzbank vormals Dresdner Bank, PCC DCC-ITGK 2",
55080088,Mainz,07315000,"Commerzbank, TF MZ 2",28551
55090500,Mainz,07315000,Sparda-Bank Südwest,95096
55090500,Altenkirchen (Westerwald),07132501,Sparda-Bank Südwest,95096
55090500,Alzey,07331003,Sparda-Bank Südwest,95096
55090500,Andernach,07137003,Sparda-Bank Südwest,95096
55090500,Bad Dürkheim,07332002,Sparda-Bank Südwest,95096
55090500,Bad Kreuznach,07133006,Sparda-Bank Südwest,95096
55090500,Bad Neuenahr-Ahrweiler,07131007,Sparda-Bank Südwest,95096
55090500,Betzdorf,07132006,Sparda-Bank Südwest,95096
55090500,Bingen am Rhein,07339005,Sparda-Bank Südwest,95096
55090500,Frankenthal (Pfalz),07311000,Sparda-Bank Südwest,95096
55090500,Grünstadt,07332024,Sparda-Bank Südwest,95096
55090500,Homburg,10045114,Sparda-Bank Südwest,95096
55090500,Idar-Oberstein,07134045,Sparda-Bank Südwest,95096
55090500,Kaiserslautern,07312000,Sparda-Bank Südwest,95096
55090500,Kirchheimbolanden,07333039,Sparda-Bank Südwest,95096
55090500,Koblenz,07111000,Sparda-Bank Südwest,95096
55090500,Kusel,07336055,Sparda-Bank Südwest,95096
55090500,Lahnstein,07141075,Sparda-Bank Südwest,95096
55090500,Landau in der Pfalz,07313000,Sparda-Bank Südwest,95096
55090500,Landstuhl,07335022,Sparda-Bank Südwest,95096
55090500,Ludwigshafen am Rhein,07314000,Sparda-Bank Südwest,95096
55090500,Mainz,07315000,Sparda-Bank Südwest (Gf P2),85096
55090500,Merzig,10042113,Sparda-Bank Südwest,95096
55090500,Montabaur,07143048,Sparda-Bank Südwest,95096
55090500,Neunkirchen,,Sparda-Bank Südwest,95096
55090500,Neustadt an der Weinstraße,07316000,Sparda-Bank Südwest,95096
55090500,Neuwied,07138045,Sparda-Bank Südwest,95096
55090500,Pirmasens,07317000,Sparda-Bank Südwest,95096
55090500,Saarbrücken,10041100,Sparda-Bank Südwest,95096
55090500,Saarlouis,10044115,Sparda-Bank Südwest,95096
55090500,Simmern,07143071,Sparda-Bank Südwest,95096
55090500,Speyer,07318000,Sparda-Bank Südwest,95096
55090500,St. Ingbert,10045117,Sparda-Bank Südwest,95096
55090500,St. Wendel,,Sparda-Bank Südwest,95096
55090500,Trier,07211000,Sparda-Bank Südwest,95096
55090500,Völklingen,10041519,Sparda-Bank Südwest,95096
55090500,Wittlich,07231134,Sparda-Bank Südwest,95096
55090500,Worms,07319000,Sparda-Bank Südwest,95096
55090500,Zweibrücken,07320000,Sparda-Bank Südwest,95096
55091200,Worms,07319000,Volksbank Alzey-Worms,95129
55091200,Alzey,07331003,Volksbank Alzey-Worms,95129
55091200,Bodenheim,07339006,Volksbank Alzey-Worms,95129
55091200,Eich,07331018,Volksbank Alzey-Worms,95129
55091200,Flonheim,07331025,Volksbank Alzey-Worms,95129
55091200,Flörsheim-Dalsheim,07331023,Volksbank Alzey-Worms,95129
55091200,Gau-Odernheim,07331032,Volksbank Alzey-Worms,95129
55091200,Gundersheim,07331036,Volksbank Alzey-Worms,95129
55091200,Guntersblum,07339024,Volksbank Alzey-Worms,95129
55091200,Göllheim,07333026,Volksbank Alzey-Worms,95129
55091200,Ingelheim am Rhein,07339030,Volksbank Alzey-Worms,95129
55091200,Kirchheimbolanden,07333039,Volksbank Alzey-Worms,95129
55091200,Mainz,07315000,Volksbank Alzey-Worms,95129
55091200,Mommenheim,07339037,Volksbank Alzey-Worms,95129
55091200,Monsheim,07331048,Volksbank Alzey-Worms,95129
55091200,Nackenheim,07339039,Volksbank Alzey-Worms,95129
55091200,Nierstein,07339043,Volksbank Alzey-Worms,95129
55091200,Ober-Olm,07339047,Volksbank Alzey-Worms,95129
55091200,Undenheim,07339060,Volksbank Alzey-Worms,95129
55091200,Westhofen,07331071,Volksbank Alzey-Worms,95129
55091200,Worms,07319000,Volksbank Alzey-Worms (Gf P2),85129
55091200,Wörrstadt,07331073,Volksbank Alzey-Worms,95129
55150098,Mainz,07315000,Clearingkonto LRP-SI,
55160195,Mainz,07315000,Pax-Bank,65022
55190000,Mainz,07315000,Volksbank Darmstadt Mainz,95026
55190000,Mainz,07315000,Volksbank Darmstadt Mainz (Gf P2),85026
55340041,Worms,07319000,Commerzbank,24558
55350010,Mainz,07315000,Rheinhessen Sparkasse,55561
55350010,Alzey,07331003,Rheinhessen Sparkasse,55561
55350010,Bürstadt,06431005,Rheinhessen Sparkasse,55561
55350010,Lampertheim,06431013,Rheinhessen Sparkasse,55561
55350010,Osthofen,07331055,Rheinhessen Sparkasse,55561
55350010,Worms,07319000,Rheinhessen Sparkasse,55561
55350010,Wöllstein,07331072,Rheinhessen Sparkasse,55561
55350010,Wörrstadt,07331073,Rheinhessen Sparkasse,55561
55361202,Alsheim,07331002,VR Bank,65077
55361202,Alsheim,07331002,VR Bank (Gf P2),75077
55361202,Bechtheim,07331006,VR Bank,65077
55361202,Gimbsheim,07331034,VR Bank,65077
55361202,Mettenheim,,VR Bank,65077
55362071,Bechtheim,07331006,Volksbank Bechtheim -alt-,65199
55362071,Bechtheim,07331006,Volksbank Bechtheim (Gf P2),75199
55390000,Worms,07319000,Volksbank Worms-Wonnegau -alt-,95028
55390000,Worms,07319000,Volksbank Worms-Wonnegau (Gf P2),85028
56020086,Bad Kreuznach,07133006,UniCredit Bank - HypoVereinsbank,22009
56050180,Bad Kreuznach,07133006,Sparkasse Rhein-Nahe,55606
56050180,Bad Sobernheim,07133501,Sparkasse Rhein-Nahe,55606
56050180,Bingen am Rhein,07339005,Sparkasse Rhein-Nahe,55606
56050180,Gensingen,07339021,Sparkasse Rhein-Nahe,55606
56050180,Ingelheim am Rhein,07339030,Sparkasse Rhein-Nahe,55606
56050180,Kirn,07133052,Sparkasse Rhein-Nahe,55606
56050180,Langenlonsheim,07133054,Sparkasse Rhein-Nahe,55606
56050180,Meisenheim,07133065,Sparkasse Rhein-Nahe,55606
56050180,Rüdesheim,07133117,Sparkasse Rhein-Nahe,55606
56050180,Sprendlingen,07339056,Sparkasse Rhein-Nahe,55606
56050180,Stromberg,07133103,Sparkasse Rhein-Nahe,55606
56050180,Waldalgesheim,07339062,Sparkasse Rhein-Nahe,55606
56051790,Simmern,07143071,Kreissparkasse Rhein-Hunsrück,55652
56051790,Boppard,07140501,Kreissparkasse Rhein-Hunsrück,55652
56051790,Emmelshausen,07140036,Kreissparkasse Rhein-Hunsrück,55652
56051790,Kastellaun,07140064,Kreissparkasse Rhein-Hunsrück,55652
56051790,Kirchberg (Hunsrück),,Kreissparkasse Rhein-Hunsrück,55652
56051790,Oberwesel,07140112,Kreissparkasse Rhein-Hunsrück,55652
56051790,Rheinböllen,07140125,Kreissparkasse Rhein-Hunsrück,55652
56051790,Sohren,07140145,Kreissparkasse Rhein-Hunsrück,55652
56061151,Kastellaun,07140064,Raiffeisenbank Kastellaun,65074
56061151,Beltheim,07140010,Raiffeisenbank Kastellaun Zw,65074
56061151,Kastellaun,07140064,Raiffeisenbank Kastellaun (Gf P2),75074
56061472,Simmern,07143071,Vereinigte Volksbank Raiffeisenbank,65122
56061472,Baumholder,07134005,Vereinigte Volksbank Raiffeisenbank,65122
56061472,Bausendorf,07231004,Vereinigte Volksbank Raiffeisenbank,65122
56061472,Bernkastel-Kues,07231008,Vereinigte Volksbank Raiffeisenbank,65122
56061472,Birkenfeld,,Vereinigte Volksbank Raiffeisenbank,65122
56061472,Cochem,07135020,Vereinigte Volksbank Raiffeisenbank,65122
56061472,Emmelshausen,07140036,Vereinigte Volksbank Raiffeisenbank,65122
56061472,Gemünden,,Vereinigte Volksbank Raiffeisenbank,65122
56061472,Idar-Oberstein,07134045,Vereinigte Volksbank Raiffeisenbank,65122
56061472,Kaisersesch,07135045,Vereinigte Volksbank Raiffeisenbank,65122
56061472,Kirchberg (Hunsrück),,Vereinigte Volksbank Raiffeisenbank,65122
56061472,Kröv,07231072,Vereinigte Volksbank Raiffeisenbank,65122
56061472,Landscheid,07231503,Vereinigte Volksbank Raiffeisenbank,65122
56061472,Manderscheid,07231080,Vereinigte Volksbank Raiffeisenbank,65122
56061472,Osann-Monzel,07231103,Vereinigte Volksbank Raiffeisenbank,65122
56061472,Piesport,07231105,Vereinigte Volksbank Raiffeisenbank,65122
56061472,Reil,07231110,Vereinigte Volksbank Raiffeisenbank,65122
56061472,Rhaunen,07134069,Vereinigte Volksbank Raiffeisenbank,65122
56061472,Salmtal,07231113,Vereinigte Volksbank Raiffeisenbank,65122
56061472,Simmern,07143071,Vereinigte Volksbank Raiffeisenbank (Gf P2),75122
56061472,Sohren,07140145,Vereinigte Volksbank Raiffeisenbank,65122
56061472,Strohn,07233070,Vereinigte Volksbank Raiffeisenbank,65122
56061472,Thalfang,07231123,Vereinigte Volksbank Raiffeisenbank,65122
56061472,Traben-Trarbach,07231124,Vereinigte Volksbank Raiffeisenbank,65122
56061472,Wittlich,07231134,Vereinigte Volksbank Raiffeisenbank,65122
56061472,Zeltingen-Rachtig,07231136,Vereinigte Volksbank Raiffeisenbank,65122
56062227,Rheinböllen,07140125,Volksbank Rheinböllen,65213
56062227,Pfalzfeld,07140117,Volksbank Rheinböllen,65213
56062227,Rheinböllen,07140125,Volksbank (Gf P2),75213
56070024,Bad Kreuznach,07133006,Deutsche Bank,21056
56070040,Bad Kreuznach,07133006,Deutsche Bank,27056
56090000,Bad Kreuznach,07133006,Volksbank Rhein-Nahe-Hunsrück,95029
56090000,Bacharach,07339003,Volksbank Rhein-Nahe-Hunsrück,95029
56090000,Bad Kreuznach,07133006,Volksbank Rhein-Nahe-Hunsrück (Gf P2),85029
56090000,Bad Sobernheim,07133501,Volksbank Rhein-Nahe-Hunsrück,95029
56090000,Boppard,07140501,Volksbank Rhein-Nahe-Hunsrück,95029
56090000,Emmelshausen,07140036,Volksbank Rhein-Nahe-Hunsrück,95029
56090000,Hargesheim,07133040,Volksbank Rhein-Nahe-Hunsrück,95029
56090000,Kirn,07133052,Volksbank Rhein-Nahe-Hunsrück,95029
56090000,Langenlonsheim,07133054,Volksbank Rhein-Nahe-Hunsrück,95029
56090000,Oberwesel,07140112,Volksbank Rhein-Nahe-Hunsrück,95029
56090000,Rhens,07137221,Volksbank Rhein-Nahe-Hunsrück,95029
56090000,Simmern,07143071,Volksbank Rhein-Nahe-Hunsrück,95029
56090000,Stromberg,07133103,Volksbank Rhein-Nahe-Hunsrück,95029
56090000,Wallhausen,,Volksbank Rhein-Nahe-Hunsrück,95029
56090000,Weinsheim,,Volksbank Rhein-Nahe-Hunsrück,95029
56090000,Wöllstein,07331072,Volksbank Rhein-Nahe-Hunsrück,95029
56240050,Idar-Oberstein,07134045,Commerzbank,24553
56240050,Kirn,07133052,Commerzbank,24553
56250030,Idar-Oberstein,07134045,Kreissparkasse Birkenfeld,55619
56250030,Baumholder,07134005,Kreissparkasse Birkenfeld,55619
56250030,Birkenfeld,,Kreissparkasse Birkenfeld,55619
56250030,Herrstein,07134039,Kreissparkasse Birkenfeld,55619
56250030,Kirn,07133052,Kreissparkasse Birkenfeld,55619
56250030,Rhaunen,07134069,Kreissparkasse Birkenfeld,55619
56261735,Fischbach,,Raiffeisenbank Nahe,65168
56261735,Fischbach,,Raiffeisenbank Nahe (Gf P2),75168
56261735,Herrstein,07134039,Raiffeisenbank Nahe,65168
56261735,Kappeln,07336049,Raiffeisenbank Nahe,65168
56261735,Leisel,07134050,Raiffeisenbank Nahe,65168
56261735,Niederbrombach,07134057,Raiffeisenbank Nahe,65168
56261735,Sien,07134082,Raiffeisenbank Nahe,65168
56261735,Veitsrodt,07134089,Raiffeisenbank Nahe,65168
56270024,Idar-Oberstein,07134045,Deutsche Bank,21164
56270044,Idar-Oberstein,07134045,Deutsche Bank,27164
57000000,Koblenz,07111000,Bundesbank,20570
57020086,Koblenz,07111000,UniCredit Bank - HypoVereinsbank,22044
57020301,Koblenz,07111000,MMV Bank,25301
57020500,Frankfurt am Main,06412000,Oyak Anker Bank,25020
57020600,Koblenz,07111000,Debeka Bausparkasse,
57040044,Koblenz,07111000,Commerzbank,24554
57040044,Andernach,07137003,Commerzbank,24554
57040044,Bad Ems,07141006,Commerzbank,24554
57040044,Mayen,07137068,Commerzbank,24554
57040044,Neuwied,07138045,Commerzbank,24554
57050120,Koblenz,07111000,Sparkasse Koblenz,55725
57050120,Bendorf,,Sparkasse Koblenz,55725
57050120,Brodenbach,07137205,Sparkasse Koblenz,55725
57050120,Kobern-Gondorf,07137212,Sparkasse Koblenz,55725
57050120,Mülheim-Kärlich,07137216,Sparkasse Koblenz,55725
57050120,Rhens,07137221,Sparkasse Koblenz,55725
57050120,Urmitz,07137225,Sparkasse Koblenz,55725
57050120,Vallendar,07137226,Sparkasse Koblenz,55725
57050120,Weißenthurm,07137228,Sparkasse Koblenz,55725
57051001,Montabaur,07143048,Kreissparkasse Westerwald -alt-,55737
57051870,Cochem,07135020,Kreissparkasse Cochem-Zell -alt-,55712
57060000,Koblenz,07111000,DZ BANK,65003
57062675,Niederwallmenach,07141097,Raiffeisenbank,65631
57062675,Niederwallmenach,07141097,Raiffeisenbank (Gf P2),75631
57064221,Mülheim-Kärlich,07137216,Volksbank Mülheim-Kärlich -alt-,65312
57064221,Mülheim-Kärlich,07137216,Volksbank Mülheim-Kärlich (Gf P2),75312
57069067,Lutzerath,07135057,Raiffeisenbank Lutzerather Höhe -alt-,65354
57069067,Lutzerath,07135057,Raiffeisenbank Lutzerather Höhe (Gf P2),75354
57069081,Ernst,07135027,Raiffeisenbank Moselkrampen -alt-,65361
57069081,Ernst,07135027,Raiffeisenbank Moselkrampen (Gf P2),75361
57069144,Kaisersesch,07135045,Raiffeisenbank MEHR,65389
57069144,Kaisersesch,07135045,Raiffeisenbank MEHR (Gf P2),75389
57069238,Neustadt (Wied),07138044,Raiffeisenbank Neustadt,65418
57069238,Anhausen,07138002,Raiffeisenbank Neustadt,65418
57069238,Asbach,,Raiffeisenbank Neustadt,65418
57069238,Neustadt (Wied),07138044,Raiffeisenbank Neustadt (Gf P2),75418
57069238,St. Katharinen,,Raiffeisenbank Neustadt,65418
57069238,Straßenhaus,07138071,Raiffeisenbank Neustadt,65418
57069238,Windhagen,07138077,Raiffeisenbank Neustadt,65418
57069257,Treis-Karden,07135082,Raiffeisenbank Untermosel -alt-,65424
57069315,Straßenhaus,07138071,Raiffeisenbank Straßenhaus -alt-,65438
57069361,Welling,07137112,Raiffeisenbank Welling,65444
57069361,Welling,07137112,Raiffeisenbank Welling (Gf P2),75444
57069727,Irrel,07232063,Raiffeisenbank Irrel -alt-,65530
57069727,Irrel,07232063,Raiffeisenbank Irrel (Gf P2),75530
57069806,Morbach,07231502,VR-Bank Hunsrück-Mosel -alt-,65545
57069806,Morbach,07231502,VR-Bank Hunsrück-Mosel (Gf P2),75545
57070024,Koblenz,07111000,Deutsche Bank,21165
57070024,Bendorf,,Deutsche Bank,21165
57070024,Boppard,07140501,Deutsche Bank,21165
57070024,Höhr-Grenzhausen,07143032,Deutsche Bank,21165
57070024,Lahnstein,07141075,Deutsche Bank,21165
57070024,Montabaur,07143048,Deutsche Bank,21165
57070045,Koblenz,07111000,Deutsche Bank,27165
57070045,Bendorf,,Deutsche Bank,27165
57070045,Boppard,07140501,Deutsche Bank,27165
57070045,Höhr-Grenzhausen,07143032,Deutsche Bank,27165
57070045,Lahnstein,07141075,Deutsche Bank,27165
57070045,Montabaur,07143048,Deutsche Bank,27165
57070324,Koblenz,07111000,Postbank/DSL Ndl der Deutsche Bank,21395
57070395,Koblenz,07111000,Postbank/DSL Ndl der Deutsche Bank,27395
57080070,Koblenz,07111000,Commerzbank vormals Dresdner Bank,28570
57080070,Andernach,07137003,Commerzbank vormals Dresdner Bank,28570
57080070,Bad Ems,07141006,Commerzbank vormals Dresdner Bank,28570
57080070,Neuwied,07138045,Commerzbank vormals Dresdner Bank,28570
57090000,Koblenz,07111000,Volksbank Koblenz Mittelrhein -alt-,95031
57090000,Koblenz,07111000,Volksbank Koblenz Mittelrhein (Gf P2),85031
57090010,Koblenz,07111000,Volksbank Koblenz Mittelrhein GAA -alt-,
57090900,Koblenz,07111000,PSD Bank Koblenz,95108
57090900,Koblenz,07111000,PSD Bank Koblenz (Gf P2),85108
57090900,Mainz,07315000,PSD Bank Koblenz,95108
57091000,Montabaur,07143048,Volksbank Montabaur-Höhr-Grenzhausen -alt-,95111
57091000,Montabaur,07143048,Volksbank Montabaur-Höhr-Grenzhausen (Gf P2),85111
57092800,Diez,07141029,Volksbank Rhein-Lahn-Limburg,95204
57092800,Bad Camberg,06533003,Volksbank Rhein-Lahn-Limburg,95204
57092800,Bad Ems,07141006,Volksbank Rhein-Lahn-Limburg,95204
57092800,Braubach,07141501,Volksbank Rhein-Lahn-Limburg,95204
57092800,Brechen,06533002,Volksbank Rhein-Lahn-Limburg,95204
57092800,Dachsenhausen,07141023,Volksbank Rhein-Lahn-Limburg,95204
57092800,Diez,07141029,Volksbank Rhein-Lahn-Limburg (Gf P2),85204
57092800,Elz,06533006,Volksbank Rhein-Lahn-Limburg,95204
57092800,Hadamar,06533007,Volksbank Rhein-Lahn-Limburg,95204
57092800,Hahnstätten,07141051,Volksbank Rhein-Lahn-Limburg,95204
57092800,Heidenrod,06439005,Volksbank Rhein-Lahn-Limburg,95204
57092800,Holzheim,,Volksbank Rhein-Lahn-Limburg,95204
57092800,Hünfelden,06533008,Volksbank Rhein-Lahn-Limburg,95204
57092800,Kamp-Bornhofen,07141066,Volksbank Rhein-Lahn-Limburg,95204
57092800,Katzenelnbogen,07141068,Volksbank Rhein-Lahn-Limburg,95204
57092800,Lahnstein,07141075,Volksbank Rhein-Lahn-Limburg,95204
57092800,Limburg,,Volksbank Rhein-Lahn-Limburg,95204
57092800,Miehlen,07141085,Volksbank Rhein-Lahn-Limburg,95204
57092800,Nassau,07141091,Volksbank Rhein-Lahn-Limburg,95204
57092800,Nastätten,07141092,Volksbank Rhein-Lahn-Limburg,95204
57092800,St. Goarshausen,,Volksbank Rhein-Lahn-Limburg,95204
57092800,Waldbrunn (Westerwald),06533016,Volksbank Rhein-Lahn-Limburg,95204
57092800,Weisel,07141136,Volksbank Rhein-Lahn-Limburg,95204
57263015,Arzbach,07141201,Raiffeisenbank Unterwesterwald -alt-,65276
57263015,Arzbach,07141201,Raiffeisenbank Unterwesterwald (Gf P2),75276
57351030,Bad Marienberg (Westerwald),07143206,Sparkasse Westerwald-Sieg,55702
57361476,Gebhardshain,07132039,Volksbank Gebhardshain,65125
57361476,Elkenroth,07132025,Volksbank Elkenroth Zw d VB Gebhardshain,65125
57361476,Gebhardshain,07132039,Volksbank Gebhardshain (Gf P2),75125
57363243,Niederfischbach,07132076,Raiffeisenbank Niederfischbach -alt-,65282
57363243,Niederfischbach,07132076,Raiffeisenbank Niederfischbach (Gf P2),75282
57391200,Daaden,07132018,Volksbank Daaden,95130
57391200,Daaden,07132018,Volksbank Daaden (Gf P2),85130
57391200,Herdorf,07132050,Volksbank Daaden Zw Herdorf,95130
57391200,Weitefeld,07132113,Volksbank Daaden Zw Weitefeld,95130
57391500,Hamm,,Volksbank Hamm/Sieg,95155
57391500,Eichelhardt,07132022,Volksbank Hamm/Sieg Zweigstelle Eichelhardt,95155
57391500,Hamm,,Volksbank Hamm/Sieg (Gf P2),85155
57391500,Windeck,05382076,Volksbank Hamm/Sieg Zweigstelle Windeck-Rosbach,95155
57391800,Montabaur,07143048,Westerwald Bank,95173
57391800,Altenkirchen (Westerwald),07132501,Westerwald Bank,95173
57391800,Arzbach,07141201,Westerwald Bank,95173
57391800,Bad Marienberg (Westerwald),07143206,Westerwald Bank,95173
57391800,Betzdorf,07132006,Westerwald Bank,95173
57391800,Dierdorf,07138012,Westerwald Bank,95173
57391800,Girod,07143021,Westerwald Bank,95173
57391800,Hachenburg,07143229,Westerwald Bank,95173
57391800,Hillscheid,07143031,Westerwald Bank,95173
57391800,Horhausen (Westerwald),07132055,Westerwald Bank,95173
57391800,Höhr-Grenzhausen,07143032,Westerwald Bank,95173
57391800,Montabaur,07143048,Westerwald Bank (Gf P2),85173
57391800,Ransbach-Baumbach,07143062,Westerwald Bank,95173
57391800,Rennerod,07143286,Westerwald Bank,95173
57391800,Selters (Westerwald),07143067,Westerwald Bank,95173
57391800,Wallmerod,07143304,Westerwald Bank,95173
57391800,Westerburg,07143308,Westerwald Bank,95173
57391800,Weyerbusch,07132115,Westerwald Bank,95173
57391800,Wirges,07143081,Westerwald Bank,95173
57391800,Wissen,07132117,Westerwald Bank,95173
57450120,Neuwied,07138045,Sparkasse Neuwied,55743
57450120,Anhausen,07138002,Sparkasse Neuwied,55743
57450120,Asbach,,Sparkasse Neuwied,55743
57450120,Bad Hönningen,07138004,Sparkasse Neuwied,55743
57450120,Dierdorf,07138012,Sparkasse Neuwied,55743
57450120,Linz,,Sparkasse Neuwied,55743
57450120,Neustadt (Wied),07138044,Sparkasse Neuwied,55743
57450120,Puderbach,07138057,Sparkasse Neuwied,55743
57450120,Rengsdorf,07138061,Sparkasse Neuwied,55743
57450120,Straßenhaus,07138071,Sparkasse Neuwied,55743
57450120,Unkel,07138073,Sparkasse Neuwied,55743
57450120,Vettelschoß,07138075,Sparkasse Neuwied,55743
57450120,Waldbreitbach,07138076,Sparkasse Neuwied,55743
57460117,Neuwied,07138045,VR Bank Rhein-Mosel -alt-,65019
57460117,Andernach,07137003,VR Bank Rhein-Mosel,65019
57460117,Bad Hönningen,07138004,VR Bank Rhein-Mosel,65019
57460117,Bendorf,,VR Bank Rhein-Mosel,65019
57460117,Dieblich,07137207,VR Bank Rhein-Mosel,65019
57460117,Erpel,07138019,VR Bank Rhein-Mosel,65019
57460117,Klotten,07135049,VR Bank Rhein-Mosel,65019
57460117,Kobern-Gondorf,07137212,VR Bank Rhein-Mosel,65019
57460117,Koblenz,07111000,VR Bank Rhein-Mosel,65019
57460117,Kruft,07137057,VR Bank Rhein-Mosel,65019
57460117,Leutesdorf,07138038,VR Bank Rhein-Mosel,65019
57460117,Linz,,VR Bank Rhein-Mosel,65019
57460117,Lonnig,07137065,VR Bank Rhein-Mosel,65019
57460117,Löf,07137214,VR Bank Rhein-Mosel,65019
57460117,Mertloch,07137070,VR Bank Rhein-Mosel,65019
57460117,Münstermaifeld,07137501,VR Bank Rhein-Mosel,65019
57460117,Neuwied,07138045,VR Bank Rhein-Mosel (Gf P2),75019
57460117,Nickenich,07137081,VR Bank Rhein-Mosel,65019
57460117,Oberfell,07137220,VR Bank Rhein-Mosel,65019
57460117,Ochtendung,07137086,VR Bank Rhein-Mosel,65019
57460117,Plaidt,07137088,VR Bank Rhein-Mosel,65019
57460117,Rheinbreitbach,07138062,VR Bank Rhein-Mosel,65019
57460117,Rheinbrohl,07138063,VR Bank Rhein-Mosel,65019
57460117,Saffig,07137096,VR Bank Rhein-Mosel,65019
57460117,Treis-Karden,07135082,VR Bank Rhein-Mosel,65019
57460117,Unkel,07138073,VR Bank Rhein-Mosel,65019
57460117,Vallendar,07137226,VR Bank Rhein-Mosel,65019
57460117,Waldbreitbach,07138076,VR Bank Rhein-Mosel,65019
57460117,Waldesch,07137227,VR Bank Rhein-Mosel,65019
57460117,Weitersburg,07137229,VR Bank Rhein-Mosel,65019
57461759,Weißenthurm,07137228,Raiffeisenbank Mittelrhein -alt-,65170
57461759,Weißenthurm,07137228,Raiffeisenbank Mittelrhein (Gf P2),75170
57470024,Neuwied,07138045,Deutsche Bank,21166
57470024,Andernach,07137003,Deutsche Bank,21166
57470024,Mayen,07137068,Deutsche Bank,21166
57470024,Weißenthurm,07137228,Deutsche Bank,21166
57470047,Neuwied,07138045,Deutsche Bank,27166
57470047,Andernach,07137003,Deutsche Bank,27166
57470047,Mayen,07137068,Deutsche Bank,27166
57470047,Weißenthurm,07137228,Deutsche Bank,27166
57650010,Mayen,07137068,Kreissparkasse Mayen,55738
57661253,Kehrig,07137043,Raiffeisenbank -alt-,65090
57661253,Kehrig,07137043,Raiffeisenbank (Gf P2),75090
57662263,Ochtendung,07137086,VR Bank Rhein-Mosel -alt-,65215
57662263,Ochtendung,07137086,VR Bank Rhein-Mosel (Gf P2),75215
57751310,Bad Neuenahr-Ahrweiler,07131007,Kreissparkasse Ahrweiler,55701
57751310,Adenau,07131001,Kreissparkasse Ahrweiler,55701
57751310,Ahrbrück,07131002,Kreissparkasse Ahrweiler,55701
57751310,Altenahr,07131003,Kreissparkasse Ahrweiler,55701
57751310,Bad Breisig,07131006,Kreissparkasse Ahrweiler,55701
57751310,Brohl-Lützing,07131014,Kreissparkasse Ahrweiler,55701
57751310,Burgbrohl,07131202,Kreissparkasse Ahrweiler,55701
57751310,Dernau,07131017,Kreissparkasse Ahrweiler,55701
57751310,Grafschaft,07131090,Kreissparkasse Ahrweiler,55701
57751310,Insul,07131034,Kreissparkasse Ahrweiler,55701
57751310,Kempenich,07131502,Kreissparkasse Ahrweiler,55701
57751310,Mayschoß,07131049,Kreissparkasse Ahrweiler,55701
57751310,Niederzissen,07131055,Kreissparkasse Ahrweiler,55701
57751310,Remagen,07131070,Kreissparkasse Ahrweiler,55701
57751310,Sinzig,07131077,Kreissparkasse Ahrweiler,55701
57751310,Weibern,07131211,Kreissparkasse Ahrweiler,55701
57761591,Koblenz,07111000,VR Bank RheinAhrEifel,65140
57761591,Adenau,07131001,VR Bank RheinAhrEifel,65140
57761591,Ahrbrück,07131002,VR Bank RheinAhrEifel,65140
57761591,Andernach,07137003,VR Bank RheinAhrEifel,65140
57761591,Antweiler,07131004,Volksbank RheinAhrEifel,65140
57761591,Bad Breisig,07131006,VR Bank RheinAhrEifel,65140
57761591,Bad Neuenahr-Ahrweiler,07131007,VR Bank RheinAhrEifel,65140
57761591,Bendorf,,VR Bank RheinAhrEifel,65140
57761591,Burgbrohl,07131202,VR Bank RheinAhrEifel,65140
57761591,Daun,07233501,VR Bank RheinAhrEifel,65140
57761591,Ettringen,,VR Bank RheinAhrEifel,65140
57761591,Gillenfeld,07233027,VR Bank RheinAhrEifel,65140
57761591,Kaltenengers,07137209,VR Bank RheinAhrEifel,65140
57761591,Kelberg,07233218,VR Bank RheinAhrEifel,65140
57761591,Kempenich,07131502,VR Bank RheinAhrEifel,65140
57761591,Koblenz,07111000,VR Bank RheinAhrEifel (Gf P2),75140
57761591,Kottenheim,07137055,VR Bank RheinAhrEifel,65140
57761591,Mayen,07137068,VR Bank RheinAhrEifel,65140
57761591,Mendig,07137069,VR Bank RheinAhrEifel,65140
57761591,Mülheim-Kärlich,07137216,VR Bank RheinAhrEifel,65140
57761591,Neuwied,07138045,VR Bank RheinAhrEifel,65140
57761591,Nickenich,07137081,VR Bank RheinAhrEifel,65140
57761591,Niederzissen,07131055,VR Bank RheinAhrEifel,65140
57761591,Polch,07137089,VR Bank RheinAhrEifel,65140
57761591,Remagen,07131070,VR Bank RheinAhrEifel,65140
57761591,Sinzig,07131077,VR Bank RheinAhrEifel,65140
57761591,Ulmen,07135083,VR Bank RheinAhrEifel,65140
57761591,Urmitz,07137225,VR Bank RheinAhrEifel,65140
57761591,Weißenthurm,07137228,VR Bank RheinAhrEifel,65140
57761591,Winningen,07137230,VR Bank RheinAhrEifel,65140
57761599,Koblenz,07111000,Volksbank RheinAhrEifel (Gf GAA),
57762265,Grafschaft,07131090,Raiffeisenbank Grafschaft-Wachtberg,65216
57762265,Grafschaft,07131090,Raiffeisenbank Grafschaft-Wachtberg (Gf P2),75216
57762265,Remagen,07131070,Raiffeisenbank Grafschaft-Wachtberg,65216
57762265,Wachtberg,05382072,Raiffeisenbank Grafschaft-Wachtberg,65216
58520086,Trier,07211000,UniCredit Bank - HypoVereinsbank,22089
58540035,Trier,07211000,Commerzbank,24557
58540035,Saarburg,07235118,Commerzbank,24557
58540035,Wittlich,07231134,Commerzbank,24557
58550130,Trier,07211000,Sparkasse Trier,55856
58550130,Fell,07235022,Sparkasse Trier,55856
58550130,Freudenburg,07235028,Sparkasse Trier,55856
58550130,Föhren,07235026,Sparkasse Trier,55856
58550130,Hermeskeil,07235045,Sparkasse Trier,55856
58550130,Kell am See,07235058,Sparkasse Trier,55856
58550130,Kenn,07235060,Sparkasse Trier,55856
58550130,Konz,07235068,Sparkasse Trier,55856
58550130,Kordel,07235069,Sparkasse Trier,55856
58550130,Leiwen,07235074,Sparkasse Trier,55856
58550130,Mehring,,Sparkasse Trier,55856
58550130,Nittel,07235095,Sparkasse Trier,55856
58550130,Osburg,07235103,Sparkasse Trier,55856
58550130,Pluwig,07235107,Sparkasse Trier,55856
58550130,Reinsfeld,07235114,Sparkasse Trier,55856
58550130,Saarburg,07235118,Sparkasse Trier,55856
58550130,Schweich,07235125,Sparkasse Trier,55856
58550130,Tawern,07235132,Sparkasse Trier,55856
58550130,Waldrach,07235141,Sparkasse Trier,55856
58550130,Wincheringen,07235149,Sparkasse Trier,55856
58550130,Zerf,07235152,Sparkasse Trier,55856
58560103,Trier,07211000,Volksbank Trier -alt-,65014
58560103,Trier,07211000,Volksbank Trier (Gf P2),75014
58560294,Trier,07211000,Pax-Bank,65033
58561626,Saarburg,07235118,Volksbank Saarburg -alt-,65155
58561626,Saarburg,07235118,Volksbank Saarburg (Gf P2),75155
58561771,Leiwen,07235074,Raiffeisenbank Mehring-Leiwen,65174
58561771,Leiwen,07235074,Raiffeisenbank Mehring-Leiwen (Gf P2),75174
58561771,Mehring,,Raiffeisenbank Mehring-Leiwen,65174
58564788,Saarburg,07235118,Volksbank Hochwald-Saarburg -alt-,65318
58564788,Saarburg,07235118,Volksbank Hochwald-Saarburg (Gf P2),75318
58570024,Trier,07211000,Deutsche Bank,21168
58570024,Konz,07235068,Deutsche Bank,21168
58570024,Wittlich,07231134,Deutsche Bank,21168
58570048,Trier,07211000,Deutsche Bank,27168
58570048,Konz,07235068,Deutsche Bank,27168
58570048,Wittlich,07231134,Deutsche Bank,27168
58580074,Trier,07211000,Commerzbank vormals Dresdner Bank,28585
58580074,Wittlich,07231134,Commerzbank vormals Dresdner Bank,28585
58590900,Trier,07211000,PSD Bank Trier Ndl der PSD Bank West,95109
58650030,Bitburg,07232018,Kreissparkasse Bitburg-Prüm,55811
58651240,Daun,07233501,Kreissparkasse Vulkaneifel,55813
58651240,Birresborn,07233204,Kreissparkasse Vulkaneifel,55813
58651240,Gerolstein,07233026,Kreissparkasse Vulkaneifel,55813
58651240,Gillenfeld,07233027,Kreissparkasse Vulkaneifel,55813
58651240,Hillesheim,,Kreissparkasse Vulkaneifel,55813
58651240,Jünkerath,07233035,Kreissparkasse Vulkaneifel,55813
58651240,Kelberg,07233218,Kreissparkasse Vulkaneifel,55813
58660101,Trier,07211000,Volksbank Trier Eifel,65011
58660101,Trier,07211000,Volksbank Trier Eifel (Gf P2),75011
58661901,Arzfeld,07232201,Raiffeisenbank Westeifel,65188
58661901,Arzfeld,07232201,Raiffeisenbank Westeifel (Gf P2),75188
58661901,Bleialf,07232206,Raiffeisenbank Westeifel,65188
58661901,Pronsfeld,07232295,Raiffeisenbank Westeifel,65188
58661901,Prüm,07232296,Raiffeisenbank Westeifel,65188
58661901,Schönecken,07232304,Raiffeisenbank Westeifel,65188
58662653,Dudeldorf,07232027,Raiffeisenbank östl Südeifel -alt-,65252
58662653,Dudeldorf,07232027,Raiffeisenbank östl Südeifel (Gf P2),75252
58691500,Prüm,07232296,Volksbank Eifel Mitte -alt-,95156
58691500,Prüm,07232296,Volksbank Eifel Mitte (Gf P2),85156
58751230,Bernkastel-Kues,07231008,Sparkasse Mittelmosel-Eifel Mosel Hunsrück,55809
58760954,Wittlich,07231134,Vereinigte Volksbank Raiffeisenbank -alt-,65059
58760954,Wittlich,07231134,Vereinigte Volksbank Raiffeisenbank (Gf P2),75059
58761343,Briedel,07135013,Raiffeisenbank Zeller Land -alt-,65104
58761343,Briedel,07135013,Raiffeisenbank Zeller Land (Gf P2),75104
58771224,Bernkastel-Kues,07231008,Deutsche Bank,21162
58771224,Traben-Trarbach,07231124,Deutsche Bank,21162
58771224,Zell (Mosel),07135092,Deutsche Bank,21162
58771242,Bernkastel-Kues,07231008,Deutsche Bank,27162
58771242,Traben-Trarbach,07231124,Deutsche Bank,27162
58771242,Zell (Mosel),07135092,Deutsche Bank,27162
59000000,Saarbrücken,10041100,Bundesbank,20590
59010011,St. Ingbert,10045117,Postbank Ndl der Deutsche Bank,
59010012,Neunkirchen,,Postbank Ndl der Deutsche Bank,
59010013,Dillingen,,Postbank Ndl der Deutsche Bank,
59010014,Völklingen,10041519,Postbank Ndl der Deutsche Bank,
59010015,Aachen,05334002,Postbank Ndl der Deutsche Bank,
59010016,Bruchsal,08215009,Postbank Ndl der Deutsche Bank,
59010017,Göttingen,03159016,Postbank Ndl der Deutsche Bank,
59010018,Wedel,01056050,Postbank Ndl der Deutsche Bank,
59010019,Arnsberg,05958004,Postbank Ndl der Deutsche Bank,
59010021,Aschaffenburg,09661000,Postbank Ndl der Deutsche Bank,
59010022,Fulda,06631009,Postbank Ndl der Deutsche Bank,
59010023,Bad Homburg,,Postbank Ndl der Deutsche Bank,
59010024,Brühl,,Postbank Ndl der Deutsche Bank,
59010025,Kassel,06611000,Postbank Ndl der Deutsche Bank,
59010026,Kaufbeuren,09762000,Postbank Ndl der Deutsche Bank,
59010027,Pinneberg,01056039,Postbank Ndl der Deutsche Bank,
59010028,Alzey,07331003,Postbank Ndl der Deutsche Bank,
59010029,Bad Vilbel,06440003,Postbank Ndl der Deutsche Bank,
59010031,Bretten,08215007,Postbank Ndl der Deutsche Bank,
59010032,Stralsund,13073088,Postbank Ndl der Deutsche Bank,
59010033,Bayreuth,09462000,Postbank Ndl der Deutsche Bank,
59010034,Soltau,03358021,Postbank Ndl der Deutsche Bank,
59010035,Delmenhorst,03401000,Postbank Ndl der Deutsche Bank,
59010036,Cham,09372116,Postbank Ndl der Deutsche Bank,
59010037,Bergheim,,Postbank Ndl der Deutsche Bank,
59010038,Aichach,09771113,Postbank Ndl der Deutsche Bank,
59010039,Bergisch Gladbach,05378004,Postbank Ndl der Deutsche Bank,
59010040,Leonberg,,Postbank Ndl der Deutsche Bank,
59010041,Germersheim,07334007,Postbank Ndl der Deutsche Bank,
59010042,Bocholt,05554008,Postbank Ndl der Deutsche Bank,
59010044,Bochum,05911000,Postbank Ndl der Deutsche Bank,
59010045,Maintal,06435019,Postbank Ndl der Deutsche Bank,
59010047,Hilden,05158016,Postbank Ndl der Deutsche Bank,
59010048,Frechen,05362024,Postbank Ndl der Deutsche Bank,
59010049,Wolfsburg,03103000,Postbank Ndl der Deutsche Bank,
59010051,Vechta,03460009,Postbank Ndl der Deutsche Bank,
59010052,Lüchow (Wendland),,Postbank Ndl der Deutsche Bank,
59010053,Braunschweig,03101000,Postbank Ndl der Deutsche Bank,
59010054,Bramsche,03459014,Postbank Ndl der Deutsche Bank,
59010055,Helmstedt,03154028,Postbank Ndl der Deutsche Bank,
59010056,Rathenow,12063252,Postbank Ndl der Deutsche Bank,
59010057,Bielefeld,05711000,Postbank Ndl der Deutsche Bank,
59010058,Wolfenbüttel,03158037,Postbank Ndl der Deutsche Bank,
59010059,Ludwigsfelde,12072240,Postbank Ndl der Deutsche Bank,
59010061,Soest,05974040,Postbank Ndl der Deutsche Bank,
59010062,Gotha,16067029,Postbank Ndl der Deutsche Bank,
59010063,Hoyerswerda,14625240,Postbank Ndl der Deutsche Bank,
59010064,Mayen,07137068,Postbank Ndl der Deutsche Bank,
59010065,Gelnhausen,06435010,Postbank Ndl der Deutsche Bank,
59010066,Saarbrücken,10041100,Postbank Ndl der Deutsche Bank,10066
59010068,Hof,,Postbank Ndl der Deutsche Bank,
59010069,Bad Dürkheim,07332002,Postbank Ndl der Deutsche Bank,
59010071,Neustadt a.d.Aisch,,Postbank Ndl der Deutsche Bank,
59010072,Tübingen,08416041,Postbank Ndl der Deutsche Bank,
59010073,Erding,09177117,Postbank Ndl der Deutsche Bank,
59010074,Amberg,,Postbank Ndl der Deutsche Bank,
59010400,Saarbrücken,10041100,Saarl Investitionskreditbank,26965
59020090,Saarbrücken,10041100,UniCredit Bank - HypoVereinsbank,22075
59020400,Saarbrücken,10041100,mediserv Bank,
59040000,Saarbrücken,10041100,Commerzbank,24590
59040000,Dillingen,,Commerzbank,24590
59040000,Homburg,10045114,Commerzbank,24590
59040000,Neunkirchen,,Commerzbank,24590
59040000,Saarlouis,10044115,Commerzbank,24590
59040000,St. Ingbert,10045117,Commerzbank,24590
59040000,St. Wendel,,Commerzbank,24590
59050000,Saarbrücken,10041100,Landesbank Saar,55900
59050101,Saarbrücken,10041100,Sparkasse Saarbrücken,55901
59050101,Großrosseln,10041512,Sparkasse Saarbrücken,55901
59050101,Heusweiler,10041513,Sparkasse Saarbrücken,55901
59050101,Kleinblittersdorf,10041514,Sparkasse Saarbrücken,55901
59050101,Püttlingen,10041515,Sparkasse Saarbrücken,55901
59050101,Quierschied,10041516,Sparkasse Saarbrücken,55901
59050101,Riegelsberg,10041517,Sparkasse Saarbrücken,55901
59050101,Sulzbach,,Sparkasse Saarbrücken,55901
59050101,Völklingen,10041519,Sparkasse Saarbrücken,55901
59051090,Völklingen,10041519,Stadtsparkasse Völklingen -alt-,55903
59070000,Saarbrücken,10041100,Deutsche Bank,27161
59070070,Saarbrücken,10041100,Deutsche Bank,21740
59070070,Dillingen,,Deutsche Bank,21740
59070070,Homburg,10045114,Deutsche Bank,21740
59070070,Merzig,10042113,Deutsche Bank,21740
59070070,Neunkirchen,,Deutsche Bank,21740
59070070,Saarlouis,10044115,Deutsche Bank,21740
59070070,St. Ingbert,10045117,Deutsche Bank,21740
59070070,Völklingen,10041519,Deutsche Bank,21740
59080090,Saarbrücken,10041100,Commerzbank vormals Dresdner Bank,28590
59080090,Homburg,10045114,Commerzbank vormals Dresdner Bank,28590
59080090,Saarlouis,10044115,Commerzbank vormals Dresdner Bank,28590
59080090,St. Ingbert,10045117,Commerzbank vormals Dresdner Bank,28590
59090900,Saarbrücken,10041100,PSD Bank RheinNeckarSaar,95110
59092000,Saarlouis,10044115,Vereinigte Volksbank Saarlouis-Losheim-Sulzbach/Saar,95182
59092000,Beckingen,10042111,Vereinigte Volksbank Saarlouis-Losheim-Sulzbach/Saar,95182
59092000,Bous,10044122,Vereinigte Volksbank Saarlouis-Losheim-Sulzbach/Saar,95182
59092000,Friedrichsthal,10041511,Vereinigte Volksbank Saarlouis-Losheim-Sulzbach/Saar,95182
59092000,Großrosseln,10041512,Vereinigte Volksbank Saarlouis-Losheim-Sulzbach/Saar,95182
59092000,Kleinblittersdorf,10041514,Vereinigte Volksbank Saarlouis-Losheim-Sulzbach/Saar,95182
59092000,Losheim am See,10042112,Vereinigte Volksbank Saarlouis-Losheim-Sulzbach/Saar,95182
59092000,Merzig,10042113,Vereinigte Volksbank Saarlouis-Losheim-Sulzbach/Saar,95182
59092000,Nalbach,10044113,Vereinigte Volksbank Saarlouis-Losheim-Sulzbach/Saar,95182
59092000,Püttlingen,10041515,Vereinigte Volksbank Saarlouis-Losheim-Sulzbach/Saar,95182
59092000,Quierschied,10041516,Vereinigte Volksbank Saarlouis-Losheim-Sulzbach/Saar,95182
59092000,Rehlingen-Siersburg,10044114,Vereinigte Volksbank Saarlouis-Losheim-Sulzbach/Saar,95182
59092000,Riegelsberg,10041517,Vereinigte Volksbank Saarlouis-Losheim-Sulzbach/Saar,95182
59092000,Saarbrücken,10041100,Vereinigte Volksbank Saarlouis-Losheim-Sulzbach/Saar,95182
59092000,Saarlouis,10044115,Vereinigte Volksbank Saarlouis-Losheim-Sulzbach/S.(Gf P2),85182
59092000,Saarwellingen,10044116,Vereinigte Volksbank Saarlouis-Losheim-Sulzbach/Saar,95182
59092000,Schwalbach,10044118,Vereinigte Volksbank Saarlouis-Losheim-Sulzbach/Saar,95182
59092000,Sulzbach,,Vereinigte Volksbank Saarlouis-Losheim-Sulzbach/Saar,95182
59092000,Völklingen,10041519,Vereinigte Volksbank Saarlouis-Losheim-Sulzbach/Saar,95182
59092000,Wadern,10042116,Vereinigte Volksbank Saarlouis-Losheim-Sulzbach/Saar,95182
59092000,Wadgassen,10044120,Vereinigte Volksbank Saarlouis-Losheim-Sulzbach/Saar,95182
59092000,Wallerfangen,10044121,Vereinigte Volksbank Saarlouis-Losheim-Sulzbach/Saar,95182
59099550,Nohfelden,10046114,Volksbank Nahe-Schaumberg -alt-,95227
59099550,Nohfelden,10046114,Volksbank Nahe-Schaumberg (Gf P2),85227
59190000,Saarbrücken,10041100,Bank 1 Saar,95037
59190000,Blieskastel,10045112,Bank 1 Saar,95037
59190000,Dillingen,,Bank 1 Saar,95037
59190000,Freisen,10046111,Bank 1 Saar,95037
59190000,Heusweiler,10041513,Bank 1 Saar,95037
59190000,Homburg,10045114,Bank 1 Saar,95037
59190000,Illingen,,Bank 1 Saar,95037
59190000,Lebach,10044112,Bank 1 Saar,95037
59190000,Mandelbachtal,10045116,Bank 1 Saar,95037
59190000,Marpingen,10046112,Bank 1 Saar,95037
59190000,Merchweiler,10043113,Bank 1 Saar,95037
59190000,Merzig,10042113,Bank 1 Saar,95037
59190000,Neunkirchen,,Bank 1 Saar,95037
59190000,Nohfelden,10046114,Bank 1 Saar,95037
59190000,Nonnweiler,10046115,Bank 1 Saar,95037
59190000,Oberthal,10046116,Bank 1 Saar,95037
59190000,Ottweiler,10043115,Bank 1 Saar,95037
59190000,Perl,10042115,Bank 1 Saar,95037
59190000,Saarbrücken,10041100,Bank 1 Saar (Gf P2),85037
59190000,Saarlouis,10044115,Bank 1 Saar,95037
59190000,Schiffweiler,10043116,Bank 1 Saar,95037
59190000,Schmelz,10044117,Bank 1 Saar,95037
59190000,Spiesen-Elversberg,10043117,Bank 1 Saar,95037
59190000,St. Ingbert,10045117,Bank 1 Saar,95037
59190000,St. Wendel,,Bank 1 Saar,95037
59190000,Völklingen,10041519,Bank 1 Saar,95037
59190000,Wadern,10042116,Bank 1 Saar,95037
59190200,Saarlouis,10044115,Volksbank Westliche Saar plus -alt-,95082
59190200,Saarlouis,10044115,Volksbank Westliche Saar plus (Gf P2),85082
59251020,St. Wendel,,Kreissparkasse St. Wendel,55905
59251020,Freisen,10046111,Kreissparkasse St. Wendel,55905
59251020,Marpingen,10046112,Kreissparkasse St. Wendel,55905
59251020,Namborn,10046113,Kreissparkasse St. Wendel,55905
59251020,Nohfelden,10046114,Kreissparkasse St. Wendel,55905
59251020,Nonnweiler,10046115,Kreissparkasse St. Wendel,55905
59251020,Oberthal,10046116,Kreissparkasse St. Wendel,55905
59251020,Tholey,10046118,Kreissparkasse St. Wendel,55905
59252046,Neunkirchen,,Sparkasse Neunkirchen,55906
59252046,Eppelborn,10043111,Sparkasse Neunkirchen,55906
59252046,Illingen,,Sparkasse Neunkirchen,55906
59252046,Merchweiler,10043113,Sparkasse Neunkirchen,55906
59252046,Ottweiler,10043115,Sparkasse Neunkirchen,55906
59252046,Schiffweiler,10043116,Sparkasse Neunkirchen,55906
59252046,Spiesen-Elversberg,10043117,Sparkasse Neunkirchen,55906
59291000,St. Wendel,,Unsere Volksbank St. Wendeler Land -alt-,95114
59291000,Freisen,10046111,Unsere Volksbank St. Wendeler Land,95114
59291000,Marpingen,10046112,Unsere Volksbank St. Wendeler Land,95114
59291000,Nohfelden,10046114,Unsere Volksbank St. Wendeler Land,95114
59291000,Nonnweiler,10046115,Unsere Volksbank St. Wendeler Land,95114
59291000,Oberthal,10046116,Unsere Volksbank St. Wendeler Land,95114
59291000,St. Wendel,,Unsere Volksbank St. Wendeler Land (Gf P2),85114
59291200,Homburg,10045114,Volks- und Raiffeisenbank Saarpfalz -alt-,95132
59291200,Bexbach,10045111,Volks- und Raiffeisenbank Saarpfalz,95132
59291200,Blieskastel,10045112,Volks- und Raiffeisenbank Saarpfalz,95132
59291200,Gersheim,10045113,Volks- und Raiffeisenbank Saarpfalz,95132
59291200,Homburg,10045114,Volks- und Raiffeisenbank Saarpfalz (Gf P2),85132
59291200,Kirkel,10045115,Volks- und Raiffeisenbank Saarpfalz,95132
59291200,Mandelbachtal,10045116,Volks- und Raiffeisenbank Saarpfalz,95132
59320087,Saarlouis,10044115,UniCredit Bank - HypoVereinsbank,22076
59350110,Saarlouis,10044115,Kreissparkasse Saarlouis,55908
59350110,Bous,10044122,Kreissparkasse Saarlouis,55908
59350110,Dillingen,,Kreissparkasse Saarlouis,55908
59350110,Ensdorf,09371120,Kreissparkasse Saarlouis,55908
59350110,Lebach,10044112,Kreissparkasse Saarlouis,55908
59350110,Nalbach,10044113,Kreissparkasse Saarlouis,55908
59350110,Rehlingen-Siersburg,10044114,Kreissparkasse Saarlouis,55908
59350110,Saarwellingen,10044116,Kreissparkasse Saarlouis,55908
59350110,Schmelz,10044117,Kreissparkasse Saarlouis,55908
59350110,Schwalbach,10044118,Kreissparkasse Saarlouis,55908
59350110,Wadgassen,10044120,Kreissparkasse Saarlouis,55908
59350110,Wallerfangen,10044121,Kreissparkasse Saarlouis,55908
59350110,Überherrn,10044119,Kreissparkasse Saarlouis,55908
59351040,Merzig,10042113,Sparkasse Merzig-Wadern,55909
59351040,Beckingen,10042111,Sparkasse Merzig-Wadern,55909
59351040,Losheim am See,10042112,Sparkasse Merzig-Wadern,55909
59351040,Mettlach,10042114,Sparkasse Merzig-Wadern,55909
59351040,Perl,10042115,Sparkasse Merzig-Wadern,55909
59351040,Wadern,10042116,Sparkasse Merzig-Wadern,55909
59351040,Weiskirchen,10042117,Sparkasse Merzig-Wadern,55909
59390100,Saarlouis,10044115,Volksbank Saarlouis -alt-,95080
59390100,Saarlouis,10044115,Volksbank Saarlouis (Gf P2),85080
59391200,Überherrn,10044119,Volksbank Überherrn,95133
59391200,Überherrn,10044119,Volksbank (Gf P2),85133
59392000,Dillingen,,Volksbank Dillingen -alt-,95183
59392000,Dillingen,,Volksbank Dillingen (Gf P2),85183
59392200,Losheim am See,10042112,Volksbank Untere Saar -alt-,95190
59392200,Losheim am See,10042112,Volksbank Untere Saar (Gf P2),85190
59393000,Lebach,10044112,levoBank,95207
59393000,Eppelborn,10043111,levoBank,95207
59393000,Illingen,,levoBank,95207
59393000,Lebach,10044112,levoBank (Gf P2),85207
59393000,Nalbach,10044113,levoBank,95207
59393000,Saarwellingen,10044116,levoBank,95207
59450010,Homburg,10045114,Kreissparkasse Saarpfalz,55914
59450010,Bexbach,10045111,Kreissparkasse Saarpfalz,55914
59450010,Blieskastel,10045112,Kreissparkasse Saarpfalz,55914
59450010,Gersheim,10045113,Kreissparkasse Saarpfalz,55914
59450010,Kirkel,10045115,Kreissparkasse Saarpfalz,55914
59450010,Mandelbachtal,10045116,Kreissparkasse Saarpfalz,55914
59450010,St. Ingbert,10045117,Kreissparkasse Saarpfalz,55914
59491300,Homburg,10045114,VR Bank Saarpfalz -alt-,95143
59491300,Homburg,10045114,VR Bank Saarpfalz (Gf P2),85143
60000000,Stuttgart,08111000,Bundesbank,20600
60010070,Stuttgart,08111000,Postbank Ndl der Deutsche Bank,10070
60010424,Wiesbaden,06414000,Aareal Bank ehem. Filiale Stuttgart,26916
60010700,Karlsruhe,08212000,Landeskreditbank Baden-Württemberg Förderbank -alt-,
60020030,Stuttgart,08111000,Baden-Württembergische Bank,25025
60020100,Hamburg,02000000,M.M. Warburg & Co (vormals Schwäbische Bank),25550
60020290,Stuttgart,08111000,UniCredit Bank - HypoVereinsbank,22086
60020290,Heilbronn,08121000,UniCredit Bank - HypoVereinsbank,22086
60020290,Lindau (Bodensee),09776116,UniCredit Bank - HypoVereinsbank,22086
60020290,Lindenberg i. Allgäu,,UniCredit Bank - HypoVereinsbank,22086
60030000,Stuttgart,08111000,Mercedes-Benz Bank,
60030100,Essen,05113000,"Bankhaus Bauer, Essen",99005
60030200,Stuttgart,08111000,Bankhaus Ellwanger & Geiger,98088
60030600,Stuttgart,08111000,CreditPlus Bank,25190
60030600,Berlin,11000000,CreditPlus Bank,25190
60030600,Dresden,14612000,CreditPlus Bank,25190
60030600,Erfurt,16051000,CreditPlus Bank,25190
60030600,Frankfurt am Main,06412000,CreditPlus Bank,25190
60030600,Hannover,03241001,CreditPlus Bank,25190
60030600,Leipzig,14713000,CreditPlus Bank,25190
60030600,Mannheim,08222000,CreditPlus Bank,25190
60030600,München,09162000,CreditPlus Bank,25190
60030600,Rostock,13003000,CreditPlus Bank,25190
60030666,Stuttgart,08111000,CreditPlus Bank,
60030700,Frankfurt am Main,06412000,AKTIVBANK,96040
60030700,Frankfurt am Main,06412000,AKTIVBANK (Gf P2),86040
60030900,Stuttgart,08111000,Isbank Fil Stuttgart,29842
60031000,Ditzingen,08118011,TRUMPF Financial Services,
60033000,Ludwigsburg,08118048,Wüstenrot Bausparkasse,
60035810,Sindelfingen,08115045,GSCF Working Capital Bank,
60040060,Stuttgart,08111000,Commerzbank CC,
60040061,Stuttgart,08111000,Commerzbank CC,
60040071,Stuttgart,08111000,Commerzbank,24600
60040071,Böblingen,08115003,Commerzbank,24600
60040071,Fellbach,08119020,Commerzbank,24600
60040071,Filderstadt,08116077,Commerzbank,24600
60040071,Leinfelden-Echterdingen,08116078,Commerzbank,24600
60040071,Leonberg,,Commerzbank,24600
60040071,Schorndorf,,Commerzbank,24600
60040071,Waiblingen,08119079,Commerzbank,24600
60040075,Stuttgart,08111000,"Commerzbank, Filiale Stuttgart 2",24605
60050000,Stuttgart,08111000,Landesbank Baden-Württemberg,56001
60050101,Stuttgart,08111000,Landesbank Baden-Württemberg/Baden-Württembergische Bank,56100
60050101,Aalen,08136088,Baden-Württemb.Bank/Landesbank Baden-Württemb.,56100
60050101,Achern,08317001,Baden-Württembergische Bank/Landesbank Baden-Württemberg,56100
60050101,Albstadt,08417079,Baden-Württemb.Bank/Landesbank Baden-Württemb.,56100
60050101,Asperg,08118003,Baden-Württemb.Bank/Landesbank Baden-Württemb.,56100
60050101,Backnang,08119008,Baden-Württemb.Bank/Landesbank Baden-Württemb.,56100
60050101,Bad Mergentheim,08128007,Baden-Württemb.Bank/Landesbank Baden-Württemb.,56100
60050101,Bad Saulgau,08437100,Baden-Württemb.Bank/Landesbank Baden-Württemb.,56100
60050101,Bad Wimpfen,08125007,Baden-Württembergische Bank/Landesbank Baden-Württemberg,56100
60050101,Baden-Baden,08211000,Baden-Württembergische Bank/Landesbank Baden-Württemberg,56100
60050101,Berlin,11000000,Berlin Hyp/Landesbank Baden-Württemberg,56100
60050101,Biberach an der Riß,08426021,Baden-Württemb.Bank/Landesbank Baden-Württemb.,56100
60050101,Bietigheim-Bissingen,08118079,Baden-Württemb.Bank/Landesbank Baden-Württemb.,56100
60050101,Bopfingen,08136010,Baden-Württembergische Bank/Landesbank Baden-Württemberg,56100
60050101,Böblingen,08115003,Baden-Württemb.Bank/Landesbank Baden-Württemb.,56100
60050101,Calw,08235085,Baden-Württemb.Bank/Landesbank Baden-Württemb.,56100
60050101,Crailsheim,08127014,Baden-Württembergische Bank/Landesbank Baden-Württemberg,56100
60050101,Denkendorf,,Baden-Württemb.Bank/Landesbank Baden-Württemb.,56100
60050101,Ditzingen,08118011,Baden-Württemb.Bank/Landesbank Baden-Württemb.,56100
60050101,Donaueschingen,08326012,Baden-Württembergische Bank/Landesbank Baden-Württemberg,56100
60050101,Dresden,14612000,Baden-Württembergische Bank/Landesbank Baden-Württemberg,56100
60050101,Eberbach,08226013,Baden-Württembergische Bank/Landesbank Baden-Württemberg,56100
60050101,Ebersbach an der Fils,08117018,Baden-Württemb.Bank/Landesbank Baden-Württemb.,56100
60050101,Ehingen (Donau),08425033,Baden-Württemb.Bank/Landesbank Baden-Württemb.,56100
60050101,Ehningen,08115013,Baden-Württemb.Bank/Landesbank Baden-Württemb.,56100
60050101,Eislingen/Fils,08117019,Baden-Württemb.Bank/Landesbank Baden-Württemb.,56100
60050101,Ellwangen (Jagst),08136019,Baden-Württembergische Bank/Landesbank Baden-Württemberg,56100
60050101,Esslingen am Neckar,08116019,Baden-Württemb.Bank/Landesbank Baden-Württemb.,56100
60050101,Fellbach,08119020,Baden-Württemb.Bank/Landesbank Baden-Württemb.,56100
60050101,Filderstadt,08116077,Baden-Württemb.Bank/Landesbank Baden-Württemb.,56100
60050101,Freiberg am Neckar,08118078,Baden-Württemb.Bank/Landesbank Baden-Württemb.,56100
60050101,Freiburg im Breisgau,08311000,Baden-Württembergische Bank/Landesbank Baden-Württemberg,56100
60050101,Freudenstadt,08237028,Baden-Württemb.Bank/Landesbank Baden-Württemb.,56100
60050101,Friedrichshafen,08435016,Baden-Württemb.Bank/Landesbank Baden-Württemb.,56100
60050101,Geislingen an der Steige,08117024,Baden-Württemb.Bank/Landesbank Baden-Württemb.,56100
60050101,Gerlingen,08118019,Baden-Württemb.Bank/Landesbank Baden-Württemb.,56100
60050101,Giengen an der Brenz,08135016,Baden-Württemb.Bank/Landesbank Baden-Württemb.,56100
60050101,Göppingen,08117026,Baden-Württemb.Bank/Landesbank Baden-Württemb.,56100
60050101,Halle (Saale),15002000,Baden-Württembergische Bank/Landesbank Baden-Württemberg,56100
60050101,Hechingen,08417031,Baden-Württembergische Bank/Landesbank Baden-Württemberg,56100
60050101,Heidelberg,08221000,Baden-Württembergische Bank/Landesbank Baden-Württemberg,56100
60050101,Heidenheim an der Brenz,08135019,Baden-Württemb.Bank/Landesbank Baden-Württemb.,56100
60050101,Heilbronn,08121000,Baden-Württemb.Bank/Landesbank Baden-Württemb.,56100
60050101,Hemmingen,,Baden-Württemb.Bank/Landesbank Baden-Württemb.,56100
60050101,Herrenberg,08115021,Baden-Württemb.Bank/Landesbank Baden-Württemb.,56100
60050101,Holzgerlingen,08115024,Baden-Württemb.Bank/Landesbank Baden-Württemb.,56100
60050101,Kaiserslautern,07312000,Landesbank Baden-Württemberg/RLP Bank,56100
60050101,Karlsruhe,08212000,Baden-Württembergische Bank/Landesbank Baden-Württemberg,56100
60050101,Kernen im Remstal,08119093,Baden-Württemb.Bank/Landesbank Baden-Württemb.,56100
60050101,Kirchheim unter Teck,08116033,Baden-Württemb.Bank/Landesbank Baden-Württemb.,56100
60050101,Koblenz,07111000,Landesbank Baden-Württemberg/RLP Bank,56100
60050101,Konstanz,08335043,Baden-Württembergische Bank/Landesbank Baden-Württemberg,56100
60050101,Korntal-Münchingen,08118080,Baden-Württemb.Bank/Landesbank Baden-Württemb.,56100
60050101,Kornwestheim,08118046,Baden-Württemb.Bank/Landesbank Baden-Württemb.,56100
60050101,Künzelsau,08126046,Baden-Württemb.Bank/Landesbank Baden-Württemb.,56100
60050101,Köngen,08116035,Baden-Württemb.Bank/Landesbank Baden-Württemb.,56100
60050101,Lauffen am Neckar,08125056,Baden-Württembergische Bank/Landesbank Baden-Württemberg,56100
60050101,Leinfelden-Echterdingen,08116078,Baden-Württemb.Bank/Landesbank Baden-Württemb.,56100
60050101,Leipzig,14713000,Baden-Württembergische Bank/Landesbank Baden-Württemberg,56100
60050101,Leonberg,,Baden-Württemb.Bank/Landesbank Baden-Württemb.,56100
60050101,Leutkirch im Allgäu,08436055,Baden-Württemb.Bank/Landesbank Baden-Württemb.,56100
60050101,Ludwigsburg,08118048,Baden-Württemb.Bank/Landesbank Baden-Württemb.,56100
60050101,Lörrach,08336050,Baden-Württembergische Bank/Landesbank Baden-Württemberg,56100
60050101,Mainz,07315000,Landesbank Baden-Württemberg/Rheinland-Pfalz Bank,56100
60050101,Mannheim,08222000,Baden-Württembergische Bank/Landesbank Baden-Württemberg,56100
60050101,Marbach am Neckar,08118049,Baden-Württemb.Bank/Landesbank Baden-Württemb.,56100
60050101,Mosbach,08225058,Baden-Württembergische Bank/Landesbank Baden-Württemberg,56100
60050101,Murrhardt,08119044,Baden-Württemb.Bank/Landesbank Baden-Württemb.,56100
60050101,Mühlacker,08236040,Baden-Württemb.Bank/Landesbank Baden-Württemb.,56100
60050101,Neckarsulm,08125065,Baden-Württemb.Bank/Landesbank Baden-Württemb.,56100
60050101,Neuhausen auf den Fildern,08116047,Baden-Württemb.Bank/Landesbank Baden-Württemb.,56100
60050101,Nürtingen,08116049,Baden-Württemb.Bank/Landesbank Baden-Württemb.,56100
60050101,Oberstenfeld,08118060,Baden-Württemb.Bank/Landesbank Baden-Württemb.,56100
60050101,Offenburg,08317096,Baden-Württembergische Bank/Landesbank Baden-Württemberg,56100
60050101,Ostfildern,08116080,Baden-Württemb.Bank/Landesbank Baden-Württemb.,56100
60050101,Pforzheim,08231000,Baden-Württembergische Bank/Landesbank Baden-Württemberg,56100
60050101,Plochingen,08116056,Baden-Württemb.Bank/Landesbank Baden-Württemb.,56100
60050101,Plüderhausen,08119055,Baden-Württemb.Bank/Landesbank Baden-Württemb.,56100
60050101,Rastatt,08216043,Baden-Württembergische Bank/Landesbank Baden-Württemberg,56100
60050101,Ravensburg,08436064,Baden-Württemb.Bank/Landesbank Baden-Württemb.,56100
60050101,Reichenbach an der Fils,08116058,Baden-Württemb.Bank/Landesbank Baden-Württemb.,56100
60050101,Remshalden,08119090,Baden-Württemb.Bank/Landesbank Baden-Württemb.,56100
60050101,Renningen,08115041,Baden-Württemb.Bank/Landesbank Baden-Württemb.,56100
60050101,Reutlingen,08415061,Baden-Württemb.Bank/Landesbank Baden-Württemb.,56100
60050101,Rottweil,08325049,Baden-Württemb.Bank/Landesbank Baden-Württemb.,56100
60050101,Schorndorf,,Baden-Württemb.Bank/Landesbank Baden-Württemb.,56100
60050101,Schwieberdingen,08118067,Baden-Württemb.Bank/Landesbank Baden-Württemb.,56100
60050101,Schwäbisch Gmünd,08136065,Baden-Württemb.Bank/Landesbank Baden-Württemb.,56100
60050101,Schwäbisch Hall,08127076,Baden-Württemb.Bank/Landesbank Baden-Württemb.,56100
60050101,Sindelfingen,08115045,Baden-Württemb.Bank/Landesbank Baden-Württemb.,56100
60050101,Singen (Hohentwiel),08335075,Baden-Württembergische Bank/Landesbank Baden-Württemberg,56100
60050101,Steinenbronn,08115046,Baden-Württemb.Bank/Landesbank Baden-Württemb.,56100
60050101,Süßen,08117049,Baden-Württemb.Bank/Landesbank Baden-Württemb.,56100
60050101,Tamm,08118071,Baden-Württemb.Bank/Landesbank Baden-Württemb.,56100
60050101,Tauberbischofsheim,08128115,Baden-Württembergische Bank/Landesbank Baden-Württemberg,56100
60050101,Tuttlingen,08327050,Baden-Württemb.Bank/Landesbank Baden-Württemb.,56100
60050101,Tübingen,08416041,Baden-Württemb.Bank/Landesbank Baden-Württemb.,56100
60050101,Uhingen,08117051,Baden-Württemb.Bank/Landesbank Baden-Württemb.,56100
60050101,Ulm,08421000,Baden-Württemb.Bank/Landesbank Baden-Württemb.,56100
60050101,Vaihingen an der Enz,08118073,Baden-Württemb.Bank/Landesbank Baden-Württemb.,56100
60050101,Villingen-Schwenningen,08326074,Baden-Württemb.Bank/Landesbank Baden-Württemb.,56100
60050101,Waiblingen,08119079,Baden-Württemb.Bank/Landesbank Baden-Württemb.,56100
60050101,Waldenbuch,08115048,Baden-Württemb.Bank/Landesbank Baden-Württemb.,56100
60050101,Weil der Stadt,08115050,Baden-Württemb.Bank/Landesbank Baden-Württemb.,56100
60050101,Weinstadt,08119091,Baden-Württemb.Bank/Landesbank Baden-Württemb.,56100
60050101,Welzheim,08119084,Baden-Württemb.Bank/Landesbank Baden-Württemb.,56100
60050101,Wendlingen am Neckar,08116071,Baden-Württemb.Bank/Landesbank Baden-Württemb.,56100
60050101,Wernau (Neckar),08116072,Baden-Württemb.Bank/Landesbank Baden-Württemb.,56100
60050101,Wertheim,08128131,Baden-Württembergische Bank/Landesbank Baden-Württemberg,56100
60050101,Winnenden,08119085,Baden-Württemb.Bank/Landesbank Baden-Württemb.,56100
60050101,Winterbach,,Baden-Württemb.Bank/Landesbank Baden-Württemb.,56100
60050101,Öhringen,08126066,Baden-Württembergische Bank/Landesbank Baden-Württemberg,56100
60060000,Stuttgart,08111000,DZ BANK,66001
60060202,Frankfurt am Main,06412000,DZ PRIVATBANK,
60060396,Fellbach,08119020,Volksbank am Württemberg,66034
60060396,Fellbach,08119020,Volksbank am Württemberg (Gf P2),76034
60062775,Leinfelden-Echterdingen,08116078,Echterdinger Bank,66208
60062775,Leinfelden-Echterdingen,08116078,Echterdinger Bank (Gf P2),76208
60062909,Korntal-Münchingen,08118080,Volksbank Strohgäu -alt-,66217
60062909,Korntal-Münchingen,08118080,Volksbank Strohgäu (Gf P2),76217
60069017,Erbach,,Raiffeisenbank Dellmensingen -alt-,66255
60069017,Achstetten,08426001,Raiffeisenbank Dellmensingen Zw Stetten,66255
60069017,Erbach,,Raiffeisenbank Dellmensingen (Gf P2),76255
60069066,Langenau,08425072,Raiffeisenbank Niedere Alb,66262
60069066,Altheim (Alb),08425005,Raiffeisenbank Niedere Alb,66262
60069066,Bernstadt,08425019,Raiffeisenbank Niedere Alb,66262
60069066,Langenau,08425072,Raiffeisenbank Niedere Alb (Gf P2),76262
60069075,Vellberg,08127089,Raiffeisenbank Bühlertal,66263
60069075,Vellberg,08127089,Raiffeisenbank Bühlertal (Gf P2),76263
60069147,Reutlingen,08415061,Raiffeisenbank Sondelfingen,66280
60069147,Reutlingen,08415061,Raiffeisenbank Sondelfingen (Gf P2),76280
60069158,Steinheim am Albuch,08135032,Raiffeisenbank Steinheim -alt-,66281
60069158,Steinheim am Albuch,08135032,Raiffeisenbank Steinheim (Gf P2),76281
60069206,Aidlingen,08115001,Raiffeisenbank Aidlingen,66291
60069206,Aidlingen,08115001,Raiffeisenbank Aidlingen (Gf P2),76291
60069224,Weil im Schönbuch,08115051,Genossenschaftsbank Weil im Schönbuch,66300
60069224,Weil im Schönbuch,08115051,Genossenschaftsbank Weil im Schönbuch (Gf P2),76300
60069239,Bopfingen,08136010,Bopfinger Bank Sechta-Ries,66306
60069239,Bopfingen,08136010,Bopfinger Bank Sechta-Ries (Gf P2),76306
60069239,Unterschneidheim,08136075,Bopfinger Bank Sechta-Ries,66306
60069242,Gruibingen,08117028,Raiffeisenbank Gruibingen,66308
60069242,Gruibingen,08117028,Raiffeisenbank Gruibingen (Gf P2),76308
60069245,Bühlertann,08127012,Raiffeisenbank Bühlertal,66310
60069245,Bühlertann,08127012,Raiffeisenbank Bühlertal (Gf P2),76310
60069245,Bühlerzell,08127013,Raiffeisenbank Bühlertal Bühlerzell,66310
60069251,Erbach,,Raiffeisenbank Donau-Iller -alt-,66314
60069251,Balzheim,08425140,Raiffeisenbank Donau-Iller,66314
60069251,Dietenheim,08425028,Raiffeisenbank Donau-Iller,66314
60069251,Erbach,,Raiffeisenbank Donau-Iller (Gf P2),76314
60069251,Hüttisheim,08425064,Raiffeisenbank Donau-Iller,66314
60069251,Illerkirchberg,08425137,Raiffeisenbank Donau-Iller,66314
60069251,Illerrieden,08425066,Raiffeisenbank Donau-Iller,66314
60069251,Laupheim,08426070,Raiffeisenbank Donau-Iller,66314
60069251,Schnürpflingen,08425110,Raiffeisenbank Donau-Iller,66314
60069251,Staig,08425138,Raiffeisenbank Donau-Iller,66314
60069302,Erlenmoos,08426043,Raiffeisenbank Erlenmoos -alt-,66333
60069302,Erlenmoos,08426043,Raiffeisenbank Erlenmoos (Gf P2),76333
60069303,Bad Schussenried,08426014,Raiffeisenbank Bad Schussenried-Aulendorf -alt-,66334
60069303,Bad Schussenried,08426014,Raiffeisenbank Bad Schussenried-Aulendorf (Gf P2),76334
60069308,Ingoldingen,08426062,Raiffeisenbank -alt-,66336
60069308,Ingoldingen,08426062,Raiffeisenbank (Gf P2),76336
60069315,Mundelsheim,08118053,Volksbank Freiberg und Umgebung -alt-,66337
60069336,Göppingen,08117026,Raiffeisenbank Maitis,66345
60069336,Göppingen,08117026,Raiffeisenbank Maitis (Gf P2),76345
60069346,Ehingen (Donau),08425033,VR-Bank Alb-Blau-Donau,66348
60069346,Ehingen (Donau),08425033,VR-Bank Alb-Blau-Donau (Gf P2),76348
60069350,Bad Waldsee,08436009,Raiffeisenbank Reute-Gaisbeuren,66349
60069350,Bad Waldsee,08436009,Raiffeisenbank Reute-Gaisbeuren (Gf P2),76349
60069355,Ehningen,08115013,VR-Bank Ehningen-Nufringen,66351
60069355,Ehningen,08115013,VR-Bank Ehningen-Nufringen (Gf P2),76351
60069378,Dettenhausen,08416009,Volksbank Dettenhausen,66362
60069378,Dettenhausen,08416009,Volksbank Dettenhausen (Gf P2),76362
60069387,Dettingen an der Erms,08415014,Dettinger Bank,66365
60069387,Dettingen an der Erms,08415014,Dettinger Bank (Gf P2),76365
60069417,Kirchheim am Neckar,08118040,Raiffeisenbank Kirchheim-Walheim -alt-,66373
60069417,Kirchheim am Neckar,08118040,Raiffeisenbank Kirchheim-Walheim (Gf P2),76373
60069419,Stuttgart,08111000,Uhlbacher Bank -alt-,66376
60069419,Stuttgart,08111000,Uhlbacher Bank (Gf P2),76376
60069442,Stimpfach,08127104,Raiffeisenbank Frankenhardt-Stimpfach,66387
60069442,Frankenhardt,08127103,Raiffeisenbank Frankenhardt-Stimpfach,66387
60069442,Stimpfach,08127104,Raiffeisenbank Frankenhardt-Stimpfach (Gf P2),76387
60069455,Alfdorf,08119001,Raiffeisenbank Vordersteinenberg -alt-,66395
60069455,Alfdorf,08119001,Raiffeisenbank Vordersteinenberg (Gf P2),76395
60069457,Ottenbach,08117037,Raiffeisenbank Ottenbach,66396
60069457,Ottenbach,08117037,Raiffeisenbank Ottenbach (Gf P2),76396
60069462,Winterbach,,Winterbacher Bank,66400
60069462,Winterbach,,Winterbacher Bank (Gf P2),76400
60069463,Rosenfeld,08417054,Raiffeisenbank Geislingen-Rosenfeld,66401
60069476,Gerstetten,08135015,Raiffeisenbank Heidenheimer Alb -alt-,66406
60069476,Gerstetten,08135015,Raiffeisenbank Heidenheimer Alb (Gf P2),76406
60069485,Simmersfeld,08235066,Raiffeisenbank Oberer Wald -alt-,66408
60069485,Simmersfeld,08235066,Raiffeisenbank Oberer Wald (Gf P2),76408
60069505,Baiersbronn,08237004,Volksbank Murgtal -alt-,66418
60069505,Baiersbronn,08237004,Volksbank Murgtal Baiersbr-Klosterreichenbach (Gf P2),76418
60069517,Ostfildern,08116080,Scharnhauser Bank -alt-,66424
60069517,Ostfildern,08116080,Scharnhauser Bank (Gf P2),76424
60069527,Giengen an der Brenz,08135016,Volksbank Brenztal,66429
60069527,Gerstetten,08135015,Volksbank Brenztal,66429
60069527,Giengen an der Brenz,08135016,Volksbank Brenztal (Gf P2),76429
60069527,Herbrechtingen,08135020,Volksbank Brenztal,66429
60069527,Hermaringen,08135021,Volksbank Brenztal,66429
60069527,Niederstotzingen,08135027,Volksbank Brenztal,66429
60069527,Sontheim an der Brenz,08135031,Volksbank Brenztal,66429
60069527,Syrgenstein,09773170,Volksbank Brenztal,66429
60069538,Löchgau,08118047,Löchgauer Bank -alt-,66436
60069538,Freudental,08118016,Löchgauer Bank Gs,66436
60069538,Löchgau,08118047,Löchgauer Bank (Gf P2),76436
60069544,Westhausen,,Raiffeisenbank Westhausen,66439
60069544,Westhausen,,Raiffeisenbank Westhausen (Gf P2),76439
60069545,Nufringen,08115037,Nufringer Bank -Raiffeisen- -alt-,66441
60069545,Nufringen,08115037,Nufringer Bank -Raiffeisen- (Gf P2),76441
60069553,Hardt,,Raiffeisenbank Aichhalden-Hardt-Sulgen,66445
60069553,Aichhalden,08325001,Raiffeisenbank Aichhalden-Hardt-Sulgen,66445
60069553,Hardt,,Raiffeisenbank Aichhalden-Hardt-Sulgen (Gf P2),76445
60069553,Schramberg,08325053,Raiffeisenbank Aichhalden-Hardt-Sulgen,66445
60069564,Hülben,08415039,Raiffeisenbank Vordere Alb -alt-,66452
60069564,Erkenbrechtsweiler,08116018,Raiffeisenbank Vordere Alb,66452
60069564,Hülben,08415039,Raiffeisenbank Vordere Alb (Gf P2),76452
60069595,Schrozberg,08127075,Raiffeisenbank Schrozberg-Rot am See,66465
60069595,Schrozberg,08127075,Raiffeisenbank Schrozberg-Rot am See (Gf P2),76465
60069639,Ingersheim,08118077,Raiffeisenbank Ingersheim -alt-,66484
60069639,Ingersheim,08118077,Raiffeisenbank Ingersheim (Gf P2),76484
60069669,Erligheim,08118015,Erligheimer Bank -alt-,66500
60069673,Abtsgmünd,08136002,Abtsgmünder Bank -Raiffeisen-,66504
60069673,Aalen,08136088,Fachsenfelder Bank,66504
60069673,Abtsgmünd,08136002,Abtsgmünder Bank -Raiffeisen- (Gf P2),76504
60069680,Bretzfeld,08126011,Raiffeisenbank Bretzfeld-Neuenstein -alt-,66509
60069680,Bretzfeld,08126011,Raiffeisenbank (Gf P2),76509
60069685,Wangen,08117055,Raiffeisenbank Wangen,66513
60069685,Rechberghausen,08117038,Raiffeisenbank Wangen,66513
60069685,Wangen,08117055,Raiffeisenbank (Gf P2),76513
60069705,Schlat,08117043,Raiffeisenbank Schlat -alt-,66523
60069706,Mehrstetten,08415048,Raiffeisenbank -alt-,66524
60069706,Mehrstetten,08415048,Raiffeisenbank (Gf P2),76524
60069706,Münsingen,08415053,Raiffeisenbank Mehrstetten,66524
60069710,Blaufelden,08127008,Raiffeisenbank Gammesfeld,66526
60069710,Blaufelden,08127008,Raiffeisenbank Gammesfeld (Gf P2),76526
60069714,Ingelfingen,08126039,Raiffeisenbank Hohenloher Land,66530
60069714,Bretzfeld,08126011,Raiffeisenbank Hohenloher Land,66530
60069714,Dörzbach,08126020,Raiffeisenbank Hohenloher Land,66530
60069714,Ingelfingen,08126039,Raiffeisenbank Hohenloher Land (Gf P2),76530
60069714,Mulfingen,08126056,Raiffeisenbank Hohenloher Land,66530
60069714,Neuenstein,,Raiffeisenbank Hohenloher Land,66530
60069714,Niedernhall,08126060,Raiffeisenbank Hohenloher Land,66530
60069714,Schöntal,08126072,Raiffeisenbank Hohenloher Land,66530
60069714,Öhringen,08126066,Raiffeisenbank Hohenloher Land,66530
60069727,Oberstenfeld,08118060,Raiffeisenbank Oberstenfeld -alt-,66534
60069727,Oberstenfeld,08118060,Raiffeisenbank (Gf P2),76534
60069738,Freiberg am Neckar,08118078,Volksbank Freiberg und Umgebung -alt-,66540
60069766,Bad Boll,08117012,Volks- und Raiffeisenbank Boll -alt-,66554
60069795,Hessigheim,08118028,Volksbank Freiberg und Umgebung -alt-,66566
60069798,Horb am Neckar,08237040,Raiffeisenbank Horb -alt-,66567
60069798,Horb am Neckar,08237040,Raiffeisenbank Horb (Gf P2),76567
60069817,Mötzingen,08115034,Raiffeisenbank -alt-,66575
60069817,Mötzingen,08115034,Raiffeisenbank (Gf P2),76575
60069832,Urbach,,Raiffeisenbank Urbach -alt-,66583
60069832,Urbach,,Raiffeisenbank Urbach (Gf P2),76583
60069842,Sindelfingen,08115045,Darmsheimer Bank -alt-,66588
60069842,Sindelfingen,08115045,Darmsheimer Bank (Gf P2),76588
60069858,Vaihingen an der Enz,08118073,Enztalbank -alt-,66595
60069860,Bad Buchau,08426013,Federseebank -alt-,66596
60069860,Bad Buchau,08426013,Federseebank (Gf P2),76596
60069876,Rottenburg am Neckar,08416036,Raiffeisenbank Oberes Gäu Ergenzingen -alt-,66602
60069876,Eutingen im Gäu,08237027,Raiffeisenbank Oberes Gäu,66602
60069876,Rottenburg am Neckar,08416036,Raiffeisenbank Oberes Gäu Ergenzingen (Gf P2),76602
60069896,Pleidelsheim,08118063,Volksbank Freiberg und Umgebung -alt-,66611
60069904,Sonnenbühl,08415091,VR-Bank Alb -alt-,66613
60069904,Hohenstein,,VR-Bank Alb,66613
60069904,Lichtenstein,08415092,VR-Bank Alb,66613
60069904,Sonnenbühl,08415091,VR-Bank Alb (Gf P2),76613
60069904,St. Johann,08415093,VR-Bank Alb,66613
60069904,Trochtelfingen,08415073,VR-Bank Alb,66613
60069905,Remseck am Neckar,08118081,Volksbank Remseck,66614
60069905,Remseck am Neckar,08118081,Volksbank Remseck (Gf P2),76614
60069911,Erlenbach,08125027,Raiffeisenbank,66616
60069911,Erlenbach,08125027,Raiffeisenbank (Gf P2),76616
60069926,Glatten,08237030,Volksbank Glatten-Wittendorf -alt-,66622
60069926,Glatten,08237030,Volksbank Glatten-Wittendorf (Gf P2),76622
60069927,Esslingen am Neckar,08116019,Berkheimer Bank -alt-,66623
60069927,Esslingen am Neckar,08116019,Berkheimer Bank (Gf P2),76623
60069931,Berghülen,08425017,Raiffeisenbank,66625
60069931,Berghülen,08425017,Raiffeisenbank (Gf P2),76625
60069950,Schwäbisch Hall,08127076,Raiffeisenbank Tüngental,66638
60069950,Schwäbisch Hall,08127076,Raiffeisenbank Tüngental (Gf P2),76638
60069976,Heilbronn,08121000,Raiffeisenbank Böllingertal,66651
60069976,Bad Rappenau,08125006,Raiffeisenbank Böllingertal,66651
60069976,Heilbronn,08121000,Raiffeisenbank Böllingertal (Gf P2),76651
60070024,Stuttgart,08111000,Deutsche Bank,21240
60070024,Böblingen,08115003,Deutsche Bank,21240
60070024,Gerlingen,08118019,Deutsche Bank,21240
60070024,Leinfelden-Echterdingen,08116078,Deutsche Bank,21240
60070024,Leonberg,,Deutsche Bank,21240
60070024,Sindelfingen,08115045,Deutsche Bank,21240
60070070,Stuttgart,08111000,Deutsche Bank,27240
60070070,Böblingen,08115003,Deutsche Bank,27240
60070070,Gerlingen,08118019,Deutsche Bank,27240
60070070,Leinfelden-Echterdingen,08116078,Deutsche Bank,27240
60070070,Leonberg,,Deutsche Bank,27240
60070070,Sindelfingen,08115045,Deutsche Bank,27240
60070214,Stuttgart,08111000,Postbank/DSL Ndl der Deutsche Bank,27214
60070224,Stuttgart,08111000,Postbank/DSL Ndl der Deutsche Bank,21214
60080000,Stuttgart,08111000,Commerzbank vormals Dresdner Bank,28600
60080000,Backnang,08119008,Commerzbank vormals Dresdner Bank,28600
60080000,Fellbach,08119020,Commerzbank vormals Dresdner Bank,28600
60080000,Freudenstadt,08237028,Commerzbank vormals Dresdner Bank,28600
60080000,Kornwestheim,08118046,Commerzbank vormals Dresdner Bank,28600
60080000,Leinfelden-Echterdingen,08116078,Commerzbank vormals Dresdner Bank,28600
60080000,Leonberg,,Commerzbank vormals Dresdner Bank,28600
60080000,Schwäbisch Gmünd,08136065,Commerzbank vormals Dresdner Bank,28600
60080000,Waiblingen,08119079,Commerzbank vormals Dresdner Bank,28600
60080055,Stuttgart,08111000,Commerzbank vormals Dresdner Bank Zw 55,28601
60080057,Stuttgart,08111000,Commerzbank vormals Dresdner Bank Gf Zw 57,28602
60080085,Stuttgart,08111000,Commerzbank vormals Dresdner Bank ITGK 2,
60080086,Stuttgart,08111000,Commerzbank vormals Dresdner Bank Gf PCC-ITGK 3,
60080087,Stuttgart,08111000,"Commerzbank vormals Dresdner Bank, PCC DC-ITGK 4",
60080088,Stuttgart,08111000,"Commerzbank vormals Dresdner Bank, PCC DC-ITGK 5",
60089450,Stuttgart,08111000,Commerzbank vormals Dresdner Bank ITGK,
60090100,Stuttgart,08111000,Volksbank Stuttgart,96017
60090100,Berglen,08119089,Volksbank Stuttgart,96017
60090100,Ditzingen,08118011,Volksbank Stuttgart,96017
60090100,Fellbach,08119020,Volksbank Stuttgart,96017
60090100,Gerlingen,08118019,Volksbank Stuttgart,96017
60090100,Korb,08119041,Volksbank Stuttgart,96017
60090100,Korntal-Münchingen,08118080,Volksbank Stuttgart,96017
60090100,Leinfelden-Echterdingen,08116078,Volksbank Stuttgart,96017
60090100,Leutenbach,,Volksbank Stuttgart,96017
60090100,Lorch,,Volksbank Stuttgart,96017
60090100,Plüderhausen,08119055,Volksbank Stuttgart,96017
60090100,Remshalden,08119090,Volksbank Stuttgart,96017
60090100,Rudersberg,08119061,Volksbank Stuttgart,96017
60090100,Schorndorf,,Volksbank Stuttgart,96017
60090100,Schwaikheim,08119068,Volksbank Stuttgart,96017
60090100,Stuttgart,08111000,Volksbank Stuttgart (Gf P2),86017
60090100,Urbach,,Volksbank Stuttgart,96017
60090100,Weinstadt,08119091,Volksbank Stuttgart,96017
60090100,Winnenden,08119085,Volksbank Stuttgart,96017
60090100,Winterbach,,Volksbank Stuttgart,96017
60090133,Stuttgart,08111000,Volksbank Stuttgart GAA,
60090300,Stuttgart,08111000,Volksbank Zuffenhausen m Zndl Stammheimer VB,96044
60090300,Stuttgart,08111000,Volksbank Zuffenhausen m Zndl Stammheimer VB (Gf P2),86044
60090700,Stuttgart,08111000,SÜDWESTBANK - BAWAG Niederlassung Deutschland,96196
60090700,Stuttgart,08111000,SÜDWESTBANK - BAWAG Niederlassung Deutschland (Gf P2),86196
60090800,Stuttgart,08111000,Sparda-Bank Baden-Württemberg,96053
60090800,Stuttgart,08111000,Sparda-Bank Baden-Württemberg (Gf P2),86053
60090900,Stuttgart,08111000,PSD Bank RheinNeckarSaar,96055
60090900,Stuttgart,08111000,PSD Bank RheinNeckarSaar (Gf P2),86055
60120200,Stuttgart,08111000,BHF-BANK,25165
60120500,Stuttgart,08111000,SozialBank,25015
60133300,Stuttgart,08111000,Santander Consumer Bank,29416
60241074,Backnang,08119008,Commerzbank,24601
60250010,Waiblingen,08119079,Kreissparkasse Waiblingen,56009
60250010,Alfdorf,08119001,Kreissparkasse Waiblingen,56009
60250010,Aspach,08119087,Kreissparkasse Waiblingen,56009
60250010,Backnang,08119008,Kreissparkasse Waiblingen,56009
60250010,Fellbach,08119020,Kreissparkasse Waiblingen,56009
60250010,Kernen im Remstal,08119093,Kreissparkasse Waiblingen,56009
60250010,Korb,08119041,Kreissparkasse Waiblingen,56009
60250010,Leutenbach,,Kreissparkasse Waiblingen,56009
60250010,Murrhardt,08119044,Kreissparkasse Waiblingen,56009
60250010,Plüderhausen,08119055,Kreissparkasse Waiblingen,56009
60250010,Rudersberg,08119061,Kreissparkasse Waiblingen,56009
60250010,Schorndorf,,Kreissparkasse Waiblingen,56009
60250010,Schwaikheim,08119068,Kreissparkasse Waiblingen,56009
60250010,Sulzbach an der Murr,08119075,Kreissparkasse Waiblingen,56009
60250010,Urbach,,Kreissparkasse Waiblingen,56009
60250010,Weinstadt,08119091,Kreissparkasse Waiblingen,56009
60250010,Weissach im Tal,08119083,Kreissparkasse Waiblingen,56009
60250010,Welzheim,08119084,Kreissparkasse Waiblingen,56009
60250010,Winnenden,08119085,Kreissparkasse Waiblingen,56009
60250010,Winterbach,,Kreissparkasse Waiblingen,56009
60261329,Fellbach,08119020,Fellbacher Bank,66073
60261329,Fellbach,08119020,Fellbacher Bank (Gf P2),76073
60261622,Weinstadt,08119091,VR-Bank Weinstadt -alt-,66682
60261622,Weinstadt,08119091,VR-Bank Weinstadt (Gf P2),76682
60261818,Allmersbach im Tal,08119003,Raiffeisenbank Weissacher Tal -alt-,66126
60261818,Allmersbach im Tal,08119003,Raiffeisenbank Weissacher Tal (Gf P2),76126
60261818,Weissach im Tal,08119083,Raiffeisenbank Weissacher Tal Gs Cottenweiler,66126
60262063,Korb,08119041,Korber Bank -alt-,66145
60262063,Korb,08119041,Korber Bank (Gf P2),76145
60262693,Kernen im Remstal,08119093,Kerner Volksbank -alt-,66204
60262693,Kernen im Remstal,08119093,Kerner Volksbank (Gf P2),76204
60270024,Waiblingen,08119079,Deutsche Bank,21245
60270073,Waiblingen,08119079,Deutsche Bank,27245
60290110,Waiblingen,08119079,Volksbank Rems -alt-,96024
60290110,Waiblingen,08119079,Volksbank Rems (Gf P2),86024
60291120,Backnang,08119008,Volksbank Backnang,96070
60291120,Allmersbach im Tal,08119003,Volksbank Backnang,96070
60291120,Althütte,08119004,Volksbank Backnang,96070
60291120,Aspach,08119087,Volksbank Backnang,96070
60291120,Auenwald,08119006,Volksbank Backnang,96070
60291120,Backnang,08119008,Volksbank Backnang (Gf P2),86070
60291120,Burgstetten,08119018,Volksbank Backnang,96070
60291120,Großerlach,08119024,Volksbank Backnang,96070
60291120,Kaisersbach,08119037,Volksbank Backnang,96070
60291120,Kirchberg an der Murr,08119038,Volksbank Backnang,96070
60291120,Murrhardt,08119044,Volksbank Backnang,96070
60291120,Oppenweiler,08119053,Volksbank Backnang Zw Oppenweiler,96070
60291120,Spiegelberg,08119069,Volksbank Backnang,96070
60291120,Sulzbach an der Murr,08119075,"Volksbank Backnang Zw Sulzbach, Murr",96070
60291120,Weissach im Tal,08119083,Volksbank Backnang Zw Weissach,96070
60320291,Böblingen,08115003,UniCredit Bank - HypoVereinsbank,22016
60340071,Sindelfingen,08115045,Commerzbank Sindelfingen,24611
60340071,Herrenberg,08115021,Commerzbank,24611
60350130,Böblingen,08115003,Kreissparkasse Böblingen,56002
60350130,Aidlingen,08115001,Kreissparkasse Böblingen,56002
60350130,Altdorf,,Kreissparkasse Böblingen,56002
60350130,Bondorf,08115004,Kreissparkasse Böblingen,56002
60350130,Deckenpfronn,08115010,Kreissparkasse Böblingen,56002
60350130,Ehningen,08115013,Kreissparkasse Böblingen,56002
60350130,Grafenau,,Kreissparkasse Böblingen,56002
60350130,Gärtringen,08115015,Kreissparkasse Böblingen,56002
60350130,Gäufelden,08115016,Kreissparkasse Böblingen,56002
60350130,Herrenberg,08115021,Kreissparkasse Böblingen,56002
60350130,Hildrizhausen,08115022,Kreissparkasse Böblingen,56002
28361592,Juist,03452013,Raiffeisen-Volksbank Fresena,62075
28361592,Leezdorf,03452015,Raiffeisen-Volksbank Fresena,62075
28361592,Marienhafe,03452017,Raiffeisen-Volksbank Fresena,62075
28361592,Norden,03452019,Raiffeisen-Volksbank Fresena (Gf P2),72075
28361592,Norderney,03452020,Raiffeisen-Volksbank Fresena,62075
28361592,Rechtsupweg,03452022,Raiffeisen-Volksbank Fresena,62075
28361592,Südbrookmerland,03452023,Raiffeisen-Volksbank Fresena,62075
28420007,Emden,03402000,Oldenburgische Landesbank AG,25457
28420007,Borkum,03457002,Oldenburgische Landesbank AG,25457
28420007,Krummhörn,03452014,Oldenburgische Landesbank AG,25457
28421030,Aurich,03452001,Oldenburgische Landesbank AG,25458
28421030,Ihlow,,Oldenburgische Landesbank AG,25458
28421030,Südbrookmerland,03452023,Oldenburgische Landesbank AG,25458
28421030,Wiesmoor,03452025,Oldenburgische Landesbank AG,25458
28440037,Emden,03402000,Commerzbank,24281
28450000,Emden,03402000,Sparkasse Emden,52808
28470024,Emden,03402000,Deutsche Bank,21655
28470024,Aurich,03452001,Deutsche Bank,21655
28470024,Norden,03452019,Deutsche Bank,21655
28470024,Norderney,03452020,Deutsche Bank,21655
28470091,Emden,03402000,Deutsche Bank,27655
28470091,Aurich,03452001,Deutsche Bank,27655
28470091,Norden,03452019,Deutsche Bank,27655
28470091,Norderney,03452020,Deutsche Bank,27655
28520009,Leer (Ostfriesland),03457013,Oldenburgische Landesbank AG,25459
28520009,Bunde,03457024,Oldenburgische Landesbank AG,25459
28520009,Jemgum,03457012,Oldenburgische Landesbank AG,25459
28520009,Moormerland,03457014,Oldenburgische Landesbank AG,25459
28520009,Ostrhauderfehn,03457017,Oldenburgische Landesbank AG,25459
28520009,Rhauderfehn,03457018,Oldenburgische Landesbank AG,25459
28520009,Uplengen,03457020,Oldenburgische Landesbank AG,25459
28520009,Weener,03457021,Oldenburgische Landesbank AG,25459
28521518,Papenburg,03454041,Oldenburgische Landesbank AG,25460
28521518,Dörpen,03454008,Oldenburgische Landesbank AG,25460
28521518,Lathen,03454029,Oldenburgische Landesbank AG,25460
28540034,Leer (Ostfriesland),03457013,Commerzbank,24282
28550000,Leer (Ostfriesland),03457013,Sparkasse LeerWittmund,52812
28550000,Wittmund,03462019,Sparkasse LeerWittmund,52812
28562297,Aurich,03452001,Raiffeisen-Volksbank,62117
28562297,Aurich,03452001,Raiffeisen-Volksbank (Gf P2),72117
28562297,Blomberg,,Raiffeisen-Volksbank,62117
28562297,Detern,03457006,Raiffeisen-Volksbank,62117
28562297,Friedeburg,03462005,Raiffeisen-Volksbank,62117
28562297,Großefehn,03452006,Raiffeisen-Volksbank,62117
28562297,Uplengen,03457020,Raiffeisen-Volksbank,62117
28562297,Werdum,03462017,Raiffeisen-Volksbank,62117
28562297,Wiesmoor,03452025,Raiffeisen-Volksbank,62117
28562297,Wittmund,03462019,Raiffeisen-Volksbank,62117
28562716,Westoverledingen,03457022,Raiffeisenbank Flachsmeer,62146
28562716,Westoverledingen,03457022,Raiffeisenbank Flachsmeer (Gf P2),72146
87096124,Rochlitz,14522490,Volksbank Mittweida,98003
87096124,Waldheim,14522570,Volksbank Mittweida,98003
87096214,Chemnitz,14511000,Volksbank Chemnitz,98040
87096214,Aue-Bad Schlema,14521035,Volksbank Chemnitz,98040
87096214,Burgstädt,14522060,Volksbank Chemnitz,98040
87096214,Chemnitz,14511000,Volksbank Chemnitz (Gf P2),88040
87096214,Crimmitschau,14524030,Volksbank Chemnitz,98040
87096214,Crottendorf,14521130,Volksbank Chemnitz,98040
87096214,Eibenstock,14521170,Volksbank Chemnitz,98040
87096214,Flöha,14522140,Volksbank Chemnitz,98040
87096214,Gelenau,,Volksbank Chemnitz,98040
87096214,Kirchberg,,Volksbank Chemnitz,98040
87096214,Limbach-Oberfrohna,14524180,Volksbank Chemnitz,98040
87096214,Lugau,14521380,Volksbank Chemnitz,98040
87096214,Lößnitz,14521370,Volksbank Chemnitz,98040
87096214,Neukirchen/Erzgeb.,,Volksbank Chemnitz,98040
87096214,Oelsnitz/Erzgeb.,14521450,Volksbank Chemnitz,98040
87096214,Schneeberg,,Volksbank Chemnitz,98040
87096214,Schwarzenberg/Erzgeb.,,Volksbank Chemnitz,98040
87096214,Stollberg/Erzgeb.,,Volksbank Chemnitz,98040
87096214,Thalheim,,Volksbank Chemnitz,98040
87096214,Zwickau,14524330,Volksbank Chemnitz,98040
87096214,Zwönitz,14521710,Volksbank Chemnitz,98040
87070000,Klingenthal,14523160,Deutsche Bank,27710
87070000,Kurort Oberwiesenthal,,Deutsche Bank,27710
87070000,Lichtenstein/Sa.,,Deutsche Bank,27710
87070000,Limbach-Oberfrohna,14524180,Deutsche Bank,27710
87070000,Löbau,14626290,Deutsche Bank,27710
87070000,Marienberg,14521390,Deutsche Bank,27710
87070000,Meerane,14524190,Deutsche Bank,27710
87070000,Meißen,14627140,Deutsche Bank,27710
87070000,Mittweida,14522360,Deutsche Bank,27710
87070000,Niesky,14626370,Deutsche Bank,27710
87070000,Pirna,14628270,Deutsche Bank,27710
87070000,Plauen,14523320,Deutsche Bank,27710
87070000,Radeberg,14625480,Deutsche Bank,27710
87070000,Radebeul,14627210,Deutsche Bank,27710
87070000,Reichenbach im Vogtland,,Deutsche Bank,27710
87070000,Riesa,14627230,Deutsche Bank,27710
87070000,Schneeberg,,Deutsche Bank,27710
87070000,Schwarzenberg/Erzgeb.,,Deutsche Bank,27710
87070000,Seifhennersdorf,14626530,Deutsche Bank,27710
87070000,Stollberg/Erzgeb.,,Deutsche Bank,27710
87070000,Werdau,14524300,Deutsche Bank,27710
87070000,Zittau,14626610,Deutsche Bank,27710
87070000,Zwickau,14524330,Deutsche Bank,27710
87070024,Chemnitz,14511000,Deutsche Bank,21710
87070024,Annaberg-Buchholz,14521020,Deutsche Bank,21710
87070024,Aue-Bad Schlema,14521035,Deutsche Bank,21710
87070024,Auerbach/Vogtl.,,Deutsche Bank,21710
87070024,Bad Gottleuba-Berggießhübel,14628020,Deutsche Bank,21710
87070024,Bautzen,14625020,Deutsche Bank,21710
87070024,Burgstädt,14522060,Deutsche Bank,21710
87070024,Coswig,14627010,Deutsche Bank,21710
87070024,Crimmitschau,14524030,Deutsche Bank,21710
87070024,Dresden,14612000,Deutsche Bank,21710
87070024,Frankenberg,,Deutsche Bank,21710
87070024,Freiberg,14522180,Deutsche Bank,21710
87070024,Freital,14628110,Deutsche Bank,21710
87070024,Glauchau,14524080,Deutsche Bank,21710
87070024,Großenhain,14627060,Deutsche Bank,21710
87070024,Görlitz,14626110,Deutsche Bank,21710
87070024,Heidenau,,Deutsche Bank,21710
87054000,Breitenbrunn/Erzgeb.,,Erzgebirgssparkasse,58791
87054000,Burkhardtsdorf,14521120,Erzgebirgssparkasse,58791
87054000,Crottendorf,14521130,Erzgebirgssparkasse,58791
87054000,Drebach,14521150,Erzgebirgssparkasse,58791
87054000,Ehrenfriedersdorf,14521160,Erzgebirgssparkasse,58791
87054000,Eibenstock,14521170,Erzgebirgssparkasse,58791
87054000,Gelenau,,Erzgebirgssparkasse,58791
87054000,Geyer,14521210,Erzgebirgssparkasse,58791
87054000,Gornau,14521220,Erzgebirgssparkasse,58791
87054000,Großolbersdorf,14521240,Erzgebirgssparkasse,58791
87054000,Grünhain-Beierfeld,14521260,Erzgebirgssparkasse,58791
87054000,Grünhainichen,14521270,Erzgebirgssparkasse,58791
87054000,Hohndorf,14521290,Erzgebirgssparkasse,58791
87054000,Jahnsdorf/Erzgeb.,,Erzgebirgssparkasse,58791
87054000,Johanngeorgenstadt,14521320,Erzgebirgssparkasse,58791
87054000,Kurort Oberwiesenthal,,Erzgebirgssparkasse,58791
87054000,Kurort Seiffen,,Erzgebirgssparkasse,58791
87054000,Königswalde,14521340,Erzgebirgssparkasse,58791
87054000,Lengefeld,,Erzgebirgssparkasse,58791
87054000,Lugau,14521380,Erzgebirgssparkasse,58791
87054000,Lößnitz,14521370,Erzgebirgssparkasse,58791
87054000,Marienberg,14521390,Erzgebirgssparkasse,58791
87054000,Mildenau,14521400,Erzgebirgssparkasse,58791
87054000,Neukirchen/Erzgeb.,,Erzgebirgssparkasse,58791
87054000,Oelsnitz/Erzgeb.,14521450,Erzgebirgssparkasse,58791
87054000,Olbernhau,14521460,Erzgebirgssparkasse,58791
87054000,Pockau,,Erzgebirgssparkasse,58791
87054000,Raschau-Markersbach,14521500,Erzgebirgssparkasse,58791
87054000,Schlettau,14521520,Erzgebirgssparkasse,58791
87054000,Schneeberg,,Erzgebirgssparkasse,58791
87054000,Schwarzenberg/Erzgeb.,,Erzgebirgssparkasse,58791
87054000,Schönheide,14521540,Erzgebirgssparkasse,58791
87054000,Sehmatal-Neudorf,,Erzgebirgssparkasse,58791
87054000,Stollberg/Erzgeb.,,Erzgebirgssparkasse,58791
87054000,Thalheim,,Erzgebirgssparkasse,58791
87054000,Thum,14521640,Erzgebirgssparkasse,58791
87054000,Wolkenstein,14521670,Erzgebirgssparkasse,58791
87054000,Zschopau,14521690,Erzgebirgssparkasse,58791
87054000,Zschorlau,14521700,Erzgebirgssparkasse,58791
87055000,Zwickau,14524330,Sparkasse Zwickau,58797
87058000,Plauen,14523320,Sparkasse Vogtland,58796
87058000,Adorf/Vogtl.,,Sparkasse Vogtland,58796
87058000,Auerbach/Vogtl.,,Sparkasse Vogtland,58796
87058000,Bad Brambach,14523030,Sparkasse Vogtland,58796
87058000,Bad Elster,14523040,Sparkasse Vogtland,58796
87058000,Bergen,,Sparkasse Vogtland,58796
87058000,Elsterberg,14523100,Sparkasse Vogtland,58796
87058000,Falkenstein/Vogtl.,,Sparkasse Vogtland,58796
87058000,Klingenthal,14523160,Sparkasse Vogtland,58796
87058000,Lengenfeld,14523170,Sparkasse Vogtland,58796
87040000,Schwarzenberg/Erzgeb.,,Commerzbank,24870
87040000,Stollberg/Erzgeb.,,Commerzbank,24870
87040000,Weischlitz,14523450,Commerzbank,24870
87040000,Werdau,14524300,Commerzbank,24870
87040000,Zschopau,14521690,Commerzbank,24870
87040000,Zwickau,14524330,Commerzbank,24870
87050000,Chemnitz,14511000,Sparkasse Chemnitz,58798
87050000,Gersdorf,14524070,Sparkasse Chemnitz,58798
87050000,Glauchau,14524080,Sparkasse Chemnitz,58798
87050000,Hohenstein-Ernstthal,14524120,Sparkasse Chemnitz,58798
87050000,Lichtenstein/Sa.,,Sparkasse Chemnitz,58798
87050000,Limbach-Oberfrohna,14524180,Sparkasse Chemnitz,58798
87050000,Meerane,14524190,Sparkasse Chemnitz,58798
87050000,Niederfrohna,14524220,Sparkasse Chemnitz,58798
87050000,St. Egidien,14524280,Sparkasse Chemnitz,58798
87050000,Waldenburg,,Sparkasse Chemnitz,58798
87051000,Mittweida,14522360,Sparkasse Mittelsachsen -alt-,58792
87051000,Burgstädt,14522060,Sparkasse Mittelsachsen,58792
87051000,Erlau,14522120,Sparkasse Mittelsachsen,58792
87051000,Frankenberg,,Sparkasse Mittelsachsen,58792
87051000,Geringswalde,14522190,Sparkasse Mittelsachsen,58792
87051000,Hainichen,,Sparkasse Mittelsachsen,58792
87051000,Hartmannsdorf,,Sparkasse Mittelsachsen,58792
87051000,Königshain-Wiederau,14522290,Sparkasse Mittelsachsen,58792
87051000,Lichtenau,,Sparkasse Mittelsachsen,58792
87051000,Lunzenau,14522350,Sparkasse Mittelsachsen,58792
87051000,Penig,14522460,Sparkasse Mittelsachsen,58792
87051000,Rochlitz,14522490,Sparkasse Mittelsachsen,58792
87051000,Wechselburg,14522580,Sparkasse Mittelsachsen,58792
87052000,Freiberg,14522180,Sparkasse Mittelsachsen,58799
87052000,Augustusburg,14522020,Sparkasse Mittelsachsen,58799
87052000,Bobritzsch-Hilbersdorf,14522035,Sparkasse Mittelsachsen,58799
87052000,Brand-Erbisdorf,14522050,Sparkasse Mittelsachsen,58799
87052000,Dorfchemnitz,14522090,Sparkasse Mittelsachsen,58799
87052000,Flöha,14522140,Sparkasse Mittelsachsen,58799
87052000,Frauenstein,14522170,Sparkasse Mittelsachsen,58799
87052000,Großhartmannsdorf,14522200,Sparkasse Mittelsachsen,58799
87052000,Großschirma,14522210,Sparkasse Mittelsachsen,58799
87052000,Halsbrücke,14522240,Sparkasse Mittelsachsen,58799
87052000,Leubsdorf,,Sparkasse Mittelsachsen,58799
87052000,Lichtenberg/Erzgeb.,,Sparkasse Mittelsachsen,58799
87052000,Mulda,,Sparkasse Mittelsachsen,58799
87052000,Niederwiesa,14522420,Sparkasse Mittelsachsen,58799
87052000,Oederan,14522440,Sparkasse Mittelsachsen,58799
87052000,Rechenberg-Bienenmühle,14522470,Sparkasse Mittelsachsen,58799
87052000,Reinsberg,14522480,Sparkasse Mittelsachsen,58799
87052000,Sayda,14522520,Sparkasse Mittelsachsen,58799
87052000,Weißenborn/Erzgeb.,,Sparkasse Mittelsachsen,58799
87054000,Annaberg-Buchholz,14521020,Erzgebirgssparkasse,58791
87054000,Auerbach,,Erzgebirgssparkassee,58791
86070024,Quedlinburg,15085235,Deutsche Bank,21706
86070024,Sangerhausen,15087370,Deutsche Bank,21706
86070024,Schkeuditz,14730270,Deutsche Bank,21706
86070024,Taucha,14730300,Deutsche Bank,21706
86070024,Torgau,14730310,Deutsche Bank,21706
86070024,Weißenfels,15084550,Deutsche Bank,21706
86070024,Wurzen,14729410,Deutsche Bank,21706
86070024,Zeitz,15084590,Deutsche Bank,21706
86070407,Leipzig,14713000,Postbank/DSL Ndl der Deutsche Bank,27407
86070424,Leipzig,14713000,Postbank/DSL Ndl der Deutsche Bank,21407
86080000,Leipzig,14713000,Commerzbank vormals Dresdner Bank,28860
86080000,Altenburg,16077001,Commerzbank vormals Dresdner Bank,28860
86080000,Borna,14729050,Commerzbank vormals Dresdner Bank,28860
86080000,Delitzsch,14730070,Commerzbank vormals Dresdner Bank,28860
86080000,Zeitz,15084590,Commerzbank vormals Dresdner Bank,28860
86080055,Leipzig,14713000,Commerzbank vormals Dresdner Bank Zw 55,28861
86080057,Leipzig,14713000,Commerzbank vormals Dresdner Bank Gf ZW 57,28862
86080085,Leipzig,14713000,"Commerzbank vormals Dresdner Bank, PCC DCC-ITGK 1",
86080086,Leipzig,14713000,"Commerzbank vormals Dresdner Bank, PCC DCC-ITGK 2",
86089280,Leipzig,14713000,Commerzbank vormals Dresdner Bank ITGK,
86095484,Grimma,14729160,Volks- und Raiffeisenbank Muldental,98068
86095484,Grimma,14729160,Volks- und Raiffeisenbank Muldental (Gf P2),88068
86095484,Wurzen,14729410,Volks- und Raiffeisenbank Muldental,98068
86095554,Delitzsch,14730070,Volksbank Delitzsch,98033
86095554,Delitzsch,14730070,Volksbank Delitzsch (Gf P2),88033
86095604,Leipzig,14713000,Leipziger Volksbank,98018
86095604,Leipzig,14713000,Leipziger Volksbank (Gf P2),88018
87000000,Chemnitz,14511000,Bundesbank,20870
87020086,Chemnitz,14511000,UniCredit Bank - HypoVereinsbank,22105
87020087,Plauen,14523320,UniCredit Bank - HypoVereinsbank,22115
87020088,Zwickau,14524330,UniCredit Bank - HypoVereinsbank,22116
87040000,Chemnitz,14511000,Commerzbank,24870
87040000,Annaberg-Buchholz,14521020,Commerzbank,24870
87040000,Aue-Bad Schlema,14521035,Commerzbank,24870
87040000,Auerbach/Vogtl.,,Commerzbank,24870
87040000,Crimmitschau,14524030,Commerzbank,24870
87040000,Falkenstein/Vogtl.,,Commerzbank,24870
87040000,Flöha,14522140,Commerzbank,24870
87040000,Freiberg,14522180,Commerzbank,24870
87040000,Glauchau,14524080,Commerzbank,24870
87040000,Hohenstein-Ernstthal,14524120,Commerzbank,24870
87040000,Kirchberg,,Commerzbank,24870
87040000,Limbach-Oberfrohna,14524180,Commerzbank,24870
87040000,Marienberg,14521390,Commerzbank,24870
87040000,Meerane,14524190,Commerzbank,24870
87040000,Mittweida,14522360,Commerzbank,24870
87040000,Oelsnitz/Vogtl.,,Commerzbank,24870
87040000,Plauen,14523320,Commerzbank,24870
87040000,Reichenbach im Vogtland,,Commerzbank,24870
87040000,Rochlitz,14522490,Commerzbank,24870
86069070,Torgau,14730310,Raiffeisenbank -alt-,68631
86069070,Torgau,14730310,Raiffeisenbank (Gf P2),78631
86070000,Leipzig,14713000,Deutsche Bank,27706
86070000,Altenburg,16077001,Deutsche Bank,27706
86070000,Aschersleben,15089015,Deutsche Bank,27706
86070000,Bernburg (Saale),15089030,Deutsche Bank,27706
86070000,Bitterfeld-Wolfen,15082015,Deutsche Bank,27706
86070000,Borna,14729050,Deutsche Bank,27706
86070000,Delitzsch,14730070,Deutsche Bank,27706
86070000,Dessau-Roßlau,15001000,Deutsche Bank,27706
86070000,Döbeln,14522080,Deutsche Bank,27706
86070000,Eilenburg,14730110,Deutsche Bank,27706
86070000,Grimma,14729160,Deutsche Bank,27706
86070000,Halle (Saale),15002000,Deutsche Bank,27706
86070000,Hettstedt,15087220,Deutsche Bank,27706
86070000,Köthen (Anhalt),15082180,Deutsche Bank,27706
86070000,Lutherstadt Eisleben,15087130,Deutsche Bank,27706
86070000,Lutherstadt Wittenberg,15091375,Deutsche Bank,27706
86070000,Markkleeberg,14729260,Deutsche Bank,27706
86070000,Merseburg,15088220,Deutsche Bank,27706
86070000,Naumburg (Saale),15084355,Deutsche Bank,27706
86070000,Oschatz,14730230,Deutsche Bank,27706
86070000,Quedlinburg,15085235,Deutsche Bank,27706
86070000,Sangerhausen,15087370,Deutsche Bank,27706
86070000,Schkeuditz,14730270,Deutsche Bank,27706
86070000,Taucha,14730300,Deutsche Bank,27706
86070000,Torgau,14730310,Deutsche Bank,27706
86070000,Weißenfels,15084550,Deutsche Bank,27706
86070000,Wurzen,14729410,Deutsche Bank,27706
86070000,Zeitz,15084590,Deutsche Bank,27706
86070024,Leipzig,14713000,Deutsche Bank,21706
86070024,Altenburg,16077001,Deutsche Bank,21706
86070024,Aschersleben,15089015,Deutsche Bank,21706
86070024,Bernburg (Saale),15089030,Deutsche Bank,21706
86070024,Bitterfeld-Wolfen,15082015,Deutsche Bank,21706
86070024,Borna,14729050,Deutsche Bank,21706
86070024,Delitzsch,14730070,Deutsche Bank,21706
86070024,Dessau-Roßlau,15001000,Deutsche Bank,21706
86070024,Döbeln,14522080,Deutsche Bank,21706
86070024,Eilenburg,14730110,Deutsche Bank,21706
86070024,Grimma,14729160,Deutsche Bank,21706
86070024,Halle (Saale),15002000,Deutsche Bank,21706
86070024,Hettstedt,15087220,Deutsche Bank,21706
86070024,Köthen (Anhalt),15082180,Deutsche Bank,21706
86070024,Lutherstadt Eisleben,15087130,Deutsche Bank,21706
86070024,Lutherstadt Wittenberg,15091375,Deutsche Bank,21706
86070024,Markkleeberg,14729260,Deutsche Bank,21706
86070024,Merseburg,15088220,Deutsche Bank,21706
86070024,Naumburg (Saale),15084355,Deutsche Bank,21706
86070024,Oschatz,14730230,Deutsche Bank,21706
85591000,Kodersdorf,14626230,Volksbank Raiffeisenbank Niederschlesien,98077
85591000,Markersdorf,14626300,Volksbank Raiffeisenbank Niederschlesien,98077
85591000,Niesky,14626370,Volksbank Raiffeisenbank Niederschlesien,98077
85591000,Reichenbach/O.L.,14626450,Volksbank Raiffeisenbank Niederschlesien,98077
85591000,Rothenburg/O.L.,,Volksbank Raiffeisenbank Niederschlesien,98077
85591000,Schönau-Berzdorf,,Volksbank Raiffeisenbank Niederschlesien,98077
85591000,Weißwasser/O.L.,14626600,Volksbank Raiffeisenbank Niederschlesien,98077
86000000,Leipzig,14713000,Bundesbank,20860
86010090,Leipzig,14713000,Postbank Ndl der Deutsche Bank,10090
86010424,Wiesbaden,06414000,Aareal Bank ehem. Filiale Leipzig,26919
86020086,Leipzig,14713000,UniCredit Bank - HypoVereinsbank,22104
86020500,Leipzig,14713000,SozialBank,25016
86020500,Erfurt,16051000,SozialBank,25016
86021000,Dresden,14612000,aifinyo payments,
86033300,Leipzig,14713000,Santander Consumer Bank,29418
86040000,Leipzig,14713000,Commerzbank,24860
86040000,Altenburg,16077001,Commerzbank,24860
86040000,Bitterfeld-Wolfen,15082015,Commerzbank,24860
86040000,Borna,14729050,Commerzbank,24860
86040000,Delitzsch,14730070,Commerzbank,24860
86040000,Döbeln,14522080,Commerzbank,24860
86040000,Torgau,14730310,Commerzbank,24860
86040060,Leipzig,14713000,Commerzbank CC,
86040061,Leipzig,14713000,Commerzbank CC,
86050000,Leipzig,14713000,ZV Landesbank Baden-Württemberg,58696
86050200,Grimma,14729160,Sparkasse Muldental,58699
86050200,Bad Lausick,14729010,Sparkasse Muldental,58699
86050200,Brandis,14729070,Sparkasse Muldental,58699
86050200,Colditz,14729080,Sparkasse Muldental,58699
86050200,Machern,14729250,Sparkasse Muldental,58699
86050200,Naunhof,14729300,Sparkasse Muldental,58699
86050200,Trebsen/Mulde,14729400,Sparkasse Muldental,58699
86050200,Wurzen,14729410,Sparkasse Muldental,58699
86050600,Oschatz,14730230,Kreissparkasse Torgau-Oschatz -alt-,58697
86050600,Torgau,14730310,Kreissparkasse Torgau-Oschatz -alt-,58697
86055002,Delitzsch,14730070,Sparkasse Delitzsch-Eilenburg -alt-,58698
86055002,Eilenburg,14730110,Sparkasse Delitzsch-Eilenburg,58698
86055462,Döbeln,14522080,Kreissparkasse Döbeln,58605
86055462,Hartha,14522250,Kreissparkasse Döbeln,58605
86055462,Jahnatal,14522275,Kreissparkasse Döbeln,58605
86055462,Leisnig,14522310,Kreissparkasse Döbeln,58605
86055462,Roßwein,14522510,Kreissparkasse Döbeln,58605
86055462,Waldheim,14522570,Kreissparkasse Döbeln,58605
86055592,Leipzig,14713000,Stadt- und Kreissparkasse Leipzig,58612
86065448,Borna,14729050,VR Bank Leipziger Land,68650
86065448,Borna,14729050,VR Bank Leipziger Land (Gf P2),78650
86065468,Freiberg,14522180,VR-Bank Mittelsachsen,68603
86065468,Freiberg,14522180,VR-Bank Mittelsachsen (Gf P2),78603
86065483,Grimma,14729160,Raiffeisenbank Grimma,68559
86065483,Grimma,14729160,Raiffeisenbank Grimma (Gf P2),78559
85094984,Riesa,14627230,Volksbank Riesa (Gf P2),88005
85095004,Meißen,14627140,Volksbank Raiffeisenbank Meißen Großenhain,98057
85095004,Großenhain,14627060,Volksbank Raiffeisenbank Meißen Großenhain,98057
85095004,Meißen,14627140,Volksbank Raiffeisenbank Meißen Großenhain (Gf P2),88057
85550000,Bautzen,14625020,Kreissparkasse Bautzen,58595
85550000,Bischofswerda,14625040,Kreissparkasse Bautzen,58595
85550000,Cunewalde,14625090,Kreissparkasse Bautzen,58595
85550000,Demitz-Thumitz,14625100,Kreissparkasse Bautzen,58595
85550000,Großdubrau,14625160,Kreissparkasse Bautzen,58595
85550000,Großharthau,14625170,Kreissparkasse Bautzen,58595
85550000,Großpostwitz/O.L.,14625190,Kreissparkasse Bautzen,58595
85550000,Göda,14625150,Kreissparkasse Bautzen,58595
85550000,Königswartha,14625280,Kreissparkasse Bautzen,58595
85550000,Malschwitz,14625340,Kreissparkasse Bautzen,58595
85550000,Neschwitz,14625360,Kreissparkasse Bautzen,58595
85550000,Neukirch/Lausitz,14625380,Kreissparkasse Bautzen,58595
85550000,Schirgiswalde-Kirschau,14625525,Kreissparkasse Bautzen,58595
85550000,Sohland,,Kreissparkasse Bautzen,58595
85550000,Weißenberg,14625610,Kreissparkasse Bautzen,58595
85550000,Wilthen,14625630,Kreissparkasse Bautzen,58595
85590000,Bautzen,14625020,Volksbank Bautzen -alt-,98074
85590000,Bautzen,14625020,Volksbank Bautzen (Gf P2),88074
85590000,Bernsdorf,,Volksbank Bautzen Zw,98074
85590000,Bischofswerda,14625040,Volksbank Bautzen,98074
85590000,Großröhrsdorf,14625200,Volksbank Bautzen,98074
85590000,Hochkirch,14625230,Volksbank Bautzen Zw,98074
85590000,Hoyerswerda,14625240,Volksbank Bautzen Zw,98074
85590000,Kamenz,14625250,Volksbank Bautzen,98074
85590000,Kubschütz,14625290,Volksbank Bautzen Zw,98074
85590000,Königsbrück,14625270,Volksbank Bautzen,98074
85590000,Königswartha,14625280,Volksbank Bautzen Zw,98074
85590000,Neukirch/Lausitz,14625380,Volksbank Bautzen,98074
85590000,Pulsnitz,14625450,Volksbank Bautzen,98074
85590000,Sohland,,Volksbank Bautzen Zw,98074
85590000,Weißenberg,14625610,Volksbank Bautzen Zw,98074
85590000,Wilthen,14625630,Volksbank Bautzen Zw,98074
85590000,Wittichenau,14625640,Volksbank Bautzen Zw,98074
85590100,Ebersbach-Neugersdorf,14626085,Volksbank Löbau-Zittau,98076
85590100,Bernstadt a. d. Eigen,,Volksbank Löbau-Zittau,98076
85590100,Cunewalde,14625090,Volksbank Löbau-Zittau,98076
85590100,Ebersbach-Neugersdorf,14626085,Volksbank Löbau-Zittau (Gf P2),88076
85590100,Eibau,,Volksbank Löbau-Zittau,98076
85590100,Großschönau,14626140,Volksbank Löbau-Zittau,98076
85590100,Herrnhut,14626180,Volksbank Löbau-Zittau,98076
85590100,Löbau,14626290,Volksbank Löbau-Zittau,98076
85590100,Olbersdorf,14626400,Volksbank Löbau-Zittau,98076
85590100,Oppach,14626410,Volksbank Löbau-Zittau,98076
85590100,Zittau,14626610,Volksbank Löbau-Zittau,98076
85591000,Görlitz,14626110,Volksbank Raiffeisenbank Niederschlesien,98077
85591000,Görlitz,14626110,Volksbank Raiffeisenbank Niederschlesien (Gf P2),88077
85050300,Wilsdruff,14628410,Ostsächsische Sparkasse Dresden,58597
85050300,Wittichenau,14625640,Ostsächsische Sparkasse Dresden,58597
85055000,Riesa,14627230,Sparkasse Meißen,58592
85055000,Ebersbach,14627030,Sparkasse Meißen,58592
85055000,Glaubitz,14627040,Sparkasse Meißen,58592
85055000,Großenhain,14627060,Sparkasse Meißen,58592
85055000,Gröditz,14627050,Sparkasse Meißen,58592
85055000,Nünchritz,14627190,Sparkasse Meißen,58592
85055000,Schönfeld,,Sparkasse Meißen,58592
85055000,Stauchitz,14627260,Sparkasse Meißen,58592
85055000,Strehla,14627270,Sparkasse Meißen,58592
85055000,Zeithain,14627360,Sparkasse Meißen,58592
85060000,Pirna,14628270,Volksbank Pirna,68503
85060000,Bad Schandau,14628030,Volksbank Pirna,68503
85060000,Bahretal,14628040,Volksbank Pirna,68503
85060000,Dürrröhrsdorf-Dittersbach,14628100,Volksbank Pirna,68503
85060000,Heidenau,,Volksbank Pirna,68503
85060000,Lohmen,,Volksbank Pirna,68503
85060000,Neustadt in Sachsen,14628260,Volksbank Pirna,68503
85060000,Pirna,14628270,Volksbank Pirna (Gf P2),78503
85060000,Sebnitz,14628360,Volksbank Pirna,68503
85060000,Stolpen,14628380,Volksbank Pirna,68503
85065028,Sebnitz,14628360,"Raiffeisenbank Neustadt, Sachs -alt-",68535
85065028,Sebnitz,14628360,"Raiffeisenbank Neustadt, Sachs (Gf P2)",78535
85080000,Dresden,14612000,Commerzbank vormals Dresdner Bank,28850
85080000,Bautzen,14625020,Commerzbank vormals Dresdner Bank,28850
85080000,Bischofswerda,14625040,Commerzbank vormals Dresdner Bank,28850
85080000,Döbeln,14522080,Commerzbank vormals Dresdner Bank,28850
85080000,Eilenburg,14730110,Commerzbank vormals Dresdner Bank,28850
85080000,Freiberg,14522180,Commerzbank vormals Dresdner Bank,28850
85080000,Görlitz,14626110,Commerzbank vormals Dresdner Bank,28850
85080000,Löbau,14626290,Commerzbank vormals Dresdner Bank,28850
85080000,Meißen,14627140,Commerzbank vormals Dresdner Bank,28850
85080000,Neustadt in Sachsen,14628260,Commerzbank vormals Dresdner Bank,28850
85080000,Oschatz,14730230,Commerzbank vormals Dresdner Bank,28850
85080000,Pirna,14628270,Commerzbank vormals Dresdner Bank,28850
85080000,Radebeul,14627210,Commerzbank vormals Dresdner Bank,28850
85080000,Riesa,14627230,Commerzbank vormals Dresdner Bank,28850
85080000,Zittau,14626610,Commerzbank vormals Dresdner Bank,28850
85080085,Dresden,14612000,"Commerzbank vormals Dresdner Bank, PCC DCC-ITGK 1",
85080086,Dresden,14612000,"Commerzbank vormals Dresdner Bank, PCC DCC-ITGK 2",
85080200,Hoyerswerda,14625240,Commerzbank vormals Dresdner Bank,28852
85089270,Dresden,14612000,Commerzbank vormals Dresdner Bank ITGK,
85090000,Dresden,14612000,Volksbank Dresden-Bautzen,98087
85090000,Dresden,14612000,Volksbank Dresden-Bautzen (Gf P2),88087
85094984,Riesa,14627230,Volksbank Riesa,98005
85094984,Dahlen,14730060,Volksbank Riesa Gs,98005
85094984,Großenhain,14627060,Volksbank Riesa Gs,98005
85094984,Gröditz,14627050,Volksbank Riesa Gs,98005
85094984,Oschatz,14730230,Volksbank Riesa Gs,98005
85050100,Kodersdorf,14626230,Sparkasse Oberlausitz-Niederschlesien,58599
85050100,Krauschwitz i.d. O.L.,,Sparkasse Oberlausitz-Niederschlesien,58599
85050100,Löbau,14626290,Sparkasse Oberlausitz-Niederschlesien,58599
85050100,Mücka,14626320,Sparkasse Oberlausitz-Niederschlesien,58599
85050100,Neusalza-Spremberg,14626350,Sparkasse Oberlausitz-Niederschlesien,58599
85050100,Niesky,14626370,Sparkasse Oberlausitz-Niederschlesien,58599
85050100,Oderwitz,14626390,Sparkasse Oberlausitz-Niederschlesien,58599
85050100,Olbersdorf,14626400,Sparkasse Oberlausitz-Niederschlesien,58599
85050100,Oppach,14626410,Sparkasse Oberlausitz-Niederschlesien,58599
85050100,Ostritz,14626420,Sparkasse Oberlausitz-Niederschlesien,58599
85050100,Reichenbach/O.L.,14626450,Sparkasse Oberlausitz-Niederschlesien,58599
85050100,Rietschen,14626460,Sparkasse Oberlausitz-Niederschlesien,58599
85050100,Rothenburg/O.L.,,Sparkasse Oberlausitz-Niederschlesien,58599
85050100,Schleife,14626490,Sparkasse Oberlausitz-Niederschlesien,58599
85050100,Seifhennersdorf,14626530,Sparkasse Oberlausitz-Niederschlesien,58599
85050100,Weißwasser/O.L.,14626600,Sparkasse Oberlausitz-Niederschlesien,58599
85050300,Dresden,14612000,Ostsächsische Sparkasse Dresden,58597
85050300,Altenberg,14628010,Ostsächsische Sparkasse Dresden,58597
85050300,Arnsdorf,14625010,Ostsächsische Sparkasse Dresden,58597
85050300,Bad Gottleuba-Berggießhübel,14628020,Ostsächsische Sparkasse Dresden,58597
85050300,Bad Schandau,14628030,Ostsächsische Sparkasse Dresden,58597
85050300,Bannewitz,14628050,Ostsächsische Sparkasse Dresden,58597
85050300,Bernsdorf,,Ostsächsische Sparkasse Dresden,58597
85050300,Dippoldiswalde,14628060,Ostsächsische Sparkasse Dresden,58597
85050300,Dürrröhrsdorf-Dittersbach,14628100,Ostsächsische Sparkasse Dresden,58597
85050300,Freital,14628110,Ostsächsische Sparkasse Dresden,58597
85050300,Glashütte,14628130,Ostsächsische Sparkasse Dresden,58597
85050300,Großröhrsdorf,14625200,Ostsächsische Sparkasse Dresden,58597
85050300,Heidenau,,Ostsächsische Sparkasse Dresden,58597
85050300,Hermsdorf/Erzgeb.,,Ostsächsische Sparkasse Dresden,58597
85050300,Hoyerswerda,14625240,Ostsächsische Sparkasse Dresden,58597
85050300,Kamenz,14625250,Ostsächsische Sparkasse Dresden,58597
85050300,Kesselsdorf,,Ostsächsische Sparkasse Dresden,58597
85050300,Klingenberg,14628205,Ostsächsische Sparkasse Dresden,58597
85050300,Kreischa,14628220,Ostsächsische Sparkasse Dresden,58597
85050300,Königsbrück,14625270,Ostsächsische Sparkasse Dresden,58597
85050300,Königstein/Sächs. Schw.,,Ostsächsische Sparkasse Dresden,58597
85050300,Lauta,14625310,Ostsächsische Sparkasse Dresden,58597
85050300,Lohmen,,Ostsächsische Sparkasse Dresden,58597
85050300,Lohsa,14625330,Ostsächsische Sparkasse Dresden,58597
85050300,Neustadt in Sachsen,14628260,Ostsächsische Sparkasse Dresden,58597
85050300,Ottendorf-Okrilla,14625430,Ostsächsische Sparkasse Dresden,58597
85050300,Panschwitz-Kuckau,14625440,Ostsächsische Sparkasse Dresden,58597
85050300,Pirna,14628270,Ostsächsische Sparkasse Dresden,58597
85050300,Pulsnitz,14625450,Ostsächsische Sparkasse Dresden,58597
85050300,Radeberg,14625480,Ostsächsische Sparkasse Dresden,58597
85050300,Sebnitz,14628360,Ostsächsische Sparkasse Dresden,58597
85050300,Stolpen,14628380,Ostsächsische Sparkasse Dresden,58597
85050300,Struppen,14628390,Ostsächsische Sparkasse Dresden,58597
85050300,Tharandt,14628400,Ostsächsische Sparkasse Dresden,58597
84055050,Vacha,16063082,Wartburg-Sparkasse,58498
84055050,Wutha-Farnroda,16063092,Wartburg-Sparkasse,58498
84064798,Meiningen,16066042,Genobank Rhön-Grabfeld,
84069065,Schleusingen,16069043,Raiffeisenbank Schleusingen -alt-,68558
84069065,Schleusingen,16069043,Raiffeisenbank Schleusingen (Gf P2),78558
84080000,Meiningen,16066042,Commerzbank vormals Dresdner Bank,28840
84080000,Sonneberg,16072018,Commerzbank vormals Dresdner Bank,28840
84080000,Suhl,16054000,Commerzbank vormals Dresdner Bank,28840
84094754,Bad Salzungen,16063003,VR-Bank Bad Salzungen Schmalkalden,98042
84094754,Bad Salzungen,16063003,VR-Bank Bad Salzungen Schmal (Gf P2),88042
84094755,Bad Salzungen,16063003,VR-Bank Bad Salzungen Schmalkalden GAA,
84094814,Erfurt,16051000,Volksbank Thüringen Mitte,98038
84094814,Eisfeld,16069012,Volksbank Thüringen Mitte,98038
84094814,Erfurt,16051000,Volksbank Thüringen Mitte (Gf P2),88038
84094814,Hildburghausen,16069024,Volksbank Thüringen Mitte,98038
84094814,Ilmenau,16070029,Volksbank Thüringen Mitte,98038
84094814,Schleusingen,16069043,Volksbank Thüringen Mitte,98038
84094814,Schönbrunn,08226081,Volksbank Thüringen Mitte,98038
84094814,Suhl,16054000,Volksbank Thüringen Mitte,98038
84094814,Themar,16069051,Volksbank Thüringen Mitte,98038
84094814,Zella-Mehlis,16066092,Volksbank Thüringen Mitte,98038
85010500,Dresden,14612000,Sächsische Aufbaubank -Förderbank-,
85020086,Dresden,14612000,UniCredit Bank - HypoVereinsbank,22100
85020500,Dresden,14612000,SozialBank,25017
85040000,Dresden,14612000,Commerzbank,24850
85040000,Bautzen,14625020,Commerzbank,24850
85040000,Bischofswerda,14625040,Commerzbank,24850
85040000,Eilenburg,14730110,Commerzbank,24850
85040000,Görlitz,14626110,Commerzbank,24850
85040000,Hoyerswerda,14625240,Commerzbank,24850
85040000,Löbau,14626290,Commerzbank,24850
85040000,Meißen,14627140,Commerzbank,24850
85040000,Neustadt in Sachsen,14628260,Commerzbank,24850
85040000,Oschatz,14730230,Commerzbank,24850
85040000,Pirna,14628270,Commerzbank,24850
85040000,Radebeul,14627210,Commerzbank,24850
85040000,Riesa,14627230,Commerzbank,24850
85040000,Zittau,14626610,Commerzbank,24850
85040060,Dresden,14612000,Commerzbank CC,
85040061,Dresden,14612000,Commerzbank CC,
85050100,Zittau,14626610,Sparkasse Oberlausitz-Niederschlesien,58599
85050100,Bad Muskau,14626010,Sparkasse Oberlausitz-Niederschlesien,58599
85050100,Bernstadt a. d. Eigen,,Sparkasse Oberlausitz-Niederschlesien,58599
85050100,Boxberg/O.L.,14626060,Sparkasse Oberlausitz-Niederschlesien,58599
85050100,Ebersbach-Neugersdorf,14626085,Sparkasse Oberlausitz-Niederschlesien,58599
85050100,Eibau,,Sparkasse Oberlausitz-Niederschlesien,58599
85050100,Großschönau,14626140,Sparkasse Oberlausitz-Niederschlesien,58599
85050100,Görlitz,14626110,Sparkasse Oberlausitz-Niederschlesien,58599
85050100,Herrnhut,14626180,Sparkasse Oberlausitz-Niederschlesien,58599
85050100,Hirschfelde,,Sparkasse Oberlausitz-Niederschlesien,58599
83094454,Gera,16052000,Volksbank Gera-Jena-Rudolstadt,98055
83094454,Großbreitenbach,16070058,Volksbank Gera-Jena-Rudolstadt,98055
83094454,Jena,16053000,Volksbank Gera-Jena-Rudolstadt (Gf P2),88055
83094454,Kahla,16074044,Volksbank Gera-Jena-Rudolstadt,98055
83094454,Königsee,16073112,Volksbank Gera-Jena-Rudolstadt,98055
83094454,Neuhaus am Rennweg,16072013,Volksbank Gera-Jena-Rudolstadt,98055
83094454,Ronneburg,,Volksbank Gera-Jena-Rudolstadt,98055
83094454,Rudolstadt,16073076,Volksbank Gera-Jena-Rudolstadt,98055
83094454,Schleiz,16075098,Volksbank Gera-Jena-Rudolstadt,98055
83094454,Weida,16076079,Volksbank Gera-Jena-Rudolstadt,98055
83094494,Eisenberg,,Volksbank Eisenberg,98028
83094494,Bad Klosterlausnitz,16074003,Volksbank Eisenberg Zw,98028
83094494,Bürgel,16074009,Volksbank Eisenberg Zw,98028
83094494,Crossen an der Elster,16074012,Volksbank Eisenberg Zw,98028
83094494,Eisenberg,,Volksbank Eisenberg (Gf P2),88028
83094494,Schkölen,16074116,Volksbank Eisenberg Zw,98028
83094495,Eisenberg,,"EthikBank, Zndl der Volksbank Eisenberg",98089
83094495,Eisenberg,,"EthikBank, Zndl der Volksbank Eisenberg (Gf P2)",88089
84020087,Suhl,16054000,UniCredit Bank - HypoVereinsbank,22114
84040000,Meiningen,16066042,Commerzbank,24840
84050000,Meiningen,16066042,Rhön-Rennsteig-Sparkasse,58496
84050000,Schmalkalden,16066063,Rhön-Rennsteig-Sparkasse,58496
84050000,Suhl,16054000,Rhön-Rennsteig-Sparkasse,58496
84051010,Ilmenau,16070029,Sparkasse Arnstadt-Ilmenau,58499
84054040,Hildburghausen,16069024,Kreissparkasse Hildburghausen,58497
84054040,Eisfeld,16069012,Kreissparkasse Hildburghausen,58497
84054040,Heldburg,16069063,Kreissparkasse Hildburghausen,58497
84054040,Masserberg,16069061,Kreissparkasse Hildburghausen,58497
84054040,Römhild,16069062,Kreissparkasse Hildburghausen,58497
84054040,Schleusingen,16069043,Kreissparkasse Hildburghausen,58497
84054040,Schönbrunn,08226081,Kreissparkasse Hildburghausen,58497
84054040,Themar,16069051,Kreissparkasse Hildburghausen,58497
84054722,Sonneberg,16072018,Sparkasse Sonneberg,58401
84054722,Frankenblick,16072023,Sparkasse Sonneberg,58401
84054722,Föritztal,16072024,Sparkasse Sonneberg,58401
84054722,Lauscha,16072011,Sparkasse Sonneberg,58401
84054722,Neuhaus am Rennweg,16072013,Sparkasse Sonneberg,58401
84054722,Schalkau,16072015,Sparkasse Sonneberg,58401
84054722,Steinach,,Sparkasse Sonneberg,58401
84055050,Eisenach,07232218,Wartburg-Sparkasse,58498
84055050,Amt Creuzburg,16063104,Wartburg-Sparkasse,58498
84055050,Bad Liebenstein,16063099,Wartburg-Sparkasse,58498
84055050,Bad Salzungen,16063003,Wartburg-Sparkasse,58498
84055050,Dermbach,16063015,Wartburg-Sparkasse,58498
84055050,Geisa,16063032,Wartburg-Sparkasse,58498
84055050,Gerstungen,16063097,Wartburg-Sparkasse,58498
84055050,Kaltennordheim,16066095,Wartburg-Sparkasse,58498
84055050,Ruhla,16063066,Wartburg-Sparkasse,58498
84055050,Treffurt,16063076,Wartburg-Sparkasse,58498
84055050,Unterbreizbach,16063078,Wartburg-Sparkasse,58498
83050303,Königsee,16073112,Kreissparkasse Saalfeld-Rudolstadt Zw,58398
83050303,Neuhaus am Rennweg,16072013,Kreissparkasse Saalfeld-Rudolstadt Zw,58398
83050303,Probstzella,16073067,Kreissparkasse Saalfeld-Rudolstadt Zw,58398
83050303,Rudolstadt,16073076,Kreissparkasse Saalfeld-Rudolstadt Zw,58398
83050303,Schwarzatal,16073113,Kreissparkasse Saalfeld-Rudolstadt Zw,58398
83050303,Sitzendorf,16073084,Kreissparkasse Saalfeld-Rudolstadt Zw,58398
83050303,Uhlstädt-Kirchhasel,16073109,Kreissparkasse Saalfeld-Rudolstadt Zw,58398
83050303,Unterwellenborn,16073111,Kreissparkasse Saalfeld-Rudolstadt Zw,58398
83050505,Schleiz,16075098,Kreissparkasse Saale-Orla,58396
83050505,Bad Lobenstein,16075062,Kreissparkasse Saale-Orla Gs,58396
83050505,Hirschberg,,Kreissparkasse Saale-Orla Gs,58396
83050505,Krölpa,16075129,Kreissparkasse Saale-Orla Gs,58396
83050505,Neustadt an der Orla,16075073,Kreissparkasse Saale-Orla Gs,58396
83050505,Pößneck,16075085,Kreissparkasse Saale-Orla Gs,58396
83050505,Rosenthal am Rennsteig,16075136,Kreissparkasse Saale-Orla Gs,58396
83050505,Saalburg-Ebersdorf,16075135,Kreissparkasse Saale-Orla Gs,58396
83050505,Tanna,16075132,Kreissparkasse Saale-Orla Gs,58396
83050505,Triptis,16075116,Kreissparkasse Saale-Orla Gs,58396
83050505,Wurzbach,16075133,Kreissparkasse Saale-Orla Gs,58396
83053030,Jena,16053000,Sparkasse Jena-Saale-Holzland,58397
83053030,Bürgel,16074009,Sparkasse Jena-Saale-Holzland Gs,58397
83053030,Dornburg-Camburg,16074011,Sparkasse Jena-Saale-Holzland Gs,58397
83053030,Eisenberg,,Sparkasse Jena-Saale-Holzland Gs,58397
83053030,Hermsdorf,,Sparkasse Jena-Saale-Holzland Gs,58397
83053030,Kahla,16074044,Sparkasse Jena-Saale-Holzland Gs,58397
83053030,Stadtroda,16074094,Sparkasse Jena-Saale-Holzland Gs,58397
83064488,Hermsdorf,,Raiffeisen-Volksbank Hermsdorfer Kreuz,68604
83064488,Hermsdorf,,Raiffeisen-Volksbank Hermsdorfer Kreuz (Gf P2),78604
83064488,Stadtroda,16074094,Raiffeisen-Volksbank Hermsdorfer Kreuz Zw,68604
83065408,Schmölln,16077043,VR-Bank Altenburger Land / Deutsche Skatbank,68661
83065408,Altenburg,16077001,VR-Bank Altenburger Land / Deutsche Skatbank,68661
83065408,Gößnitz,16077012,VR-Bank Altenburger Land / Deutsche Skatbank,68661
83065408,Lucka,16077028,VR-Bank Altenburger Land / Deutsche Skatbank,68661
83065408,Meuselwitz,16077032,VR-Bank Altenburger Land / Deutsche Skatbank,68661
83065408,Nobitz,16077036,VR-Bank Altenburger Land / Deutsche Skatbank,68661
83065408,Schmölln,16077043,VR-Bank Altenburger Land / Skatbank (Gf P2),78661
83065408,Treben,16077048,VR-Bank Altenburger Land / Deutsche Skatbank,68661
83080000,Gera,16052000,Commerzbank vormals Dresdner Bank,28830
83094444,Pößneck,16075085,Raiffeisen-Volksbank Saale-Orla -alt-,98054
83094444,Bad Blankenburg,16073005,Raiffeisen-Volksbank Saale-Orla,98054
83094444,Kaulsdorf,16073038,Raiffeisen-Volksbank Saale-Orla,98054
83094444,Königsee,16073112,Raiffeisen-Volksbank Saale-Orla,98054
83094444,Leutenberg,16073106,Raiffeisen-Volksbank Saale-Orla,98054
83094444,Neustadt an der Orla,16075073,Raiffeisen-Volksbank Saale-Orla,98054
83094444,Pößneck,16075085,Raiffeisen-Volksbank Saale-Orla (Gf P2),88054
83094444,Saalfeld/Saale,16073077,Raiffeisen-Volksbank Saale-Orla,98054
83094444,Triptis,16075116,Raiffeisen-Volksbank Saale-Orla,98054
83094454,Jena,16053000,Volksbank Gera-Jena-Rudolstadt,98055
83094454,Bad Blankenburg,16073005,Volksbank Gera-Jena-Rudolstadt,98055
83094454,Bad Lobenstein,16075062,Volksbank Gera-Jena-Rudolstadt,98055
82070366,Weimar,16055000,Postbank/DSL Ndl der Deutsche Bank,27366
82080000,Weimar,16055000,Commerzbank vormals Dresdner Bank,28820
82080000,Arnstadt,16070004,Commerzbank vormals Dresdner Bank,28820
82080000,Eisenach,07232218,Commerzbank vormals Dresdner Bank,28820
82080000,Erfurt,16051000,Commerzbank vormals Dresdner Bank,28820
82080000,Gotha,16067029,Commerzbank vormals Dresdner Bank,28820
82080000,Heilbad Heiligenstadt,16061045,Commerzbank vormals Dresdner Bank,28820
82080000,Hildburghausen,16069024,Commerzbank vormals Dresdner Bank,28820
82080000,Ilmenau,16070029,Commerzbank vormals Dresdner Bank,28820
82080000,Jena,16053000,Commerzbank vormals Dresdner Bank,28820
82080000,Mühlhausen/Thüringen,16064046,Commerzbank vormals Dresdner Bank,28820
82080000,Neuhaus am Rennweg,16072013,Commerzbank vormals Dresdner Bank,28820
82080000,Nordhausen,16062041,Commerzbank vormals Dresdner Bank,28820
82080000,Rudolstadt,16073076,Commerzbank vormals Dresdner Bank,28820
82080000,Schleiz,16075098,Commerzbank vormals Dresdner Bank,28820
82080000,Sömmerda,16068051,Commerzbank vormals Dresdner Bank,28820
82094004,Heilbad Heiligenstadt,16061045,Volksbank Heiligenstadt -alt-,98045
82094004,Heilbad Heiligenstadt,16061045,Volksbank Heiligenstadt (Gf P2),88045
82094054,Nordhausen,16062041,Nordthüringer Volksbank -alt-,98014
82094054,Nordhausen,16062041,Nordthüringer Volksbank (Gf P2),88014
83020086,Gera,16052000,UniCredit Bank - HypoVereinsbank,22110
83020087,Jena,16053000,UniCredit Bank - HypoVereinsbank,22111
83020088,Saalfeld/Saale,16073077,UniCredit Bank - HypoVereinsbank,22112
83040000,Gera,16052000,Commerzbank,24830
83040000,Bad Lobenstein,16075062,Commerzbank,24830
83040000,Greiz,16076022,Commerzbank,24830
83040000,Hermsdorf,,Commerzbank,24830
83040000,Schleiz,16075098,Commerzbank,24830
83040000,Zeulenroda-Triebes,16076087,Commerzbank,24830
83050000,Gera,16052000,Sparkasse Gera-Greiz,58395
83050000,Bad Köstritz,16076003,Sparkasse Gera-Greiz Gs,58395
83050000,Berga-Wünschendorf,16076094,Sparkasse Gera-Greiz Gs,58395
83050000,Greiz,16076022,Sparkasse Gera-Greiz,58395
83050000,Langenwetzendorf,16076039,Sparkasse Gera-Greiz Gs,58395
83050000,Mohlsdorf-Teichwolframsdorf,16076093,Sparkasse Gera-Greiz Gs,58395
83050000,Münchenbernsdorf,16076049,Sparkasse Gera-Greiz Gs,58395
83050000,Pölzig,16076058,Sparkasse Gera-Greiz Gs,58395
83050000,Ronneburg,,Sparkasse Gera-Greiz Gs,58395
83050000,Weida,16076079,Sparkasse Gera-Greiz Gs,58395
83050000,Zeulenroda-Triebes,16076087,Sparkasse Gera-Greiz,58395
83050200,Altenburg,16077001,Sparkasse Altenburger Land,58399
83050200,Gößnitz,16077012,Sparkasse Altenburger Land Gs,58399
83050200,Langenleuba-Niederhain,16077023,Sparkasse Altenburger Land Gs,58399
83050200,Lucka,16077028,Sparkasse Altenburger Land Gs,58399
83050200,Meuselwitz,16077032,Sparkasse Altenburger Land Gs,58399
83050200,Rositz,16077042,Sparkasse Altenburger Land Gs,58399
83050200,Schmölln,16077043,Sparkasse Altenburger Land Gs,58399
83050303,Saalfeld/Saale,16073077,Kreissparkasse Saalfeld-Rudolstadt,58398
83050303,Bad Blankenburg,16073005,Kreissparkasse Saalfeld-Rudolstadt Zw,58398
83050303,Kaulsdorf,16073038,Kreissparkasse Saalfeld-Rudolstadt Zw,58398
82070000,Gera,16052000,Deutsche Bank,27709
82070000,Gotha,16067029,Deutsche Bank,27709
82070000,Greiz,16076022,Deutsche Bank,27709
82070000,Ilmenau,16070029,Deutsche Bank,27709
82070000,Jena,16053000,Deutsche Bank,27709
82070000,Leinefelde-Worbis,16061115,Deutsche Bank,27709
82070000,Meiningen,16066042,Deutsche Bank,27709
82070000,Mühlhausen/Thüringen,16064046,Deutsche Bank,27709
82070000,Nordhausen,16062041,Deutsche Bank,27709
82070000,Ohrdruf,16067053,Deutsche Bank,27709
82070000,Pößneck,16075085,Deutsche Bank,27709
82070000,Rudolstadt,16073076,Deutsche Bank,27709
82070000,Saalfeld/Saale,16073077,Deutsche Bank,27709
82070000,Schmalkalden,16066063,Deutsche Bank,27709
82070000,Sondershausen,16065067,Deutsche Bank,27709
82070000,Sonneberg,16072018,Deutsche Bank,27709
82070000,Suhl,16054000,Deutsche Bank,27709
82070000,Sömmerda,16068051,Deutsche Bank,27709
82070000,Waltershausen,16067072,Deutsche Bank,27709
82070000,Weimar,16055000,Deutsche Bank,27709
82070000,Zeulenroda-Triebes,16076087,Deutsche Bank,27709
82070024,Erfurt,16051000,Deutsche Bank,21709
82070024,Apolda,16071001,Deutsche Bank,21709
82070024,Arnstadt,16070004,Deutsche Bank,21709
82070024,Bad Langensalza,16064003,Deutsche Bank,21709
82070024,Bad Salzungen,16063003,Deutsche Bank,21709
82070024,Eisenach,07232218,Deutsche Bank,21709
82070024,Eisenberg,,Deutsche Bank,21709
82070024,Gera,16052000,Deutsche Bank,21709
82070024,Gotha,16067029,Deutsche Bank,21709
82070024,Greiz,16076022,Deutsche Bank,21709
82070024,Ilmenau,16070029,Deutsche Bank,21709
82070024,Jena,16053000,Deutsche Bank,21709
82070024,Leinefelde-Worbis,16061115,Deutsche Bank,21709
82070024,Meiningen,16066042,Deutsche Bank,21709
82070024,Mühlhausen/Thüringen,16064046,Deutsche Bank,21709
82070024,Nordhausen,16062041,Deutsche Bank,21709
82070024,Ohrdruf,16067053,Deutsche Bank,21709
82070024,Pößneck,16075085,Deutsche Bank,21709
82070024,Rudolstadt,16073076,Deutsche Bank,21709
82070024,Saalfeld/Saale,16073077,Deutsche Bank,21709
82070024,Schmalkalden,16066063,Deutsche Bank,21709
82070024,Sondershausen,16065067,Deutsche Bank,21709
82070024,Sonneberg,16072018,Deutsche Bank,21709
82070024,Suhl,16054000,Deutsche Bank,21709
82070024,Sömmerda,16068051,Deutsche Bank,21709
82070024,Waltershausen,16067072,Deutsche Bank,21709
82070024,Weimar,16055000,Deutsche Bank,21709
82070024,Zeulenroda-Triebes,16076087,Deutsche Bank,21709
82070324,Weimar,16055000,Postbank/DSL Ndl der Deutsche Bank,21366
82051000,Weimar,16055000,Sparkasse Mittelthüringen,58297
82051000,Weißensee,16068058,Sparkasse Mittelthüringen,58297
82052020,Gotha,16067029,Kreissparkasse Gotha,58295
82052020,Bad Tabarz,16067064,Kreissparkasse Gotha,58295
82052020,Friedrichroda,16067019,Kreissparkasse Gotha,58295
82052020,Ohrdruf,16067053,Kreissparkasse Gotha,58295
82052020,Tambach-Dietharz,16067065,Kreissparkasse Gotha,58295
82052020,Tonna,16067067,Kreissparkasse Gotha,58295
82052020,Waltershausen,16067072,Kreissparkasse Gotha,58295
82054052,Nordhausen,16062041,Kreissparkasse Nordhausen,58203
82054052,Bleicherode,16062066,Kreissparkasse Nordhausen,58203
82054052,Ellrich,16062005,Kreissparkasse Nordhausen,58203
82054052,Heringen,,Kreissparkasse Nordhausen,58203
82055000,Sondershausen,16065067,Kyffhäusersparkasse,58298
82055000,Artern,16065086,Kyffhäusersparkasse,58298
82055000,Bad Frankenhausen/Kyffhäuser,16065003,Kyffhäusersparkasse,58298
82055000,Ebeleben,16065014,Kyffhäusersparkasse,58298
82055000,Greußen,16065089,Kyffhäusersparkasse,58298
82055000,Roßleben-Wiehe,16065087,Kyffhäusersparkasse,58298
82056060,Mühlhausen/Thüringen,16064046,Sparkasse Unstrut-Hainich,58296
82056060,Bad Langensalza,16064003,Sparkasse Unstrut-Hainich,58296
82057070,Leinefelde-Worbis,16061115,Kreissparkasse Eichsfeld,58294
82060197,Erfurt,16051000,Pax-Bank,68647
82064038,Mühlhausen/Thüringen,16064046,VR Bank in Thüringen,68569
82064038,Mühlhausen/Thüringen,16064046,VR Bank Westthüringen (Gf P2),78569
82064088,Eisenach,07232218,VR Bank Ihre Heimatbank,68513
82064088,Eisenach,07232218,VR Bank Ihre Heimatbank (Gf P2),78513
82064088,Gotha,16067029,VR Bank Ihre Heimatbank,68513
82064168,Gotha,16067029,Raiffeisenbank Gotha -alt-,68578
82064168,Gotha,16067029,Raiffeisenbank Gotha (Gf P2),78578
82064188,Weimar,16055000,VR Bank Weimar,68514
82064188,Am Ettersberg,16071102,VR Bank Weimar,68514
82064188,Apolda,16071001,VR Bank Weimar,68514
82064188,Bad Berka,16071003,VR Bank Weimar,68514
82064188,Blankenhain,16071008,VR Bank Weimar,68514
82064188,Kranichfeld,16071046,VR Bank Weimar,68514
82064188,Magdala,16071053,VR Bank Weimar,68514
82064188,Mellingen,16071056,VR Bank Weimar,68514
82064188,Weimar,16055000,VR Bank Weimar (Gf P2),78514
82064228,Erfurt,16051000,Erfurter Bank -alt-,68522
82064228,Arnstadt,16070004,Erfurter Bank,68522
82064228,Elxleben,,Erfurter Bank,68522
82064228,Erfurt,16051000,Erfurter Bank (Gf P2),78522
82070000,Erfurt,16051000,Deutsche Bank,27709
82070000,Apolda,16071001,Deutsche Bank,27709
82070000,Arnstadt,16070004,Deutsche Bank,27709
82070000,Bad Langensalza,16064003,Deutsche Bank,27709
82070000,Bad Salzungen,16063003,Deutsche Bank,27709
82070000,Eisenach,07232218,Deutsche Bank,27709
82070000,Eisenberg,,Deutsche Bank,27709
81040000,Aschersleben,15089015,Commerzbank,24810
81040000,Burg,15086015,Commerzbank,24810
81040000,Dessau-Roßlau,15001000,Commerzbank,24810
81040000,Halberstadt,15085135,Commerzbank,24810
81040000,Haldensleben,15083270,Commerzbank,24810
81040000,Lutherstadt Wittenberg,15091375,Commerzbank,24810
81040000,Quedlinburg,15085235,Commerzbank,24810
81040000,Schönebeck (Elbe),15089305,Commerzbank,24810
81040000,Stendal,15090535,Commerzbank,24810
81040000,Wernigerode,15085370,Commerzbank,24810
81050555,Stendal,15090535,Kreissparkasse Stendal,58199
81050555,Bismark (Altmark),15090070,Kreissparkasse Stendal,58199
81050555,Goldbeck,15090180,Kreissparkasse Stendal,58199
81050555,Havelberg,15090225,Kreissparkasse Stendal,58199
81050555,Osterburg (Altmark),,Kreissparkasse Stendal,58199
81050555,Schönhausen (Elbe),15090500,Kreissparkasse Stendal,58199
81050555,Seehausen (Altmark),15090520,Kreissparkasse Stendal,58199
81050555,Tangerhütte,15090546,Kreissparkasse Stendal,58199
81050555,Tangermünde,15090550,Kreissparkasse Stendal,58199
81052000,Wernigerode,15085370,Harzsparkasse,58112
81053272,Magdeburg,15003000,Sparkasse MagdeBurg,58120
81054000,Burg,15086015,Sparkasse Jerichower Land -alt-,58195
81055000,Oschersleben (Bode),,Kreissparkasse Börde,58196
81055555,Salzwedel,15081455,Sparkasse Altmark West,58194
81063028,Kalbe (Milde),15081240,Raiffeisenbank Kalbe-Bismark,68520
81063028,Bismark (Altmark),15090070,Raiffeisenbank Kalbe-Bismark Kalbe,68520
81063028,Kalbe (Milde),15081240,Raiffeisenbank Kalbe-Bismark (Gf P2),78520
81063238,Burg,15086015,Volksbank Jerichower Land,68629
81063238,Burg,15086015,Volksbank Jerichower Land (Gf P2),78629
81068106,Magdeburg,15003000,Bank für Kirche und Diakonie - KD-Bank Gf Sonder-BLZ,
81069052,Wanzleben-Börde,15083531,Volksbank Börde-Bernburg,68574
81069052,Wanzleben-Börde,15083531,Volksbank Börde-Bernburg (Gf P2),78574
81070000,Magdeburg,15003000,Deutsche Bank,27708
81070000,Blankenburg (Harz),,Deutsche Bank,27708
81070000,Burg,15086015,Deutsche Bank,27708
81070000,Gardelegen,15081135,Deutsche Bank,27708
81070000,Genthin,15086040,Deutsche Bank,27708
81070000,Halberstadt,15085135,Deutsche Bank,27708
81070000,Haldensleben,15083270,Deutsche Bank,27708
81070000,Oschersleben (Bode),,Deutsche Bank,27708
81070000,Salzwedel,15081455,Deutsche Bank,27708
81070000,Schönebeck (Elbe),15089305,Deutsche Bank,27708
81070000,Staßfurt,15089310,Deutsche Bank,27708
81070000,Stendal,15090535,Deutsche Bank,27708
81070000,Wernigerode,15085370,Deutsche Bank,27708
81070000,Zerbst/Anhalt,15082430,Deutsche Bank,27708
81070024,Magdeburg,15003000,Deutsche Bank,21708
81070024,Blankenburg (Harz),,Deutsche Bank,21708
81070024,Burg,15086015,Deutsche Bank,21708
81070024,Gardelegen,15081135,Deutsche Bank,21708
79570024,Aschaffenburg,09661000,Deutsche Bank,21112
79570024,Miltenberg,09676139,Deutsche Bank,21112
79570051,Aschaffenburg,09661000,Deutsche Bank,27112
79570051,Miltenberg,09676139,Deutsche Bank,27112
79570324,Aschaffenburg,09661000,Postbank/DSL Ndl der Deutsche Bank,21364
79570364,Aschaffenburg,09661000,Postbank/DSL Ndl der Deutsche Bank,27364
79580099,Aschaffenburg,09661000,Commerzbank vormals Dresdner Bank,28795
79589402,Aschaffenburg,09661000,Commerzbank vormals Dresdner Bank ITGK,
79590000,Aschaffenburg,09661000,Volksbank Aschaffenburg -alt-,97031
79590000,Aschaffenburg,09661000,Volksbank Aschaffenburg (Gf P2),87031
79650000,Miltenberg,09676139,Sparkasse Miltenberg-Obernburg -alt-,57262
79665540,Eschau,09676123,Raiffeisenbank Elsavatal,68083
79665540,Elsenfeld,09676121,Raiffeisenbank Elsavatal,68083
79665540,Eschau,09676123,Raiffeisenbank Elsavatal (Gf P2),78083
79665540,Mönchberg,09676141,Raiffeisenbank Elsavatal,68083
79666548,Großostheim,09671122,Raiffeisenbank Großostheim-Obernburg -alt-,68077
79666548,Großostheim,09671122,Raiffeisenbank Großostheim-Obernburg (Gf P2),78077
79668509,Eichenbühl,09676119,Raiffeisenbank Eichenbühl und Umgebung,68096
79668509,Eichenbühl,09676119,Raiffeisenbank Eichenbühl und Umgebung (Gf P2),78096
79690000,Miltenberg,09676139,Raiffeisen-Volksbank Miltenberg -alt-,97032
79690000,Miltenberg,09676139,Raiffeisen-Volksbank Miltenberg (Gf P2),87032
80020086,Halle (Saale),15002000,UniCredit Bank - HypoVereinsbank,22108
80020086,Merseburg,15088220,UniCredit Bank - HypoVereinsbank,22108
80020086,Weißenfels,15084550,UniCredit Bank - HypoVereinsbank,22108
80020087,Dessau-Roßlau,15001000,UniCredit Bank - HypoVereinsbank,22117
80020087,Bitterfeld-Wolfen,15082015,UniCredit Bank - HypoVereinsbank,22117
80040000,Halle (Saale),15002000,Commerzbank,24800
80040000,Bernburg (Saale),15089030,Commerzbank,24800
80040000,Hettstedt,15087220,Commerzbank,24800
80040000,Köthen (Anhalt),15082180,Commerzbank,24800
80040000,Lutherstadt Eisleben,15087130,Commerzbank,24800
80040000,Merseburg,15088220,Commerzbank,24800
80040000,Naumburg (Saale),15084355,Commerzbank,24800
80040000,Sangerhausen,15087370,Commerzbank,24800
80040000,Weißenfels,15084550,Commerzbank,24800
80040000,Zeitz,15084590,Commerzbank,24800
80040000,Zerbst/Anhalt,15082430,Commerzbank,24800
80050500,Merseburg,15088220,Kreissparkasse Merseburg-Querfurt -alt-,58098
80053000,Zeitz,15084590,Sparkasse Burgenlandkreis,58093
80053572,Dessau-Roßlau,15001000,Stadtsparkasse Dessau,58007
80053622,Köthen (Anhalt),15082180,Kreissparkasse Köthen -alt-,58011
80053722,Bitterfeld-Wolfen,15082015,Kreissparkasse Anhalt-Bitterfeld,58019
80053762,Halle (Saale),15002000,Saalesparkasse,58021
80054000,Weißenfels,15084550,Kreissparkasse Weißenfels -alt-,58094
80055008,Lutherstadt Eisleben,15087130,Sparkasse Mansfeld-Südharz,58095
80055500,Staßfurt,15089310,Salzlandsparkasse,58092
80062608,Luckenwalde,12072232,Volksbank Elsterland -alt-,68664
80062608,Luckenwalde,12072232,Volksbank Elsterland (Gf P2),78664
80063508,Wernigerode,15085370,Harzer Volksbank,68516
80063508,Wernigerode,15085370,Harzer Volksbank (Gf P2),78516
79350101,Grafenrheinfeld,09678136,Sparkasse Schweinfurt-Haßberge,57281
79350101,Grettstadt,09678138,Sparkasse Schweinfurt-Haßberge,57281
79350101,Kolitzheim,09678150,Sparkasse Schweinfurt-Haßberge,57281
79350101,Niederwerrn,09678160,Sparkasse Schweinfurt-Haßberge,57281
79350101,Poppenhausen,09678168,Sparkasse Schweinfurt-Haßberge,57281
79350101,Röthlein,09678170,Sparkasse Schweinfurt-Haßberge,57281
79350101,Schonungen,09678174,Sparkasse Schweinfurt-Haßberge,57281
79350101,Schwanfeld,09678175,Sparkasse Schweinfurt-Haßberge,57281
79350101,Schwebheim,09678176,Sparkasse Schweinfurt-Haßberge,57281
79350101,Sennfeld,09678178,Sparkasse Schweinfurt-Haßberge,57281
79350101,Stadtlauringen,09678181,Sparkasse Schweinfurt-Haßberge,57281
79350101,Sulzheim,,Sparkasse Schweinfurt-Haßberge,57281
79350101,Werneck,09678193,Sparkasse Schweinfurt-Haßberge,57281
79351010,Bad Kissingen,09672114,Sparkasse Bad Kissingen,57291
79351010,Bad Bocklet,09672112,Sparkasse Bad Kissingen,57291
79351010,Bad Brückenau,09672113,Sparkasse Bad Kissingen,57291
79351010,Burkardroth,09672117,Sparkasse Bad Kissingen,57291
79351010,Euerdorf,09672122,Sparkasse Bad Kissingen,57291
79351010,Hammelburg,09672127,Sparkasse Bad Kissingen,57291
79351010,Maßbach,09672131,Sparkasse Bad Kissingen,57291
79351010,Motten,09672134,Sparkasse Bad Kissingen,57291
79351010,Münnerstadt,09672135,Sparkasse Bad Kissingen,57291
79351010,Nüdlingen,09672136,Sparkasse Bad Kissingen,57291
79351010,Oberthulba,09672139,Sparkasse Bad Kissingen,57291
79351010,Oerlenbach,09672140,Sparkasse Bad Kissingen,57291
79351010,Wildflecken,09672163,Sparkasse Bad Kissingen,57291
79351730,Haßfurt,09674147,Sparkasse Ostunterfranken -alt-,57285
79351730,Ebelsbach,09674129,Sparkasse Ostunterfranken,57285
79351730,Ebern,09674130,Sparkasse Ostunterfranken,57285
79351730,Eltmann,09674133,Sparkasse Ostunterfranken,57285
79351730,Hofheim i.UFr.,,Sparkasse Ostunterfranken,57285
79351730,Knetzgau,09674163,Sparkasse Ostunterfranken,57285
79351730,Königsberg i.Bay.,,Sparkasse Ostunterfranken,57285
79351730,Maroldsweisach,09674171,Sparkasse Ostunterfranken,57285
79351730,Rauhenebrach,09674187,Sparkasse Ostunterfranken,57285
79351730,Sand a. Main,09674195,Sparkasse Ostunterfranken,57285
79351730,Theres,09674180,Sparkasse Ostunterfranken,57285
79351730,Zeil a. Main,,Sparkasse Ostunterfranken,57285
79353090,Bad Neustadt a.d.Saale,,Sparkasse Bad Neustadt a d Saale,57283
79353090,Bad Königshofen i. Grabfeld,,Sparkasse Bad Neustadt a d Saale,57283
79353090,Bischofsheim i.d.Rhön,,Sparkasse Bad Neustadt a d Saale,57283
79353090,Fladungen,09673123,Sparkasse Bad Neustadt a d Saale,57283
79353090,Mellrichstadt,09673142,Sparkasse Bad Neustadt a d Saale,57283
79353090,Oberelsbach,09673149,Sparkasse Bad Neustadt a d Saale,57283
79353090,Ostheim v.d.Rhön,,Sparkasse Bad Neustadt a d Saale,57283
79353090,Saal a.d.Saale,,Sparkasse Bad Neustadt a d Saale,57283
79362081,Gerolzhofen,09678134,VR-MainBank,68073
79362081,Donnersdorf,09678124,VR-MainBank,68073
79362081,Gerolzhofen,09678134,VR-MainBank (Gf P2),78073
79363016,Bad Neustadt a.d.Saale,,Volksbank Raiffeisenbank Rhön-Grabfeld -alt-,67106
79069150,Triefenstein,09677154,Raiffeisenbank Main-Spessart,67346
79069150,Urspringen,09677193,Raiffeisenbank Main-Spessart,67346
79069150,Wiesen,09671162,Raiffeisenbank Main-Spessart,67346
79069150,Wiesthal,09677200,Raiffeisenbank Main-Spessart,67346
79069150,Zellingen,09677203,Raiffeisenbank Main-Spessart,67346
79069165,Sennfeld,09678178,VR-Bank Main-Rhön,67373
79069165,Sennfeld,09678178,VR-Bank Main-Rhön (Gf P2),77373
79069181,Nüdlingen,09672136,Raiffeisenbank -alt-,67401
79069181,Nüdlingen,09672136,Raiffeisenbank (Gf P2),77401
79069188,Sulzdorf a.d.Lederhecke,,Raiffeisenbank im Grabfeld,67409
79069188,Sulzdorf a.d.Lederhecke,,Raiffeisenbank im Grabfeld (Gf P2),77409
79069213,Rannungen,09672143,Raiffeisenbank,67436
79069213,Dittelbrunn,09678123,Raiffeisenbank,67436
79069213,Maßbach,09672131,Raiffeisenbank,67436
79069213,Oerlenbach,09672140,Raiffeisenbank,67436
79069213,Rannungen,09672143,Raiffeisenbank (Gf P2),77436
79070016,Würzburg,09663000,Deutsche Bank,27228
79070016,Bad Mergentheim,08128007,Deutsche Bank,27228
79070016,Schweinfurt,09662000,Deutsche Bank,27228
79070024,Würzburg,09663000,Deutsche Bank,21228
79070024,Bad Mergentheim,08128007,Deutsche Bank,21228
79070024,Schweinfurt,09662000,Deutsche Bank,21228
79080052,Würzburg,09663000,Commerzbank vormals Dresdner Bank,28790
79080052,Kitzingen,09675141,Commerzbank vormals Dresdner Bank,28790
79080052,Wertheim,08128131,Commerzbank vormals Dresdner Bank,28790
79080085,Würzburg,09663000,"Commerzbank vormals Dresdner Bank, PCC DCC-ITGK 1",
79090000,Würzburg,09663000,Volksbank Raiffeisenbank Würzburg,97028
79090000,Aub,09679114,Volksbank Raiffeisenbank Würzburg,97028
79090000,Eibelstadt,09679124,Volksbank Raiffeisenbank Würzburg,97028
79090000,Gerbrunn,09679136,Volksbank Raiffeisenbank Würzburg,97028
79090000,Giebelstadt,09679138,Volksbank Raiffeisenbank Würzburg,97028
79090000,Güntersleben,09679142,Volksbank Raiffeisenbank Würzburg,97028
79090000,Hettstadt,09679146,Volksbank Raiffeisenbank Würzburg,97028
79090000,Leinach,09679200,Volksbank Raiffeisenbank Würzburg,97028
79090000,Margetshöchheim,09679161,Volksbank Raiffeisenbank Würzburg,97028
79090000,Ochsenfurt,09679170,Volksbank Raiffeisenbank Würzburg,97028
79090000,Randersacker,09679175,Volksbank Raiffeisenbank Würzburg,97028
79090000,Reichenberg,,Volksbank Raiffeisenbank Würzburg,97028
79090000,Retzstadt,09677175,Volksbank Raiffeisenbank Würzburg,97028
79090000,Rimpar,09679180,Volksbank Raiffeisenbank Würzburg,97028
79090000,Rottendorf,09679185,Volksbank Raiffeisenbank Würzburg,97028
79090000,Röttingen,09679182,Volksbank Raiffeisenbank Würzburg,97028
79090000,Sommerhausen,09679187,Volksbank Raiffeisenbank Würzburg,97028
79090000,Thüngersheim,09679194,Volksbank Raiffeisenbank Würzburg,97028
79090000,Veitshöchheim,09679202,Volksbank Raiffeisenbank Würzburg,97028
79090000,Würzburg,09663000,Volksbank Raiffeisenbank Würzburg (Gf P2),87028
79090000,Zellingen,09677203,Volksbank Raiffeisenbank Würzburg,97028
79161058,Nordheim a. Main,,Raiffeisenbank Fränkisches Weinland -alt-,67044
79161058,Nordheim a. Main,,Raiffeisenbank Fränkisches Weinland (Gf P2),77044
79161499,Obernbreit,09675156,Raiffeisenbank Kitzinger Land -alt-,67064
79032038,Schweinfurt,09662000,MERKUR PRIVATBANK,99013
79032038,Wiesbaden,06414000,MERKUR PRIVATBANK,99013
79032038,Würzburg,09663000,MERKUR PRIVATBANK,99013
79040047,Würzburg,09663000,Commerzbank Würzburg,24772
79040047,Kitzingen,09675141,Commerzbank,24772
79040047,Wertheim,08128131,Commerzbank,24772
79050000,Würzburg,09663000,Sparkasse Mainfranken Würzburg,57224
79050000,Arnstein,,Sparkasse Mainfranken Würzburg,57224
79050000,Burgsinn,09677122,Sparkasse Mainfranken Würzburg,57224
79050000,Dettelbach,09675117,Sparkasse Mainfranken Würzburg,57224
79050000,Eibelstadt,09679124,Sparkasse Mainfranken Würzburg,57224
79050000,Eisingen,,Sparkasse Mainfranken Würzburg,57224
79050000,Esselbach,09677126,Sparkasse Mainfranken Würzburg,57224
79050000,Estenfeld,09679130,Sparkasse Mainfranken Würzburg,57224
79050000,Frammersbach,09677129,Sparkasse Mainfranken Würzburg,57224
79050000,Geiselwind,09675127,Sparkasse Mainfranken Würzburg,57224
79050000,Gemünden a. Main,,Sparkasse Mainfranken Würzburg,57224
79050000,Giebelstadt,09679138,Sparkasse Mainfranken Würzburg,57224
79050000,Helmstadt,09679144,Sparkasse Mainfranken Würzburg,57224
79050000,Höchberg,09679147,Sparkasse Mainfranken Würzburg,57224
79050000,Iphofen,09675139,Sparkasse Mainfranken Würzburg,57224
79050000,Karlstadt,09677148,Sparkasse Mainfranken Würzburg,57224
79050000,Kitzingen,09675141,Sparkasse Mainfranken Würzburg,57224
79050000,Lohr a. Main,,Sparkasse Mainfranken Würzburg,57224
79050000,Marktbreit,09675147,Sparkasse Mainfranken Würzburg,57224
79050000,Marktheidenfeld,09677157,Sparkasse Mainfranken Würzburg,57224
79050000,Ochsenfurt,09679170,Sparkasse Mainfranken Würzburg,57224
79050000,Rimpar,09679180,Sparkasse Mainfranken Würzburg,57224
79050000,Rottendorf,09679185,Sparkasse Mainfranken Würzburg,57224
79050000,Röttingen,09679182,Sparkasse Mainfranken Würzburg,57224
79050000,Veitshöchheim,09679202,Sparkasse Mainfranken Würzburg,57224
79050000,Volkach,09675174,Sparkasse Mainfranken Würzburg,57224
79050000,Wiesentheid,09675178,Sparkasse Mainfranken Würzburg,57224
79050000,Zell a. Main,,Sparkasse Mainfranken Würzburg,57224
79063060,Estenfeld,09679130,Raiffeisenbank Estenfeld-Bergtheim -alt-,68052
79063060,Bergtheim,09679117,Raiffeisenbank Estenfeld-Bergtheim,68052
79063060,Estenfeld,09679130,Raiffeisenbank Estenfeld-Bergtheim (Gf P2),78052
79063060,Hausen b. Würzburg,,Raiffeisenbank Estenfeld-Bergtheim,68052
79063060,Kürnach,09679156,Raiffeisenbank Estenfeld-Bergtheim,68052
79063060,Oberpleichfeld,09679169,Raiffeisenbank Estenfeld-Bergtheim,68052
79063060,Unterpleichfeld,09679201,Raiffeisenbank Estenfeld-Bergtheim,68052
79063122,Höchberg,09679147,Raiffeisenbank Höchberg,67107
79063122,Eisingen,,Raiffeisenbank Höchberg,67107
79063122,Helmstadt,09679144,Raiffeisenbank Höchberg,67107
79063122,Höchberg,09679147,Raiffeisenbank Höchberg (Gf P2),77107
79063122,Neubrunn,,Raiffeisenbank Höchberg,67107
79063122,Uettingen,09679196,Raiffeisenbank Höchberg,67107
79065028,Bad Kissingen,09672114,VR-Bank Bad Kissingen,68122
79065028,Bad Bocklet,09672112,VR-Bank Bad Kissingen,68122
79065028,Bad Brückenau,09672113,VR-Bank Bad Kissingen,68122
78140000,Waldsassen,09377158,Commerzbank,24451
78140000,Wunsiedel,09479169,Commerzbank,24451
78160069,Marktredwitz,09479136,VR-Bank Fichtelgebirge-Frankenwald,67020
78160069,Arzberg,,VR-Bank Fichtelgebirge-Frankenwald,67020
78160069,Bad Steben,09475112,VR-Bank Fichtelgebirge-Frankenwald,67020
78160069,Berg,,VR-Bank Fichtelgebirge-Frankenwald,67020
78160069,Geroldsgrün,09475128,VR-Bank Fichtelgebirge-Frankenwald,67020
78160069,Hirschberg,,VR-Bank Fichtelgebirge-Frankenwald,67020
78160069,Höchstädt i. Fichtelgebirge,,VR-Bank Fichtelgebirge-Frankenwald,67020
78160069,Issigau,09475137,VR-Bank Fichtelgebirge-Frankenwald,67020
78160069,Marktleuthen,09479135,VR-Bank Fichtelgebirge-Frankenwald,67020
78160069,Marktredwitz,09479136,VR-Bank Fichtelgebirge-Frankenwald (Gf P2),77020
78160069,Nagel,09479138,VR-Bank Fichtelgebirge-Frankenwald,67020
78160069,Pechbrunn,09377145,VR-Bank Fichtelgebirge-Frankenwald,67020
78160069,Rosenthal am Rennsteig,16075136,VR-Bank Fichtelgebirge-Frankenwald,67020
78160069,Röslau,09479145,VR-Bank Fichtelgebirge-Frankenwald,67020
78160069,Schönwald,,VR-Bank Fichtelgebirge-Frankenwald,67020
78160069,Selb,09479152,VR-Bank Fichtelgebirge-Frankenwald,67020
78160069,Thiersheim,09479158,VR-Bank Fichtelgebirge-Frankenwald,67020
78160069,Tröstau,09479161,VR-Bank Fichtelgebirge-Frankenwald,67020
78160069,Wunsiedel,09479169,VR-Bank Fichtelgebirge-Frankenwald,67020
78161575,Waldsassen,09377158,Raiffeisenbank im Stiftland -alt-,68120
78161575,Bad Neualbenreuth,09377142,Raiffeisenbank im Stiftland Gs Neualbenreuth,68120
78161575,Falkenberg,,Raiffeisenbank im Stiftland Gs Falkenberg,68120
78161575,Fuchsmühl,09377119,Raiffeisenbank im Stiftland Gs Fuchsmühl,68120
78161575,Konnersreuth,09377131,Raiffeisenbank im Stiftland Gs Konnersreuth,68120
78161575,Mitterteich,09377141,Raiffeisenbank im Stiftland Gs Mitterteich,68120
78161575,Mähring,09377139,Raiffeisenbank im Stiftland Gs Mähring,68120
78161575,Plößberg,09377146,Raiffeisenbank im Stiftland Gs Plößberg,68120
78161575,Püchersreuth,09374150,Raiffeisenbank im Stiftland Gs Wurz,68120
78161575,Tirschenreuth,09377154,Raiffeisenbank im Stiftland HGs Tirschenreuth,68120
78161575,Waldsassen,09377158,Raiffeisenbank im Stiftland (Gf P2),78120
78161575,Wiesau,09377159,Raiffeisenbank im Stiftland Gs Wiesau,68120
78320076,Coburg,09463000,UniCredit Bank - HypoVereinsbank,22020
78320076,Neustadt b. Coburg,,UniCredit Bank - HypoVereinsbank,22020
78340091,Coburg,09463000,Commerzbank,24764
78340091,Sonneberg,16072018,Commerzbank,24764
78350000,Coburg,09463000,Sparkasse Coburg-Lichtenfels,57292
78350000,Bad Rodach,09473158,Sparkasse Coburg-Lichtenfels,57292
78350000,Bad Staffelstein,09478165,Sparkasse Coburg-Lichtenfels,57292
78350000,Burgkunstadt,09478116,Sparkasse Coburg-Lichtenfels,57292
78350000,Ebensfeld,09478120,Sparkasse Coburg-Lichtenfels,57292
78350000,Ebersdorf b. Coburg,,Sparkasse Coburg-Lichtenfels,57292
78350000,Lautertal,,Sparkasse Coburg-Lichtenfels,57292
78350000,Lichtenfels,,Sparkasse Coburg-Lichtenfels,57292
78350000,Michelau i.OFr.,,Sparkasse Coburg-Lichtenfels,57292
78350000,Neustadt b. Coburg,,Sparkasse Coburg-Lichtenfels,57292
78350000,Redwitz a.d.Rodach,09478155,Sparkasse Coburg-Lichtenfels,57292
78350000,Rödental,09473159,Sparkasse Coburg-Lichtenfels,57292
78350000,Seßlach,09473165,Sparkasse Coburg-Lichtenfels,57292
77320072,Pegnitz,09472175,UniCredit Bank - HypoVereinsbank,22013
77322200,Hof,,FNZ Bank,
77340076,Bayreuth,09462000,Commerzbank,24763
77340076,Auerbach i.d.OPf.,,Commerzbank,24763
77340076,Bad Berneck i. Fichtelgebirge,,Commerzbank,24763
77340076,Pegnitz,09472175,Commerzbank,24763
77340076,Weidenberg,09472199,Commerzbank,24763
77350110,Bayreuth,09462000,Sparkasse Bayreuth,57252
77363749,Gefrees,09472139,Raiffeisenbank -alt-,68051
77363749,Gefrees,09472139,Raiffeisenbank (Gf P2),78051
77365792,Hollfeld,09472154,Raiffeisenbank Fränkische Schweiz,68119
77365792,Hollfeld,09472154,Raiffeisenbank Fränkische Schweiz (Gf P2),78119
77365792,Königsfeld,,Raiffeisenbank Fränkische Schweiz,68119
77365792,Waischenfeld,09472197,Raiffeisenbank Fränkische Schweiz,68119
78020070,Hof,,UniCredit Bank - HypoVereinsbank,22038
78020070,Marktredwitz,09479136,UniCredit Bank - HypoVereinsbank,22038
78020070,Selb,09479152,UniCredit Bank - HypoVereinsbank,22038
78040081,Hof,,Commerzbank Hof Saale,24767
78040081,Bad Steben,09475112,Commerzbank,24767
78040081,Helmbrechts,09475136,Commerzbank,24767
78040081,Münchberg,09475154,Commerzbank,24767
78040081,Naila,09475156,Commerzbank,24767
78040081,Rehau,09475162,Commerzbank,24767
78040081,Schwarzenbach a.d.Saale,09475168,Commerzbank,24767
78040081,Schwarzenbach a.Wald,,Commerzbank,24767
78040081,Selb,09479152,Commerzbank,24767
78040081,Selbitz,09475171,Commerzbank,24767
78050000,Hof,,Sparkasse Hochfranken,57253
78050000,Arzberg,,Sparkasse Hochfranken,57253
78050000,Bad Steben,09475112,Sparkasse Hochfranken,57253
78050000,Berg,,Sparkasse Hochfranken,57253
78050000,Feilitzsch,09475123,Sparkasse Hochfranken,57253
78050000,Gefrees,09472139,Sparkasse Hochfranken,57253
78050000,Geroldsgrün,09475128,Sparkasse Hochfranken,57253
78050000,Helmbrechts,09475136,Sparkasse Hochfranken,57253
78050000,Kirchenlamitz,09479129,Sparkasse Hochfranken,57253
78050000,Konradsreuth,09475142,Sparkasse Hochfranken,57253
78050000,Marktleuthen,09479135,Sparkasse Hochfranken,57253
78050000,Marktredwitz,09479136,Sparkasse Hochfranken,57253
78050000,Münchberg,09475154,Sparkasse Hochfranken,57253
78050000,Nagel,09479138,Sparkasse Hochfranken,57253
78050000,Naila,09475156,Sparkasse Hochfranken,57253
78050000,Oberkotzau,09475158,Sparkasse Hochfranken,57253
78050000,Rehau,09475162,Sparkasse Hochfranken,57253
78050000,Röslau,09479145,Sparkasse Hochfranken,57253
78050000,Schirnding,09479147,Sparkasse Hochfranken,57253
78050000,Schwarzenbach a.d.Saale,09475168,Sparkasse Hochfranken,57253
78050000,Schwarzenbach a.Wald,,Sparkasse Hochfranken,57253
78050000,Schönwald,,Sparkasse Hochfranken,57253
78050000,Selb,09479152,Sparkasse Hochfranken,57253
77091800,Seßlach,09473165,VR-Bank Lichtenfels-Ebern,97103
77091800,Straufhain,16069049,VR-Bank Lichtenfels-Ebern,97103
77091800,Untersiemau,09473170,VR-Bank Lichtenfels-Ebern,97103
77120073,Kulmbach,09477128,UniCredit Bank - HypoVereinsbank,22047
77120073,Kronach,09476145,UniCredit Bank - HypoVereinsbank,22047
77140061,Kulmbach,09477128,Commerzbank,24768
77150000,Kulmbach,09477128,Sparkasse Kulmbach-Kronach,57248
77150000,Kronach,09476145,Sparkasse Kulmbach-Kronach,57248
77150000,Küps,09476146,Sparkasse Kulmbach-Kronach,57248
77150000,Ludwigsstadt,09476152,Sparkasse Kulmbach-Kronach,57248
77150000,Mainleus,09477136,Sparkasse Kulmbach-Kronach,57248
77150000,Marktleugast,09477138,Sparkasse Kulmbach-Kronach,57248
77150000,Marktrodach,09476183,Sparkasse Kulmbach-Kronach,57248
77150000,Mitwitz,09476154,Sparkasse Kulmbach-Kronach,57248
77150000,Neudrossenfeld,09477142,Sparkasse Kulmbach-Kronach,57248
77150000,Stadtsteinach,09477156,Sparkasse Kulmbach-Kronach,57248
77150000,Steinbach a. Wald,,Sparkasse Kulmbach-Kronach,57248
77150000,Steinwiesen,09476177,Sparkasse Kulmbach-Kronach,57248
77150000,Stockheim,,Sparkasse Kulmbach-Kronach,57248
77150000,Teuschnitz,09476180,Sparkasse Kulmbach-Kronach,57248
77150000,Thurnau,09477157,Sparkasse Kulmbach-Kronach,57248
77150000,Untersteinach,09477159,Sparkasse Kulmbach-Kronach,57248
77150000,Wallenfels,09476184,Sparkasse Kulmbach-Kronach,57248
77150000,Wilhelmsthal,09476189,Sparkasse Kulmbach-Kronach,57248
77150000,Wirsberg,09477163,Sparkasse Kulmbach-Kronach,57248
77190000,Kulmbach,09477128,VR Bank Oberfranken Mitte,97023
77190000,Harsdorf,09477119,VR Bank Oberfranken Mitte,97023
77190000,Himmelkron,09477121,VR Bank Oberfranken Mitte,97023
77190000,Kasendorf,09477124,VR Bank Oberfranken Mitte,97023
77190000,Kronach,09476145,VR Bank Oberfranken Mitte,97023
77190000,Kulmbach,09477128,VR Bank Oberfranken Mitte (Gf P2),87023
77190000,Ludwigschorgast,09477135,VR Bank Oberfranken Mitte,97023
77190000,Ludwigsstadt,09476152,VR Bank Oberfranken Mitte,97023
77190000,Mainleus,09477136,VR Bank Oberfranken Mitte,97023
77190000,Marktrodach,09476183,VR Bank Oberfranken Mitte,97023
77190000,Neuenmarkt,09477143,VR Bank Oberfranken Mitte,97023
77190000,Pressig,09476164,VR Bank Oberfranken Mitte,97023
77190000,Rugendorf,09477151,VR Bank Oberfranken Mitte,97023
77190000,Stadtsteinach,09477156,VR Bank Oberfranken Mitte,97023
77190000,Steinbach a. Wald,,VR Bank Oberfranken Mitte,97023
77190000,Steinwiesen,09476177,VR Bank Oberfranken Mitte,97023
77190000,Tettau,,VR Bank Oberfranken Mitte,97023
77190000,Thurnau,09477157,VR Bank Oberfranken Mitte,97023
77190000,Trebgast,09477158,VR Bank Oberfranken Mitte,97023
77190000,Untersteinach,09477159,VR Bank Oberfranken Mitte,97023
77190000,Wallenfels,09476184,VR Bank Oberfranken Mitte,97023
77190000,Wirsberg,09477163,VR Bank Oberfranken Mitte,97023
77190000,Wonsees,09477164,VR Bank Oberfranken Mitte,97023
77190000,Wurzbach,16075133,VR Bank Oberfranken Mitte,97023
77320072,Bayreuth,09462000,UniCredit Bank - HypoVereinsbank,22013
77060100,Strullendorf,09471195,VR Bank Bamberg Raiffeisen-Volksbank,67022
77060100,Viereth-Trunstadt,09471207,VR Bank Bamberg Raiffeisen-Volksbank,67022
77060100,Walsdorf,,VR Bank Bamberg Raiffeisen-Volksbank,67022
77060100,Zapfendorf,09471214,VR Bank Bamberg Raiffeisen-Volksbank,67022
77061004,Altenkunstadt,09478111,Raiffeisenbank Obermain Nord -alt-,68118
77061004,Altenkunstadt,09478111,Raiffeisenbank Obermain Nord (Gf P2),78118
77061425,Ebern,09674130,Raiffeisen-Volksbank -alt-,68075
77061425,Ebern,09674130,Raiffeisen-Volksbank (Gf P2),78075
77062014,Burgebrach,09471120,Raiffeisenbank Burgebrach-Stegaurach,68047
77062014,Burgebrach,09471120,Raiffeisenbank Burgebrach-Stegaurach (Gf P2),78047
77062014,Ebrach,09471128,Raiffeisenbank Burgebrach-Stegaurach,68047
77062014,Frensdorf,09471131,Raiffeisenbank Burgebrach-Stegaurach,68047
77062014,Pettstadt,09471169,Raiffeisenbank Burgebrach-Stegaurach,68047
77062014,Stegaurach,09471191,Raiffeisenbank Burgebrach-Stegaurach,68047
77062139,Bad Staffelstein,09478165,Volksbank Raiffeisenbank Obermain,68059
77062139,Altenkunstadt,09478111,Volksbank Raiffeisenbank Obermain,68059
77062139,Bad Staffelstein,09478165,Volksbank Raiffeisenbank Obermain (Gf P2),78059
77062139,Burgkunstadt,09478116,Volksbank Raiffeisenbank Obermain,68059
77062139,Ebensfeld,09478120,Volksbank Raiffeisenbank Obermain,68059
77062139,Mainleus,09477136,Volksbank Raiffeisenbank Obermain,68059
77062139,Michelau i.OFr.,,Volksbank Raiffeisenbank Obermain,68059
77062139,Weismain,09478176,Volksbank Raiffeisenbank Obermain,68059
77062139,Weißenbrunn,09476185,Volksbank Raiffeisenbank Obermain,68059
77062139,Zapfendorf,09471214,Volksbank Raiffeisenbank Obermain,68059
77069044,Küps,09476146,Raiffeisenbank Küps-Mitwitz-Stockheim,67186
77069044,Kronach,09476145,Raiffeisenbank Küps-Mitwitz-Stockheim,67186
77069044,Küps,09476146,Raiffeisenbank Küps-Mitwitz-Stockheim (Gf P2),77186
77069044,Mitwitz,09476154,Raiffeisenbank Küps-Mitwitz-Stockheim,67186
77069044,Stockheim,,Raiffeisenbank Küps-Mitwitz-Stockheim,67186
77069051,Heiligenstadt i.OFr.,,Raiffeisenbank -alt-,67198
77069051,Heiligenstadt i.OFr.,,Raiffeisenbank (Gf P2),77198
77069052,Heroldsbach,09474135,Raiffeisenbank Heroldsbach -alt-,67201
77069052,Heroldsbach,09474135,Raiffeisenbank (Gf P2),77201
77069091,Mühlhausen,,Raiffeisenbank Ebrachgrund -alt-,67255
77069091,Geiselwind,09675127,Raiffeisenbank Ebrachgrund,67255
77069091,Mühlhausen,,Raiffeisenbank Ebrachgrund (Gf P2),77255
77069091,Schlüsselfeld,09471220,Raiffeisenbank Ebrachgrund,67255
77069091,Wachenroth,09572160,Raiffeisenbank Ebrachgrund,67255
77069461,Gräfenberg,09474132,Vereinigte Raiffeisenbanken -alt-,67617
77069461,Eckental,09572121,Vereinigte Raiffeisenbanken,67617
77069461,Effeltrich,09474122,Vereinigte Raiffeisenbanken,67617
77069461,Egloffstein,09474124,Vereinigte Raiffeisenbanken,67617
77069461,Forchheim,,Vereinigte Raiffeisenbanken,67617
77069461,Gräfenberg,09474132,Vereinigte Raiffeisenbanken (Gf P2),77617
77069461,Hallerndorf,09474133,Vereinigte Raiffeisenbanken,67617
77069461,Heroldsberg,09572131,Vereinigte Raiffeisenbanken,67617
77069461,Hiltpoltstein,09474138,Vereinigte Raiffeisenbanken,67617
77069461,Igensdorf,09474140,Vereinigte Raiffeisenbanken,67617
77069461,Lauf a.d.Pegnitz,,Vereinigte Raiffeisenbanken,67617
77069461,Neunkirchen a. Brand,,Vereinigte Raiffeisenbanken,67617
76591000,Dürrwangen,09571139,VR Bank im südlichen Franken,97075
76591000,Feuchtwangen,09571145,VR Bank im südlichen Franken,97075
76591000,Gunzenhausen,09577136,VR Bank im südlichen Franken,97075
76591000,Heidenheim,09577140,VR Bank im südlichen Franken,97075
76591000,Heilsbronn,09571165,VR Bank im südlichen Franken,97075
76591000,Kreßberg,08127101,VR Bank im südlichen Franken,97075
76591000,Langfurth,09571170,VR Bank im südlichen Franken,97075
76591000,Markt Berolzheim,09577149,VR Bank im südlichen Franken,97075
76591000,Muhr a. See,,VR Bank im südlichen Franken,97075
76591000,Nennslingen,09577151,VR Bank im südlichen Franken,97075
76591000,Pappenheim,09577158,VR Bank im südlichen Franken,97075
76591000,Petersaurach,09571190,VR Bank im südlichen Franken,97075
76591000,Pfofeld,09577159,VR Bank im südlichen Franken,97075
76591000,Pleinfeld,09577161,VR Bank im südlichen Franken,97075
76591000,Polsingen,09577162,VR Bank im südlichen Franken,97075
76591000,Rohr,,VR Bank im südlichen Franken,97075
76591000,Sachsen b. Ansbach,,VR Bank im südlichen Franken,97075
76591000,Schnelldorf,09571199,VR Bank im südlichen Franken,97075
76591000,Schopfloch,,VR Bank im südlichen Franken,97075
76591000,Stödtlen,08136068,VR Bank im südlichen Franken,97075
76591000,Treuchtlingen,09577173,VR Bank im südlichen Franken,97075
76591000,Wassertrüdingen,09571214,VR Bank im südlichen Franken,97075
76591000,Weiltingen,09571218,VR Bank im südlichen Franken,97075
76591000,Weißenburg i.Bay.,,VR Bank im südlichen Franken (Gf P2),87075
76591000,Wilburgstetten,09571224,VR Bank im südlichen Franken,97075
76591000,Windsbach,09571226,VR Bank im südlichen Franken,97075
76591000,Wört,08136084,VR Bank im südlichen Franken,97075
77020070,Bamberg,09461000,UniCredit Bank - HypoVereinsbank,22012
77020070,Lichtenfels,,UniCredit Bank - HypoVereinsbank,22012
77040080,Bamberg,09461000,Commerzbank Bamberg,24762
77050000,Bamberg,09461000,Sparkasse Bamberg,57290
77060100,Bamberg,09461000,VR Bank Bamberg Raiffeisen-Volksbank -alt-,67022
77060100,Bamberg,09461000,VR Bank Bamberg Raiffeisen-Volksbank (Gf P2),77022
77060100,Baunach,09471115,VR Bank Bamberg Raiffeisen-Volksbank,67022
77060100,Bischberg,09471117,VR Bank Bamberg Raiffeisen-Volksbank,67022
77060100,Breitengüßbach,09471119,VR Bank Bamberg Raiffeisen-Volksbank,67022
77060100,Buttenheim,09471123,VR Bank Bamberg Raiffeisen-Volksbank,67022
77060100,Frensdorf,09471131,VR Bank Bamberg Raiffeisen-Volksbank,67022
77060100,Gundelsheim,,VR Bank Bamberg Raiffeisen-Volksbank,67022
77060100,Hallstadt,09471140,VR Bank Bamberg Raiffeisen-Volksbank,67022
77060100,Hirschaid,09471145,VR Bank Bamberg Raiffeisen-Volksbank,67022
77060100,Kemmern,09471150,VR Bank Bamberg Raiffeisen-Volksbank,67022
77060100,Lisberg,09471154,VR Bank Bamberg Raiffeisen-Volksbank,67022
77060100,Litzendorf,09471155,VR Bank Bamberg Raiffeisen-Volksbank,67022
77060100,Memmelsdorf,09471159,VR Bank Bamberg Raiffeisen-Volksbank,67022
77060100,Oberhaid,,VR Bank Bamberg Raiffeisen-Volksbank,67022
77060100,Rattelsdorf,09471174,VR Bank Bamberg Raiffeisen-Volksbank,67022
77060100,Reckendorf,09471175,VR Bank Bamberg Raiffeisen-Volksbank,67022
77060100,Scheßlitz,09471185,VR Bank Bamberg Raiffeisen-Volksbank,67022
77060100,Stadelhofen,09471189,VR Bank Bamberg Raiffeisen-Volksbank,67022
76450000,Büchenbach,09576117,Sparkasse Mittelfranken-Süd,57250
76450000,Ellingen,09577125,Sparkasse Mittelfranken-Süd,57250
76450000,Ettenstatt,09577127,Sparkasse Mittelfranken-Süd,57250
76450000,Georgensgmünd,09576121,Sparkasse Mittelfranken-Süd,57250
76450000,Greding,09576122,Sparkasse Mittelfranken-Süd,57250
76450000,Heideck,09576126,Sparkasse Mittelfranken-Süd,57250
76450000,Hilpoltstein,09576127,Sparkasse Mittelfranken-Süd,57250
76450000,Langenaltheim,09577148,Sparkasse Mittelfranken-Süd,57250
76450000,Nennslingen,09577151,Sparkasse Mittelfranken-Süd,57250
76450000,Pappenheim,09577158,Sparkasse Mittelfranken-Süd,57250
76450000,Pleinfeld,09577161,Sparkasse Mittelfranken-Süd,57250
76450000,Rednitzhembach,09576137,Sparkasse Mittelfranken-Süd,57250
76450000,Röttenbach,,Sparkasse Mittelfranken-Süd,57250
76450000,Schwabach,09565000,Sparkasse Mittelfranken-Süd,57250
76450000,Schwanstetten,09576132,Sparkasse Mittelfranken-Süd,57250
76450000,Solnhofen,09577168,Sparkasse Mittelfranken-Süd,57250
76450000,Spalt,09576147,Sparkasse Mittelfranken-Süd,57250
76450000,Thalmässing,09576148,Sparkasse Mittelfranken-Süd,57250
76450000,Treuchtlingen,09577173,Sparkasse Mittelfranken-Süd,57250
76450000,Weißenburg i.Bay.,,Sparkasse Mittelfranken-Süd,57250
76450000,Wendelstein,09576151,Sparkasse Mittelfranken-Süd,57250
76460015,Roth,,Raiffeisenbank Roth-Schwabach -alt-,67013
76460015,Roth,,Raiffeisenbank Roth-Schwabach (Gf P2),77013
76461485,Hilpoltstein,09576127,Raiffeisenbank am Rothsee -alt-,68040
76461485,Allersberg,09576113,Raiffeisenbank am Rothsee,68040
76461485,Heideck,09576126,Raiffeisenbank am Rothsee,68040
76461485,Hilpoltstein,09576127,Raiffeisenbank am Rothsee (Gf P2),78040
76520071,Ansbach,09561000,UniCredit Bank - HypoVereinsbank,22005
76520071,Dinkelsbühl,09571136,UniCredit Bank - HypoVereinsbank,22005
76520071,Gunzenhausen,09577136,UniCredit Bank - HypoVereinsbank,22005
76520071,Weißenburg i.Bay.,,UniCredit Bank - HypoVereinsbank,22005
76550000,Ansbach,09561000,Sparkasse Ansbach,57216
76550000,Aurach,09571114,Sparkasse Ansbach,57216
76550000,Bechhofen,,Sparkasse Ansbach,57216
76550000,Burgoberbach,09571127,Sparkasse Ansbach,57216
76550000,Colmberg,09571130,Sparkasse Ansbach,57216
76550000,Dentlein a. Forst,,Sparkasse Ansbach,57216
76550000,Dinkelsbühl,09571136,Sparkasse Ansbach,57216
76550000,Dürrwangen,09571139,Sparkasse Ansbach,57216
76550000,Ehingen,,Sparkasse Ansbach,57216
76550000,Feuchtwangen,09571145,Sparkasse Ansbach,57216
76550000,Flachslanden,09571146,Sparkasse Ansbach,57216
76550000,Heilsbronn,09571165,Sparkasse Ansbach,57216
76550000,Herrieden,09571166,Sparkasse Ansbach,57216
76550000,Lehrberg,09571171,Sparkasse Ansbach,57216
76550000,Leutershausen,09571174,Sparkasse Ansbach,57216
76550000,Lichtenau,,Sparkasse Ansbach,57216
76550000,Neuendettelsau,09571180,Sparkasse Ansbach,57216
76550000,Oberdachstetten,09571183,Sparkasse Ansbach,57216
76550000,Petersaurach,09571190,Sparkasse Ansbach,57216
76080085,Nürnberg,09564000,"Commerzbank vormals Dresdner Bank, PCC DCC-ITGK 1",
76080086,Nürnberg,09564000,"Commerzbank vormals Dresdner Bank, PCC DCC-ITGK 2",
76089480,Nürnberg,09564000,Commerzbank vormals Dresdner Bank ITGK,
76089482,Nürnberg,09564000,Commerzbank vormals Dresdner Bank ITGK,
76090400,Nürnberg,09564000,Evenord-Bank,97047
76090400,Nürnberg,09564000,Evenord-Bank (Gf P2),87047
76090500,Nürnberg,09564000,Sparda-Bank Nürnberg,97052
76090500,Aschaffenburg,09661000,Sparda-Bank Nürnberg,97052
76090500,Bamberg,09461000,Sparda-Bank Nürnberg,97052
76090500,Erlangen,09562000,Sparda-Bank Nürnberg,97052
76090500,Fürth,,Sparda-Bank Nürnberg,97052
76090500,Lichtenfels,,Sparda-Bank Nürnberg,97052
76090500,Nürnberg,09564000,Sparda-Bank Nürnberg (Gf P2),87052
76090500,Schweinfurt,09662000,Sparda-Bank Nürnberg,97052
76090500,Würzburg,09663000,Sparda-Bank Nürnberg,97052
76090900,Nürnberg,09564000,PSD Bank,98065
76090900,Nürnberg,09564000,PSD Bank (Gf P2),88065
76211900,Wilhermsdorf,09573133,CVW-Privatbank,99014
76211900,Wilhermsdorf,09573133,CVW-Privatbank (Gf P2),89014
76220073,Fürth,,UniCredit Bank - HypoVereinsbank,22030
76220073,Langenzenn,09573120,UniCredit Bank - HypoVereinsbank,22030
76220073,Zirndorf,09573134,UniCredit Bank - HypoVereinsbank,22030
76240011,Fürth,,Commerzbank Fürth Bayern,24766
76240011,Zirndorf,09573134,Commerzbank,24766
76250000,Fürth,,Sparkasse Fürth,57208
76251020,Neustadt a.d.Aisch,,Sparkasse im Landkreis Neustadt a.d. Aisch - Bad Windsheim,57202
76251020,Bad Windsheim,09575112,Sparkasse im Landkreis Neustadt a.d. Aisch - Bad Windsheim,57202
76251020,Burgbernheim,09575115,Sparkasse im Landkreis Neustadt a.d. Aisch - Bad Windsheim,57202
76251020,Dachsbach,09575117,Sparkasse im Landkreis Neustadt a.d. Aisch - Bad Windsheim,57202
76251020,Dietenhofen,09571135,Sparkasse im Landkreis Neustadt a.d. Aisch - Bad Windsheim,57202
76251020,Emskirchen,09575121,Sparkasse im Landkreis Neustadt a.d. Aisch - Bad Windsheim,57202
76251020,Markt Erlbach,09575145,Sparkasse im Landkreis Neustadt a.d. Aisch - Bad Windsheim,57202
76251020,Scheinfeld,09575161,Sparkasse im Landkreis Neustadt a.d. Aisch - Bad Windsheim,57202
76251020,Uffenheim,09575168,Sparkasse im Landkreis Neustadt a.d. Aisch - Bad Windsheim,57202
76260451,Fürth,,Raiffeisen-Volksbank Fürth -alt-,67030
76260451,Fürth,,Raiffeisen-Volksbank Fürth (Gf P2),77030
76320072,Erlangen,09562000,UniCredit Bank - HypoVereinsbank,22025
76320072,Forchheim,,UniCredit Bank - HypoVereinsbank,22025
76320072,Herzogenaurach,09572132,UniCredit Bank - HypoVereinsbank,22025
76320072,Neustadt a.d.Aisch,,UniCredit Bank - HypoVereinsbank,22025
76340061,Erlangen,09562000,Commerzbank Erlangen,24765
76350000,Erlangen,09562000,Stadt- u. Kreissparkasse Erlangen Höchstadt Herzogenaurach,57271
76350000,Baiersdorf,09572115,Stadt- u. Kreissparkasse Erlangen Höchstadt Herzogenaurach,57271
76350000,Bubenreuth,09572119,Stadt- u. Kreissparkasse Erlangen Höchstadt Herzogenaurach,57271
76350000,Buckenhof,09572120,Stadt- u. Kreissparkasse Erlangen Höchstadt Herzogenaurach,57271
76350000,Heroldsberg,09572131,Stadt- u. Kreissparkasse Erlangen Höchstadt Herzogenaurach,57271
76350000,Herzogenaurach,09572132,Stadt- u. Kreissparkasse Erlangen Höchstadt Herzogenaurach,57271
76350000,Kalchreuth,09572137,Stadt- u. Kreissparkasse Erlangen Höchstadt Herzogenaurach,57271
76350000,Möhrendorf,09572142,Stadt- u. Kreissparkasse Erlangen Höchstadt Herzogenaurach,57271
76350000,Spardorf,09572154,Stadt- u. Kreissparkasse Erlangen Höchstadt Herzogenaurach,57271
76070012,Erlangen,09562000,Deutsche Bank,27226
76070012,Forchheim,,Deutsche Bank,27226
76070012,Fürth,,Deutsche Bank,27226
76070012,Kulmbach,09477128,Deutsche Bank,27226
76070012,Lauf a.d.Pegnitz,,Deutsche Bank,27226
76070012,Neumarkt i.d.OPf.,,Deutsche Bank,27226
76070012,Neustadt b. Coburg,,Deutsche Bank,27226
76070012,Schwabach,09565000,Deutsche Bank,27226
76070012,Weiden i.d.OPf.,,Deutsche Bank,27226
76070012,Zirndorf,09573134,Deutsche Bank,27226
76070024,Nürnberg,09564000,Deutsche Bank,21226
76070024,Amberg,,Deutsche Bank,21226
76070024,Ansbach,09561000,Deutsche Bank,21226
76070024,Bamberg,09461000,Deutsche Bank,21226
76070024,Bayreuth,09462000,Deutsche Bank,21226
76070024,Coburg,09463000,Deutsche Bank,21226
76070024,Erlangen,09562000,Deutsche Bank,21226
76070024,Forchheim,,Deutsche Bank,21226
76070024,Fürth,,Deutsche Bank,21226
76070024,Kulmbach,09477128,Deutsche Bank,21226
76070024,Lauf a.d.Pegnitz,,Deutsche Bank,21226
76070024,Neumarkt i.d.OPf.,,Deutsche Bank,21226
76070024,Neustadt b. Coburg,,Deutsche Bank,21226
76070024,Schwabach,09565000,Deutsche Bank,21226
76070024,Weiden i.d.OPf.,,Deutsche Bank,21226
76070024,Zirndorf,09573134,Deutsche Bank,21226
76070324,Erlangen,09562000,Postbank/DSL Ndl der Deutsche Bank,21361
76070361,Erlangen,09562000,Postbank/DSL Ndl der Deutsche Bank,27361
76080040,Nürnberg,09564000,Commerzbank vormals Dresdner Bank,28760
76080040,Amberg,,Commerzbank vormals Dresdner Bank,28760
76080040,Ansbach,09561000,Commerzbank vormals Dresdner Bank,28760
76080040,Bamberg,09461000,Commerzbank vormals Dresdner Bank,28760
76080040,Bayreuth,09462000,Commerzbank vormals Dresdner Bank,28760
76080040,Coburg,09463000,Commerzbank vormals Dresdner Bank,28760
76080040,Erlangen,09562000,Commerzbank vormals Dresdner Bank,28760
76080040,Forchheim,,Commerzbank vormals Dresdner Bank,28760
76080040,Fürth,,Commerzbank vormals Dresdner Bank,28760
76080040,Hof,,Commerzbank vormals Dresdner Bank,28760
76080040,Kulmbach,09477128,Commerzbank vormals Dresdner Bank,28760
76080040,Lauf a.d.Pegnitz,,Commerzbank vormals Dresdner Bank,28760
76080040,Marktredwitz,09479136,Commerzbank vormals Dresdner Bank,28760
76080040,Neumarkt i.d.OPf.,,Commerzbank vormals Dresdner Bank,28760
76080040,Nördlingen,09779194,Commerzbank vormals Dresdner Bank,28760
76080040,Roth,,Commerzbank vormals Dresdner Bank,28760
76080040,Rothenburg ob der Tauber,09571193,Commerzbank vormals Dresdner Bank,28760
76080040,Schwabach,09565000,Commerzbank vormals Dresdner Bank,28760
76080040,Selb,09479152,Commerzbank vormals Dresdner Bank,28760
76080040,Weiden i.d.OPf.,,Commerzbank vormals Dresdner Bank,28760
76080053,Hof,,Commerzbank vormals Dresdner Bank Zw 53,
76080055,Hof,,Commerzbank vormals Dresdner Bank Zw 55,
76061025,Röthenbach a.d.Pegnitz,,Raiffeisen Spar+Kreditbank Zw Röthenbach,67043
76061025,Schnaittach,09574155,Raiffeisen Spar+Kreditbank Zw Schnaittach,67043
76061482,Feucht,09574123,Raiffeisenbank im Nürnberger Land,67061
76061482,Alfeld,09574111,Raiffeisenbank im Nürnberger Land,67061
76061482,Altdorf b. Nürnberg,,Raiffeisenbank im Nürnberger Land,67061
76061482,Feucht,09574123,Raiffeisenbank im Nürnberger Land (Gf P2),77061
76061482,Henfenfeld,09574131,Raiffeisenbank im Nürnberger Land,67061
76061482,Hersbruck,09574132,Raiffeisenbank im Nürnberger Land,67061
76061482,Leinburg,09574139,Raiffeisenbank im Nürnberger Land,67061
76061482,Nürnberg,09564000,Raiffeisenbank im Nürnberger Land,67061
76061482,Offenhausen,09574145,Raiffeisenbank im Nürnberger Land,67061
76061482,Pommelsbrunn,09574147,Raiffeisenbank im Nürnberger Land,67061
76061482,Reichenschwand,09574150,Raiffeisenbank im Nürnberger Land,67061
76061482,Schwarzenbruck,09574157,Raiffeisenbank im Nürnberger Land,67061
76061482,Velden,,Raiffeisenbank im Nürnberger Land,67061
76061482,Winkelhaid,,Raiffeisenbank im Nürnberger Land,67061
76069369,Auerbach i.d.OPf.,,Raiffeisenbank Auerbach-Freihung,67535
76069369,Auerbach i.d.OPf.,,Raiffeisenbank Auerbach-Freihung (Gf P2),77535
76069369,Freihung,09371121,Raiffeisenbank Auerbach-Freihung,67535
76069369,Neuhaus a.d.Pegnitz,,Raiffeisenbank Auerbach-Freihung,67535
76069369,Neukirchen b.Sulzbach-Rosenberg,,Raiffeisenbank Auerbach-Freihung,67535
76069369,Weiherhammer,09374166,Raiffeisenbank Auerbach-Freihung,67535
76069372,Bad Windsheim,09575112,Raiffeisenbank Bad Windsheim,67539
76069372,Bad Windsheim,09575112,Raiffeisenbank Bad Windsheim (Gf P2),77539
76069372,Burgbernheim,09575115,Raiffeisenbank Bad Windsheim,67539
76069372,Ipsheim,09575135,Raiffeisenbank Bad Windsheim,67539
76069372,Markt Erlbach,09575145,Raiffeisenbank Bad Windsheim,67539
76069372,Marktbergel,09575143,Raiffeisenbank Bad Windsheim,67539
76069372,Obernzenn,09575156,Raiffeisenbank Bad Windsheim,67539
76069378,Bechhofen,,Raiffeisenbank,67545
76069378,Bechhofen,,Raiffeisenbank (Gf P2),77545
76069404,Dachsbach,09575117,Raiffeisenbank Uehlfeld-Dachsbach,67570
76069404,Dachsbach,09575117,Raiffeisenbank Uehlfeld-Dachsbach (Gf P2),77570
76069404,Uehlfeld,09575167,Raiffeisenbank Uehlfeld-Dachsbach,67570
76069409,Dietenhofen,09571135,Raiffeisenbank Dietenhofen -alt-,67573
76069409,Dietenhofen,09571135,Raiffeisenbank (Gf P2),77573
76069410,Dietersheim,09575119,Raiffeisenbank Dietersheim und Umgebung,67576
76069410,Dietersheim,09575119,Raiffeisenbank Dietersheim und Umgebung (Gf P2),77576
76069410,Neustadt a.d.Aisch,,Raiffeisenbank Dietersheim und Umgebung,67576
76069440,Feucht,09574123,Raiffeisenbank Altdorf-Feucht -alt-,67598
76069440,Feucht,09574123,Raiffeisenbank Altdorf-Feucht (Gf P2),77598
76069441,Feuchtwangen,09571145,VR-Bank Feuchtwangen-Limes -alt-,67599
76069441,Feuchtwangen,09571145,VR-Bank Feuchtwangen-Limes (Gf P2),77599
76069448,Freudenberg,,Raiffeisenbank -alt-,67607
76069449,Hilpoltstein,09576127,Raiffeisen - meine Bank,67608
76069449,Allersberg,09576113,Raiffeisen - meine Bank,67608
76069449,Berching,09373112,Raiffeisen - meine Bank,67608
76069449,Freystadt,09373126,Raiffeisen - meine Bank,67608
76069449,Heideck,09576126,Raiffeisen - meine Bank,67608
76069449,Hilpoltstein,09576127,Raiffeisen - meine Bank (Gf P2),77608
76026000,Stuttgart,08111000,norisbank,21430
76026000,Trier,07211000,norisbank,21430
76026000,Weimar,16055000,norisbank,21430
76026000,Winsen (Luhe),03353040,norisbank,21430
76030080,Nürnberg,09564000,BNP Paribas Niederlassung Deutschland,26468
76030600,Nürnberg,09564000,Isbank Fil Nürnberg,29841
76030800,Frankfurt am Main,06412000,flatexDEGIRO Bank,
76032000,Nürnberg,09564000,TeamBank Nürnberg,99017
76032001,Nürnberg,09564000,TeamBank Nürnberg GF Austria,
76035000,Nürnberg,09564000,UmweltBank,99091
76035000,Nürnberg,09564000,UmweltBank (Gf P2),89091
76040060,Nürnberg,09564000,Commerzbank CC,
76040061,Nürnberg,09564000,Commerzbank,24760
76040061,Ansbach,09561000,Commerzbank,24760
76040061,Forchheim,,Commerzbank,24760
76040061,Lauf a.d.Pegnitz,,Commerzbank,24760
76040061,Neumarkt i.d.OPf.,,Commerzbank,24760
76040061,Nördlingen,09779194,Commerzbank,24760
76040061,Roth,,Commerzbank,24760
76040061,Rothenburg ob der Tauber,09571193,Commerzbank,24760
76040061,Schwabach,09565000,Commerzbank,24760
76040062,Nürnberg,09564000,Commerzbank CC,
76040065,Nürnberg,09564000,"Commerzbank, Filiale Nürnberg 2",24006
76050000,Nürnberg,09564000,Bayerische Landesbank,
76050101,Nürnberg,09564000,Sparkasse Nürnberg,57273
76052080,Neumarkt i.d.OPf.,,Sparkasse Neumarkt i d OPf-Parsberg,57201
76052080,Berching,09373112,Sparkasse Neumarkt i d OPf-Parsberg,57201
76052080,Berg b.Neumarkt i.d.OPf.,09373113,Sparkasse Neumarkt i d OPf-Parsberg,57201
76052080,Berngau,09373114,Sparkasse Neumarkt i d OPf-Parsberg,57201
76052080,Breitenbrunn,,Sparkasse Neumarkt i d OPf-Parsberg,57201
76052080,Deining,09373119,Sparkasse Neumarkt i d OPf-Parsberg,57201
76052080,Dietfurt a.d.Altmühl,,Sparkasse Neumarkt i d OPf-Parsberg,57201
76052080,Freystadt,09373126,Sparkasse Neumarkt i d OPf-Parsberg,57201
76052080,Hohenfels,,Sparkasse Neumarkt i d OPf-Parsberg,57201
76052080,Lauterhofen,09373140,Sparkasse Neumarkt i d OPf-Parsberg,57201
76052080,Mühlhausen,,Sparkasse Neumarkt i d OPf-Parsberg,57201
76052080,Parsberg,09373151,Sparkasse Neumarkt i d OPf-Parsberg,57201
76052080,Pilsach,09373153,Sparkasse Neumarkt i d OPf-Parsberg,57201
76052080,Postbauer-Heng,09373155,Sparkasse Neumarkt i d OPf-Parsberg,57201
76052080,Pyrbaum,09373156,Sparkasse Neumarkt i d OPf-Parsberg,57201
76052080,Seubersdorf i.d.OPf.,,Sparkasse Neumarkt i d OPf-Parsberg,57201
76052080,Velburg,09373167,Sparkasse Neumarkt i d OPf-Parsberg,57201
76060000,Nürnberg,09564000,DZ BANK,67009
76060618,Nürnberg,09564000,Volksbank Raiffeisenbank -alt-,67035
76060618,Nürnberg,09564000,Volksbank Raiffeisenbank (Gf P2),77035
76061025,Lauf a.d.Pegnitz,,Raiffeisen Spar+Kreditbank Lauf a d Pegnitz,67043
76061025,Lauf a.d.Pegnitz,,Raiffeisen Spar+Kreditbank Lauf a d Pegnitz (Gf P2),77043
76061025,Neunkirchen a. Sand,09574141,Raiffeisen Spar+Kreditbank Zw Neunkirchen,67043
76061025,Ottensoos,09574146,Raiffeisen Spar+Kreditbank Zw Ottensoos,67043
76061025,Rückersdorf,,Raiffeisen Spar+Kreditbank Zw Rückersdorf,67043
76026000,Bayreuth,09462000,norisbank,21430
76026000,Berlin,11000000,norisbank Gf P2,25360
76026000,Bielefeld,05711000,norisbank,21430
76026000,Bochum,05911000,norisbank,21430
76026000,Bonn,05314000,norisbank,21430
76026000,Braunschweig,03101000,norisbank,21430
76026000,Bremen,04011000,norisbank,21430
76026000,Chemnitz,14511000,norisbank,21430
76026000,Coburg,09463000,norisbank,21430
76026000,Darmstadt,06411000,norisbank,21430
76026000,Dortmund,05913000,norisbank,21430
76026000,Dresden,14612000,norisbank,21430
76026000,Duisburg,05112000,norisbank,21430
76026000,Düsseldorf,05111000,norisbank,21430
76026000,Eisenach,07232218,norisbank,21430
76026000,Erfurt,16051000,norisbank,21430
76026000,Erlangen,09562000,norisbank,21430
76026000,Essen,05113000,norisbank,21430
76026000,Frankfurt am Main,06412000,norisbank,21430
76026000,Freiburg im Breisgau,08311000,norisbank,21430
76026000,Fürth,,norisbank,21430
76026000,Gera,16052000,norisbank,21430
76026000,Gießen,06531005,norisbank,21430
76026000,Hagen,,norisbank,21430
76026000,Halle (Saale),15002000,norisbank,21430
76026000,Hamburg,02000000,norisbank,21430
76026000,Hamm,,norisbank,21430
76026000,Hannover,03241001,norisbank,21430
76026000,Heilbronn,08121000,norisbank,21430
76026000,Jena,16053000,norisbank,21430
76026000,Karlsruhe,08212000,norisbank,21430
76026000,Kassel,06611000,norisbank,21430
76026000,Kempten (Allgäu),09763000,norisbank,21430
76026000,Kiel,01002000,norisbank,21430
76026000,Koblenz,07111000,norisbank,21430
76026000,Köln,05315000,norisbank,21430
76026000,Leipzig,14713000,norisbank,21430
76026000,Ludwigshafen am Rhein,07314000,norisbank,21430
76026000,Lübeck,01003000,norisbank,21430
76026000,Lörrach,08336050,norisbank,21430
76026000,Magdeburg,15003000,norisbank,21430
76026000,Mainz,07315000,norisbank,21430
76026000,Mannheim,08222000,norisbank,21430
76026000,München,09162000,norisbank,21430
76026000,Mönchengladbach,05116000,norisbank,21430
76026000,Neuss,05162024,norisbank,21430
76026000,Plauen,14523320,norisbank,21430
76026000,Regensburg,09362000,norisbank,21430
76026000,Saarbrücken,10041100,norisbank,21430
76026000,Schweinfurt,09662000,norisbank,21430
75360011,Weiden i.d.OPf.,,Raiffeisenbank Weiden -alt-,67012
75360011,Eschenbach i.d.OPf.,09374117,Raiffeisenbank Weiden,67012
75360011,Etzenricht,09374119,Raiffeisenbank Weiden,67012
75360011,Kastl,,Raiffeisenbank Weiden,67012
75360011,Krummennaab,09377132,Raiffeisenbank Weiden,67012
75360011,Luhe-Wildenau,09374133,Raiffeisenbank Weiden,67012
75360011,Mantel,09374134,Raiffeisenbank Weiden,67012
75360011,Parkstein,09374144,Raiffeisenbank Weiden,67012
75360011,Pirk,09374146,Raiffeisenbank Weiden,67012
75360011,Pressath,09374149,Raiffeisenbank Weiden,67012
75360011,Schirmitz,09374154,Raiffeisenbank Weiden,67012
75360011,Schlammersdorf,09374155,Raiffeisenbank Weiden,67012
75360011,Trabitz,09374148,Raiffeisenbank Weiden,67012
75360011,Weiden i.d.OPf.,,Raiffeisenbank Weiden (Gf P2),77012
75360011,Windischeschenbach,09374168,Raiffeisenbank Weiden,67012
75362039,Floß,09374121,Raiffeisenbank Floß,67083
75362039,Flossenbürg,09374122,Raiffeisenbank Floß,67083
75362039,Floß,09374121,Raiffeisenbank Floß (Gf P2),77083
75363189,Vohenstrauß,09374162,Raiffeisenbank Neustadt-Vohenstrauß -alt-,67108
75363189,Altenstadt a.d.Waldnaab,,Raiffeisenbank Neustadt-Vohenstrauß,67108
75363189,Eslarn,09374118,Raiffeisenbank Neustadt-Vohenstrauß,67108
75363189,Moosbach,09374137,Raiffeisenbank Neustadt-Vohenstrauß,67108
75363189,Neustadt a.d.Waldnaab,,Raiffeisenbank Neustadt-Vohenstrauß,67108
75363189,Pleystein,09374147,Raiffeisenbank Neustadt-Vohenstrauß,67108
75363189,Vohenstrauß,09374162,Raiffeisenbank Neustadt-Vohenstrauß (Gf P2),77108
75363189,Waidhaus,09374164,Raiffeisenbank Neustadt-Vohenstrauß,67108
75363189,Waldthurn,09374165,Raiffeisenbank Neustadt-Vohenstrauß,67108
75390000,Weiden i.d.OPf.,,Volksbank Raiffeisenbank Nordoberpfalz,97018
75390000,Altenstadt a.d.Waldnaab,,Volksbank Raiffeisenbank Nordoberpfalz,97018
75390000,Bärnau,09377112,Volksbank Raiffeisenbank Nordoberpfalz,97018
75390000,Erbendorf,09377116,Volksbank Raiffeisenbank Nordoberpfalz,97018
75390000,Floß,09374121,Volksbank Raiffeisenbank Nordoberpfalz,97018
75390000,Mitterteich,09377141,Volksbank Raiffeisenbank Nordoberpfalz,97018
75390000,Neustadt a.d.Waldnaab,,Volksbank Raiffeisenbank Nordoberpfalz,97018
75390000,Tirschenreuth,09377154,Volksbank Raiffeisenbank Nordoberpfalz,97018
75390000,Vohenstrauß,09374162,Volksbank Raiffeisenbank Nordoberpfalz,97018
75390000,Weiden i.d.OPf.,,Volksbank Raiffeisenbank Nordoberpfalz (Gf P2),87018
75390000,Windischeschenbach,09374168,Volksbank Raiffeisenbank Nordoberpfalz,97018
76000000,Nürnberg,09564000,Bundesbank,20760
76010085,Nürnberg,09564000,Postbank Ndl der Deutsche Bank,10085
76020070,Nürnberg,09564000,UniCredit Bank - HypoVereinsbank,22065
76020070,Altdorf b. Nürnberg,,UniCredit Bank - HypoVereinsbank,22065
76020070,Feucht,09574123,UniCredit Bank - HypoVereinsbank,22065
76020070,Lauf a.d.Pegnitz,,UniCredit Bank - HypoVereinsbank,22065
76020070,Neumarkt i.d.OPf.,,UniCredit Bank - HypoVereinsbank,22065
76020099,Nürnberg,09564000,UniCredit Bank - HypoVereinsbank Prepaid Card,
76026000,Berlin,11000000,norisbank,21430
76026000,Aachen,05334002,norisbank,21430
76026000,Aschaffenburg,09661000,norisbank,21430
76026000,Augsburg,09761000,norisbank,21430
75261700,Sulzbach-Rosenberg,09371151,Raiffeisenbank Sulzbach-Rosenberg -alt-,68098
75261700,Birgland,09371116,Raiffeisenbank Sulzbach-Rosenberg,68098
75261700,Hahnbach,09371126,Raiffeisenbank Sulzbach-Rosenberg,68098
75261700,Illschwang,09371131,Raiffeisenbank Sulzbach-Rosenberg,68098
75261700,Sulzbach-Rosenberg,09371151,Raiffeisenbank Sulzbach-Rosenberg (Gf P2),78098
75290000,Sulzbach-Rosenberg,09371151,VR Bank Amberg-Sulzbach,97017
75290000,Ammerthal,09371111,VR Bank Amberg-Sulzbach,97017
75290000,Edelsfeld,09371119,VR Bank Amberg-Sulzbach,97017
75290000,Gebenbach,09371123,VR Bank Amberg-Sulzbach,97017
75290000,Hahnbach,09371126,VR Bank Amberg-Sulzbach,97017
75290000,Hohenburg,09371129,VR Bank Amberg-Sulzbach,97017
75290000,Illschwang,09371131,VR Bank Amberg-Sulzbach,97017
75290000,Kastl,,VR Bank Amberg-Sulzbach,97017
75290000,Kümmersbruck,09371136,VR Bank Amberg-Sulzbach,97017
75290000,Königstein,,VR Bank Amberg-Sulzbach,97017
75290000,Poppenricht,09371144,VR Bank Amberg-Sulzbach,97017
75290000,Sulzbach-Rosenberg,09371151,VR Bank Amberg-Sulzbach (Gf P2),87017
75290000,Ursensollen,09371154,VR Bank Amberg-Sulzbach,97017
75290000,Vilseck,09371156,VR Bank Amberg-Sulzbach,97017
75320075,Weiden i.d.OPf.,,UniCredit Bank - HypoVereinsbank,22092
75340090,Weiden i.d.OPf.,,Commerzbank,24754
75340090,Grafenwöhr,09374124,Commerzbank,24754
75350000,Weiden i.d.OPf.,,Sparkasse Oberpfalz Nord,57241
75350000,Kemnath,09377129,Sparkasse Oberpfalz Nord,57241
75350000,Mitterteich,09377141,Sparkasse Oberpfalz Nord,57241
75350000,Neusorg,09377143,Sparkasse Oberpfalz Nord,57241
75350000,Speichersdorf,09472190,Sparkasse Oberpfalz Nord,57241
75350000,Tirschenreuth,09377154,Sparkasse Oberpfalz Nord,57241
75350000,Waldershof,09377157,Sparkasse Oberpfalz Nord,57241
75350000,Waldsassen,09377158,Sparkasse Oberpfalz Nord,57241
75350000,Wiesau,09377159,Sparkasse Oberpfalz Nord,57241
75351960,Neustadt a.d.Waldnaab,,Vereinigte Sparkassen Eschenbach i d Opf,57261
75351960,Altenstadt a.d.Waldnaab,,Vereinigte Sparkassen Eschenbach i d Opf,57261
75351960,Auerbach i.d.OPf.,,Vereinigte Sparkassen Eschenbach i d Opf,57261
75351960,Erbendorf,09377116,Vereinigte Sparkassen Eschenbach i d Opf,57261
75351960,Eschenbach i.d.OPf.,09374117,Vereinigte Sparkassen Eschenbach i d Opf,57261
75351960,Eslarn,09374118,Vereinigte Sparkassen Eschenbach i d Opf,57261
75351960,Floß,09374121,Vereinigte Sparkassen Eschenbach i d Opf,57261
75351960,Grafenwöhr,09374124,Vereinigte Sparkassen Eschenbach i d Opf,57261
75351960,Kirchenthumbach,09374129,Vereinigte Sparkassen Eschenbach i d Opf,57261
75351960,Luhe-Wildenau,09374133,Vereinigte Sparkassen Eschenbach i d Opf,57261
75351960,Mantel,09374134,Vereinigte Sparkassen Eschenbach i d Opf,57261
75351960,Moosbach,09374137,Vereinigte Sparkassen Eschenbach i d Opf,57261
75351960,Neuhaus a.d.Pegnitz,,Vereinigte Sparkassen Eschenbach i d Opf,57261
75351960,Pleystein,09374147,Vereinigte Sparkassen Eschenbach i d Opf,57261
75351960,Pressath,09374149,Vereinigte Sparkassen Eschenbach i d Opf,57261
75351960,Vohenstrauß,09374162,Vereinigte Sparkassen Eschenbach i d Opf,57261
75351960,Waidhaus,09374164,Vereinigte Sparkassen Eschenbach i d Opf,57261
75351960,Weiherhammer,09374166,Vereinigte Sparkassen Eschenbach i d Opf,57261
75351960,Windischeschenbach,09374168,Vereinigte Sparkassen Eschenbach i d Opf,57261
75070024,Regensburg,09362000,Deutsche Bank,21227
75070024,Deggendorf,09271119,Deutsche Bank,21227
75070024,Passau,09262000,Deutsche Bank,21227
75070024,Straubing,09263000,Deutsche Bank,21227
75080003,Regensburg,09362000,Commerzbank vormals Dresdner Bank,28750
75090000,Regensburg,09362000,Volksbank Raiffeisenbank Regensburg-Schwandorf,97016
75090000,Burglengenfeld,09376119,Volksbank Raiffeisenbank Regensburg-Schwandorf,97016
75090000,Neunburg vorm Wald,09376147,Volksbank Raiffeisenbank Regensburg-Schwandorf,97016
75090000,Nittenau,09376149,Volksbank Raiffeisenbank Regensburg-Schwandorf,97016
75090000,Nittendorf,09375175,Volksbank Raiffeisenbank Regensburg-Schwandorf,97016
75090000,Regensburg,09362000,Volksbank Raiffeisenbank Regensburg-Schwandorf (Gf P2),87016
75090000,Schwandorf,09376161,Volksbank Raiffeisenbank Regensburg-Schwandorf,97016
75090300,Regensburg,09362000,LIGA Bank,97044
75090300,Augsburg,09761000,LIGA Bank,97044
75090300,Bamberg,09461000,LIGA Bank,97044
75090300,Dresden,14612000,LIGA Bank,97044
75090300,Eichstätt,09176123,LIGA Bank,97044
75090300,München,09162000,LIGA Bank,97044
75090300,Nürnberg,09564000,LIGA Bank,97044
75090300,Passau,09262000,LIGA Bank,97044
75090300,Regensburg,09362000,LIGA Bank (Gf P2),87044
75090300,Speyer,07318000,LIGA Bank,97044
75090300,Würzburg,09663000,LIGA Bank,97044
75090500,Regensburg,09362000,Sparda-Bank Ostbayern,97051
75090500,Hof,,Sparda-Bank Ostbayern,97051
75090500,Landshut,09261000,Sparda-Bank Ostbayern,97051
75090500,Passau,09262000,Sparda-Bank Ostbayern,97051
75090500,Regensburg,09362000,Sparda-Bank Ostbayern (Gf P2),87051
75090500,Weiden i.d.OPf.,,Sparda-Bank Ostbayern,97051
75090900,Regensburg,09362000,VR Bank Niederbayern-Oberpfalz,97064
75090900,Regensburg,09362000,VR Bank Niederbayern-Oberpfalz (Gf P2),87064
75091400,Burglengenfeld,09376119,VR Bank Burglengenfeld -alt-,97085
75091400,Burglengenfeld,09376119,VR Bank Burglengenfeld (Gf P2),87085
75220070,Amberg,,UniCredit Bank - HypoVereinsbank,22004
75220070,Sulzbach-Rosenberg,09371151,UniCredit Bank - HypoVereinsbank,22004
75240000,Amberg,,Commerzbank,24761
75240000,Sulzbach-Rosenberg,09371151,Commerzbank,24761
75250000,Amberg,,Sparkasse Amberg-Sulzbach,57221
75250000,Hahnbach,09371126,Sparkasse Amberg-Sulzbach,57221
75250000,Hirschau,09371127,Sparkasse Amberg-Sulzbach,57221
75250000,Illschwang,09371131,Sparkasse Amberg-Sulzbach,57221
75250000,Kastl,,Sparkasse Amberg-Sulzbach,57221
75250000,Kümmersbruck,09371136,Sparkasse Amberg-Sulzbach,57221
75250000,Königstein,,Sparkasse Amberg-Sulzbach,57221
75250000,Neukirchen b.Sulzbach-Rosenberg,,Sparkasse Amberg-Sulzbach,57221
75250000,Rieden,,Sparkasse Amberg-Sulzbach,57221
75250000,Schmidmühlen,09371148,Sparkasse Amberg-Sulzbach,57221
75250000,Sulzbach-Rosenberg,09371151,Sparkasse Amberg-Sulzbach,57221
75250000,Vilseck,09371156,Sparkasse Amberg-Sulzbach,57221
75250000,Weigendorf,09371157,Sparkasse Amberg-Sulzbach,57221
75069038,Wiesent,09375209,Raiffeisenbank Falkenstein-Wörth,67176
75069038,Wörth a.d.Donau,,Raiffeisenbank Falkenstein-Wörth,67176
75069050,Grafenwöhr,09374124,Raiffeisenbank Grafenwöhr-Kirchenthumbach -alt-,67195
75069050,Grafenwöhr,09374124,Raiffeisenbank Grafenwöhr-Kirchenthumbach (Gf P2),77195
75069055,Hagelstadt,09375143,Raiffeisenbank Alteglofsheim-Hagelstadt,67204
75069055,Alteglofsheim,09375113,Raiffeisenbank Alteglofsheim-Hagelstadt,67204
75069055,Hagelstadt,09375143,Raiffeisenbank Alteglofsheim-Hagelstadt (Gf P2),77204
75069061,Parsberg,09373151,Raiffeisenbank im Oberpfälzer Jura,67211
75069061,Beratzhausen,09375118,Raiffeisenbank im Oberpfälzer Jura,67211
75069061,Kallmünz,09375156,Raiffeisenbank im Oberpfälzer Jura,67211
75069061,Laaber,09375162,Raiffeisenbank im Oberpfälzer Jura,67211
75069061,Painten,09273159,Raiffeisenbank im Oberpfälzer Jura,67211
75069061,Parsberg,09373151,Raiffeisenbank im Oberpfälzer Jura (Gf P2),77211
75069061,Wolfsegg,09375211,Raiffeisenbank im Oberpfälzer Jura,67211
75069078,Sinzing,09375199,Raiffeisenbank Sinzing,67234
75069078,Kelheim,09273137,Raiffeisenbank Sinzing Gs Gundelshausen,67234
75069078,Sinzing,09375199,Raiffeisenbank Sinzing (Gf P2),77234
75069081,Bad Kötzting,09372137,Raiffeisenbank Bad Kötzting,67239
75069081,Bad Kötzting,09372137,Raiffeisenbank Bad Kötzting (Gf P2),77239
75069081,Blaibach,09372115,Raiffeisenbank Bad Kötzting,67239
75069081,Grafenwiesen,09372130,Raiffeisenbank Bad Kötzting,67239
75069081,Miltach,09372143,Raiffeisenbank Bad Kötzting,67239
75069081,Rimbach,,Raiffeisenbank Bad Kötzting,67239
75069081,Zandt,09372177,Raiffeisenbank Bad Kötzting,67239
75069094,Parsberg,09373151,Raiffeisenbank Parsberg-Velburg -alt-,67258
75069094,Parsberg,09373151,Raiffeisenbank Parsberg-Velburg (Gf P2),77258
75069110,Neukirchen b.Hl.Blut,,Raiffeisenbank Eschlkam-Lam-Lohberg-Neukirchen b Hl Blut,67278
75069110,Eschlkam,09372124,Raiffeisenbank Eschlkam-Lam-Lohberg-Neukirchen b Hl Blut,67278
75069110,Hohenwarth,09372135,Raiffeisenbank Eschlkam-Lam-Lohberg-Neukirchen b Hl Blut,67278
75069110,Lam,09372138,Raiffeisenbank Eschlkam-Lam-Lohberg-Neukirchen b Hl Blut,67278
75069110,Lohberg,09372178,Raiffeisenbank Eschlkam-Lam-Lohberg-Neukirchen b Hl Blut,67278
75069110,Neukirchen b.Hl.Blut,,Raiffeisenbank Eschlkam-Lam-Lohberg-Neukirchen (Gf P2),77278
75069171,Nabburg,09376144,VR Bank Mittlere Oberpfalz,67382
75069171,Burglengenfeld,09376119,VR Bank Mittlere Oberpfalz,67382
75069171,Fensterbach,09376125,VR Bank Mittlere Oberpfalz,67382
75069171,Maxhütte-Haidhof,09376141,VR Bank Mittlere Oberpfalz,67382
75069171,Nabburg,09376144,VR Bank Mittlere Oberpfalz (Gf P2),77382
75069171,Oberviechtach,09376151,VR Bank Mittlere Oberpfalz,67382
75069171,Pfreimd,09376153,VR Bank Mittlere Oberpfalz,67382
75069171,Schwandorf,09376161,VR Bank Mittlere Oberpfalz,67382
75069171,Schwarzenfeld,09376163,VR Bank Mittlere Oberpfalz,67382
75069171,Schönsee,09376160,VR Bank Mittlere Oberpfalz,67382
75069171,Teublitz,09376170,VR Bank Mittlere Oberpfalz,67382
75069171,Tännesberg,09374159,VR Bank Mittlere Oberpfalz,67382
75069171,Wernberg-Köblitz,09376150,VR Bank Mittlere Oberpfalz,67382
75069171,Winklarn,09376178,VR Bank Mittlere Oberpfalz,67382
75070013,Regensburg,09362000,Deutsche Bank,27227
75070013,Deggendorf,09271119,Deutsche Bank,27227
75070013,Passau,09262000,Deutsche Bank,27227
75070013,Straubing,09263000,Deutsche Bank,27227
75051565,Mainburg,09273147,Kreissparkasse Kelheim,57167
75051565,Mindelstetten,09176147,Kreissparkasse Kelheim,57167
75051565,Neustadt a.d.Donau,,Kreissparkasse Kelheim,57167
75051565,Obersüßbach,09274165,Kreissparkasse Kelheim,57167
75051565,Painten,09273159,Kreissparkasse Kelheim,57167
75051565,Riedenburg,09273164,Kreissparkasse Kelheim,57167
75051565,Rudelzhausen,09178122,Kreissparkasse Kelheim,57167
75051565,Saal a.d.Donau,09273166,Kreissparkasse Kelheim,57167
75051565,Siegenburg,09273172,Kreissparkasse Kelheim,57167
75060150,Regensburg,09362000,Raiffeisenbank Regensburg-Wenzenbach,67023
75060150,Bernhardswald,09375119,Raiffeisenbank Regensburg-Wenzenbach,67023
75060150,Lappersdorf,09375165,Raiffeisenbank Regensburg-Wenzenbach,67023
75060150,Regensburg,09362000,Raiffeisenbank Regensburg-Wenzenbach (Gf P2),77023
75060150,Wenzenbach,09375208,Raiffeisenbank Regensburg-Wenzenbach,67023
75060150,Zeitlarn,09375213,Raiffeisenbank Regensburg-Wenzenbach,67023
75061168,Schwandorf,09376161,Raiffeisenbank Schwandorf-Nittenau -alt-,68039
75061168,Schwandorf,09376161,Raiffeisenbank Schwandorf-Nittenau (Gf P2),78039
75061851,Regenstauf,09375190,Raiffeisenbank Regenstauf,67079
75061851,Regenstauf,09375190,Raiffeisenbank (Gf P2),77079
75062026,Donaustauf,09375130,Raiffeisenbank Oberpfalz Süd,68024
75062026,Altenthann,09375114,Raiffeisenbank Oberpfalz Süd,68024
75062026,Aufhausen,09375115,Raiffeisenbank Oberpfalz Süd,68024
75062026,Bach a.d.Donau,,Raiffeisenbank Oberpfalz Süd,68024
75062026,Barbing,09375117,Raiffeisenbank Oberpfalz Süd,68024
75062026,Donaustauf,09375130,Raiffeisenbank Oberpfalz Süd (Gf P2),78024
75062026,Köfering,09375161,Raiffeisenbank Oberpfalz Süd,68024
75062026,Langquaid,09273141,Raiffeisenbank Oberpfalz Süd,68024
75062026,Mintraching,09375170,Raiffeisenbank Oberpfalz Süd,68024
75062026,Mötzing,09375171,Raiffeisenbank Oberpfalz Süd,68024
75062026,Neutraubling,09375174,Raiffeisenbank Oberpfalz Süd,68024
75062026,Obertraubling,09375179,Raiffeisenbank Oberpfalz Süd,68024
75062026,Pfakofen,09375182,Raiffeisenbank Oberpfalz Süd,68024
75062026,Pfatter,09375183,Raiffeisenbank Oberpfalz Süd,68024
75062026,Regensburg,09362000,Raiffeisenbank Oberpfalz Süd,68024
75062026,Riekofen,09375191,Raiffeisenbank Oberpfalz Süd,68024
75062026,Schierling,09375196,Raiffeisenbank Oberpfalz Süd,68024
75062026,Sünching,09375201,Raiffeisenbank Oberpfalz Süd,68024
75062026,Tegernheim,09375204,Raiffeisenbank Oberpfalz Süd,68024
75062026,Thalmassing,09375205,Raiffeisenbank Oberpfalz Süd,68024
75069014,Bad Abbach,09273116,Raiffeisenbank Kreis Kelheim,67141
75069014,Bad Abbach,09273116,Raiffeisenbank Kreis Kelheim (Gf P2),77141
75069015,Neustadt a.d.Donau,,Raiffeisenbank Bad Gögging -alt-,67144
75069015,Neustadt a.d.Donau,,Raiffeisenbank Bad Gögging (Gf P2),77144
75069020,Bruck i.d.OPf.,09376117,Raiffeisenbank Bruck -alt-,67149
75069020,Bruck i.d.OPf.,09376117,Raiffeisenbank Bruck (Gf P2),77149
75069038,Falkenstein,,Raiffeisenbank Falkenstein-Wörth,67176
75069038,Brennberg,09375120,Raiffeisenbank Falkenstein-Wörth,67176
75069038,Falkenstein,,Raiffeisenbank Falkenstein-Wörth (Gf P2),77176
75069038,Michelsneukirchen,09372142,Raiffeisenbank Falkenstein-Wörth,67176
75069038,Wald,,Raiffeisenbank Falkenstein-Wörth Zw Süssenbach,67176
75050000,Barbing,09375117,Sparkasse Regensburg,57210
75050000,Beratzhausen,09375118,Sparkasse Regensburg,57210
75050000,Bernhardswald,09375119,Sparkasse Regensburg,57210
75050000,Donaustauf,09375130,Sparkasse Regensburg,57210
75050000,Hagelstadt,09375143,Sparkasse Regensburg,57210
75050000,Hemau,09375148,Sparkasse Regensburg,57210
75050000,Kallmünz,09375156,Sparkasse Regensburg,57210
75050000,Laaber,09375162,Sparkasse Regensburg,57210
75050000,Lappersdorf,09375165,Sparkasse Regensburg,57210
75050000,Neutraubling,09375174,Sparkasse Regensburg,57210
75050000,Nittendorf,09375175,Sparkasse Regensburg,57210
75050000,Obertraubling,09375179,Sparkasse Regensburg,57210
75050000,Pentling,09375180,Sparkasse Regensburg,57210
75050000,Pettendorf,09375181,Sparkasse Regensburg,57210
75050000,Pfakofen,09375182,Sparkasse Regensburg,57210
75050000,Pfatter,09375183,Sparkasse Regensburg,57210
75050000,Pielenhofen,09375184,Sparkasse Regensburg,57210
75050000,Regenstauf,09375190,Sparkasse Regensburg,57210
75050000,Schierling,09375196,Sparkasse Regensburg,57210
75050000,Sinzing,09375199,Sparkasse Regensburg,57210
75050000,Sünching,09375201,Sparkasse Regensburg,57210
75050000,Tegernheim,09375204,Sparkasse Regensburg,57210
75050000,Thalmassing,09375205,Sparkasse Regensburg,57210
75050000,Wenzenbach,09375208,Sparkasse Regensburg,57210
75050000,Wiesent,09375209,Sparkasse Regensburg,57210
75050000,Wörth a.d.Donau,,Sparkasse Regensburg,57210
75050000,Zeitlarn,09375213,Sparkasse Regensburg,57210
75051040,Schwandorf,09376161,Sparkasse im Landkreis Schwandorf,57218
75051040,Bodenwöhr,09376116,Sparkasse im Landkreis Schwandorf,57218
75051040,Bruck i.d.OPf.,09376117,Sparkasse im Landkreis Schwandorf,57218
75051040,Burglengenfeld,09376119,Sparkasse im Landkreis Schwandorf,57218
75051040,Maxhütte-Haidhof,09376141,Sparkasse im Landkreis Schwandorf,57218
75051040,Nabburg,09376144,Sparkasse im Landkreis Schwandorf,57218
75051040,Neunburg vorm Wald,09376147,Sparkasse im Landkreis Schwandorf,57218
75051040,Nittenau,09376149,Sparkasse im Landkreis Schwandorf,57218
75051040,Oberviechtach,09376151,Sparkasse im Landkreis Schwandorf,57218
75051040,Pfreimd,09376153,Sparkasse im Landkreis Schwandorf,57218
75051040,Schwarzenfeld,09376163,Sparkasse im Landkreis Schwandorf,57218
75051040,Schönsee,09376160,Sparkasse im Landkreis Schwandorf,57218
75051040,Teublitz,09376170,Sparkasse im Landkreis Schwandorf,57218
75051040,Wackersdorf,09376175,Sparkasse im Landkreis Schwandorf,57218
75051040,Wernberg-Köblitz,09376150,Sparkasse im Landkreis Schwandorf,57218
75051565,Kelheim,09273137,Kreissparkasse Kelheim,57167
75051565,Abensberg,09273111,Kreissparkasse Kelheim,57167
75051565,Aiglsbach,09273113,Kreissparkasse Kelheim,57167
75051565,Altmannstein,09176112,Kreissparkasse Kelheim,57167
75051565,Au i.d.Hallertau,,Kreissparkasse Kelheim,57167
75051565,Bad Abbach,09273116,Kreissparkasse Kelheim,57167
75051565,Elsendorf,09273163,Kreissparkasse Kelheim,57167
75051565,Ihrlerstein,09273133,Kreissparkasse Kelheim,57167
74369130,Parkstetten,09278170,Raiffeisenbank (Gf P2),77314
74369130,Steinach,,Raiffeisenbank Parkstetten,67314
74369146,Rattiszell,09278179,Raiffeisenbank Rattiszell-Konzell,67342
74369146,Falkenfels,09278120,Raiffeisenbank Rattiszell-Konzell,67342
74369146,Haibach,,Raiffeisenbank Rattiszell-Konzell,67342
74369146,Konzell,09278143,Raiffeisenbank Rattiszell-Konzell,67342
74369146,Rattenberg,09278178,Raiffeisenbank Rattiszell-Konzell,67342
74369146,Rattiszell,09278179,Raiffeisenbank Rattiszell-Konzell (Gf P2),77342
74369146,Stallwang,09278189,Raiffeisenbank Rattiszell-Konzell,67342
74369146,Wiesenfelden,09278197,Raiffeisenbank Rattiszell-Konzell,67342
74369656,Essenbach,09274128,Raiffeisenbank Essenbach -alt-,67769
74369656,Ergoldsbach,09274127,Raiffeisenbank Essenbach,67769
74369656,Essenbach,09274128,Raiffeisenbank Essenbach (Gf P2),77769
74369656,Niederaichbach,09274156,Raiffeisenbank Essenbach,67769
74369662,Eching,,Raiffeisenbank Buch-Eching,67775
74369662,Buch a. Erlbach,,Raiffeisenbank Buch-Eching,67775
74369662,Eching,,Raiffeisenbank Buch-Eching (Gf P2),77775
74369662,Tiefenbach,,Raiffeisenbank Buch-Eching,67775
74369662,Vilsheim,09274185,Raiffeisenbank Buch-Eching,67775
74369704,Mengkofen,09279127,Raiffeisenbank Mengkofen-Loiching -alt-,67801
74369704,Loiching,09279124,Raiffeisenbank Mengkofen-Loiching,67801
74369704,Mengkofen,09279127,Raiffeisenbank Mengkofen-Loiching (Gf P2),77801
74369704,Niederviehbach,09279130,Raiffeisenbank Mengkofen-Loiching,67801
74380007,Landshut,09261000,Commerzbank vormals Dresdner Bank,28743
74390000,Landshut,09261000,VR-Bank Landshut,97015
74390000,Adlkofen,09274111,VR-Bank Landshut,97015
74390000,Landshut,09261000,VR-Bank Landshut (Gf P2),87015
74390000,Velden,,VR-Bank Landshut,97015
74391400,Eggenfelden,09277116,VR-Bank Rottal-Inn,97084
74391400,Eggenfelden,09277116,VR-Bank Rottal-Inn (Gf P2),87084
74392300,Vilsbiburg,09274184,VR-Bank Isar-Vils,97116
74392300,Aham,09274112,VR-Bank Isar-Vils,97116
74392300,Baierbach,09274118,VR-Bank Isar-Vils,97116
74392300,Bodenkirchen,09274120,VR-Bank Isar-Vils,97116
74392300,Geisenhausen,09274134,VR-Bank Isar-Vils,97116
74392300,Gerzen,09274135,VR-Bank Isar-Vils,97116
74392300,Kröning,09274145,VR-Bank Isar-Vils,97116
74392300,Landshut,09261000,VR-Bank Isar-Vils,97116
74392300,Vilsbiburg,09274184,VR-Bank Isar-Vils (Gf P2),87116
75000000,Regensburg,09362000,Bundesbank,20750
75020073,Regensburg,09362000,UniCredit Bank - HypoVereinsbank,22071
75020073,Hemau,09375148,UniCredit Bank - HypoVereinsbank,22071
75020073,Kelheim,09273137,UniCredit Bank - HypoVereinsbank,22071
75020073,Neustadt a.d.Donau,,UniCredit Bank - HypoVereinsbank,22071
75020073,Neutraubling,09375174,UniCredit Bank - HypoVereinsbank,22071
75020073,Regenstauf,09375190,UniCredit Bank - HypoVereinsbank,22071
75021174,Schwandorf,09376161,UniCredit Bank - HypoVereinsbank,22080
75040062,Regensburg,09362000,Commerzbank Regensburg,24750
75050000,Regensburg,09362000,Sparkasse Regensburg,57210
75050000,Alteglofsheim,09375113,Sparkasse Regensburg,57210
74350000,Wörth a.d.Isar,09274191,Sparkasse Landshut,57168
74351430,Eggenfelden,09277116,Sparkasse Rottal-Inn,57213
74351430,Arnstorf,09277111,Sparkasse Rottal-Inn,57213
74351430,Bad Birnbach,09277113,Sparkasse Rottal-Inn,57213
74351430,Egglham,09277117,Sparkasse Rottal-Inn,57213
74351430,Falkenberg,,Sparkasse Rottal-Inn,57213
74351430,Gangkofen,09277121,Sparkasse Rottal-Inn,57213
74351430,Johanniskirchen,09277126,Sparkasse Rottal-Inn,57213
74351430,Kirchdorf a. Inn,,Sparkasse Rottal-Inn,57213
74351430,Massing,09277133,Sparkasse Rottal-Inn,57213
74351430,Mitterskirchen,09277134,Sparkasse Rottal-Inn,57213
74351430,Pfarrkirchen,09277138,Sparkasse Rottal-Inn,57213
74351430,Roßbach,,Sparkasse Rottal-Inn,57213
74351430,Schönau,,Sparkasse Rottal-Inn,57213
74351430,Simbach,,Sparkasse Rottal-Inn,57213
74351430,Simbach a. Inn,,Sparkasse Rottal-Inn,57213
74351430,Tann,09277148,Sparkasse Rottal-Inn,57213
74351430,Triftern,09277149,Sparkasse Rottal-Inn,57213
74351430,Wurmannsquick,09277153,Sparkasse Rottal-Inn,57213
74351740,Moosburg a.d.Isar,,Stadt- und Kreissparkasse Moosburg -alt-,57177
74361211,Arnstorf,09277111,Raiffeisenbank Arnstorf,67050
74361211,Arnstorf,09277111,Raiffeisenbank Arnstorf (Gf P2),77050
74361211,Malgersdorf,09277131,Raiffeisenbank Arnstorf,67050
74361211,Osterhofen,09271141,Raiffeisenbank Arnstorf,67050
74361211,Roßbach,,Raiffeisenbank Arnstorf,67050
74361211,Simbach,,Raiffeisenbank Arnstorf,67050
74362663,Ergolding,09274126,Raiffeisenbank Landshuter Land,68031
74362663,Altdorf,,Raiffeisenbank Landshuter Land,68031
74362663,Bruckberg,,Raiffeisenbank Landshuter Land,68031
74362663,Ergolding,09274126,Raiffeisenbank Landshuter Land (Gf P2),78031
74362663,Furth,09274132,Raiffeisenbank Landshuter Land,68031
74362663,Gammelsdorf,09178125,Raiffeisenbank Landshuter Land,68031
74362663,Landshut,09261000,Raiffeisenbank Landshuter Land,68031
74364689,Pfeffenhausen,09274172,Raiffeisenbank Pfeffenhausen-Rottenburg-Wildenberg -alt-,68107
74364689,Hohenthann,09274141,Raiffeisenbank Pfeffenhausen-Rottenburg-Wildenberg,68107
74364689,Pfeffenhausen,09274172,Raiffeisenbank Pfeffenhausen-Rottenburg-Wildenberg (Gf P2),78107
74364689,Rottenburg a.d.Laaber,,Raiffeisenbank Pfeffenhausen-Rottenburg-Wildenberg,68107
74364689,Weihmichl,09274187,Raiffeisenbank Pfeffenhausen-Rottenburg-Wildenberg,68107
74364689,Wildenberg,09273181,Raiffeisenbank Pfeffenhausen-Rottenburg Wildenberg,68107
74369068,Laberweinting,09278144,Raiffeisenbank Hofkirchen-Bayerbach,67220
74369068,Bayerbach b. Ergoldsbach,,Raiffeisenbank Hofkirchen-Bayerbach,67220
74369068,Laberweinting,09278144,Raiffeisenbank Hofkirchen-Bayerbach (Gf P2),77220
74369088,Geiselhöring,09278123,Raiffeisenbank Geiselhöring-Pfaffenberg,67247
74369088,Geiselhöring,09278123,Raiffeisenbank Geiselhöring-Pfaffenberg (Gf P2),77247
74369088,Laberweinting,09278144,Raiffeisenbank Geiselhöring-Pfaffenberg,67247
74369088,Mallersdorf-Pfaffenberg,09278148,Raiffeisenbank Geiselhöring-Pfaffenberg,67247
74369088,Neufahrn i.NB,,Raiffeisenbank Geiselhöring-Pfaffenberg,67247
74369130,Parkstetten,09278170,Raiffeisenbank Parkstetten,67314
74369130,Bogen,09278118,Raiffeisenbank Parkstetten,67314
74369130,Mitterfels,09278151,Raiffeisenbank Parkstetten,67314
74261024,Traitsching,09372164,Raiffeisenbank Chamer Land,67042
74261024,Walderbach,09372170,Raiffeisenbank Chamer Land,67042
74261024,Waldmünchen,09372171,Raiffeisenbank Chamer Land,67042
74290000,Straubing,09263000,VR-Bank Ostbayern-Mitte,97014
74290000,Bad Kötzting,09372137,VR-Bank Ostbayern-Mitte,97014
74290000,Bogen,09278118,VR-Bank Ostbayern-Mitte,97014
74290000,Cham,09372116,VR-Bank Ostbayern-Mitte,97014
74290000,Dingolfing,09279112,VR-Bank Ostbayern-Mitte,97014
74290000,Frontenhausen,09279115,VR-Bank Ostbayern-Mitte,97014
74290000,Furth im Wald,09372126,VR-Bank Ostbayern-Mitte,97014
74290000,Lam,09372138,VR-Bank Ostbayern-Mitte,97014
74290000,Mitterfels,09278151,VR-Bank Ostbayern-Mitte,97014
74290000,Neufahrn i.NB,,VR-Bank Ostbayern-Mitte,97014
74290000,Neunburg vorm Wald,09376147,VR-Bank Ostbayern-Mitte,97014
74290000,Reisbach,09279134,VR-Bank Ostbayern-Mitte,97014
74290000,Roding,09372153,VR-Bank Ostbayern-Mitte,97014
74290000,Sankt Englmar,09278184,VR-Bank Ostbayern-Mitte,97014
74290000,Schwarzach,,VR-Bank Ostbayern-Mitte,97014
74290000,Straubing,09263000,VR-Bank Ostbayern-Mitte (Gf P2),87014
74290000,Straßkirchen,09278192,VR-Bank Ostbayern-Mitte,97014
74290000,Wörth a.d.Donau,,VR-Bank Ostbayern-Mitte,97014
74290100,Straubing,09263000,CB Bank,
74320073,Landshut,09261000,UniCredit Bank - HypoVereinsbank,22048
74320073,Moosburg a.d.Isar,,UniCredit Bank - HypoVereinsbank,22048
74320073,Vilsbiburg,09274184,UniCredit Bank - HypoVereinsbank,22048
74340077,Landshut,09261000,Commerzbank,24751
74350000,Landshut,09261000,Sparkasse Landshut,57168
74350000,Adlkofen,09274111,Sparkasse Landshut,57168
74350000,Altdorf,,Sparkasse Landshut,57168
74350000,Altfraunhofen,09274114,Sparkasse Landshut,57168
74350000,Bayerbach b. Ergoldsbach,,Sparkasse Landshut,57168
74350000,Buch a. Erlbach,,Sparkasse Landshut,57168
74350000,Ergolding,09274126,Sparkasse Landshut,57168
74350000,Ergoldsbach,09274127,Sparkasse Landshut,57168
74350000,Essenbach,09274128,Sparkasse Landshut,57168
74350000,Frontenhausen,09279115,Sparkasse Landshut,57168
74350000,Furth,09274132,Sparkasse Landshut,57168
74350000,Geiselhöring,09278123,Sparkasse Landshut,57168
74350000,Geisenhausen,09274134,Sparkasse Landshut,57168
74350000,Gerzen,09274135,Sparkasse Landshut,57168
74350000,Hohenthann,09274141,Sparkasse Landshut,57168
74350000,Laberweinting,09278144,Sparkasse Landshut,57168
74350000,Langquaid,09273141,Sparkasse Landshut,57168
74350000,Mallersdorf-Pfaffenberg,09278148,Sparkasse Landshut,57168
74350000,Neufahrn i.NB,,Sparkasse Landshut,57168
74350000,Pfeffenhausen,09274172,Sparkasse Landshut,57168
74350000,Rohr i. NB,,Sparkasse Landshut,57168
74350000,Rottenburg a.d.Laaber,,Sparkasse Landshut,57168
74350000,Velden,,Sparkasse Landshut,57168
74350000,Vilsbiburg,09274184,Sparkasse Landshut,57168
74250000,Mitterfels,09278151,Sparkasse Niederbayern-Mitte,57296
74250000,Moosthenning,09279128,Sparkasse Niederbayern-Mitte,57296
74250000,Neukirchen,,Sparkasse Niederbayern-Mitte,57296
74250000,Niederviehbach,09279130,Sparkasse Niederbayern-Mitte,57296
74250000,Niederwinkling,09278159,Sparkasse Niederbayern-Mitte,57296
74250000,Oberschneiding,09278167,Sparkasse Niederbayern-Mitte,57296
74250000,Parkstetten,09278170,Sparkasse Niederbayern-Mitte,57296
74250000,Pilsting,09279132,Sparkasse Niederbayern-Mitte,57296
74250000,Rain,,Sparkasse Niederbayern-Mitte,57296
74250000,Rattenberg,09278178,Sparkasse Niederbayern-Mitte,57296
74250000,Reisbach,09279134,Sparkasse Niederbayern-Mitte,57296
74250000,Salching,09278182,Sparkasse Niederbayern-Mitte,57296
74250000,Sankt Englmar,09278184,Sparkasse Niederbayern-Mitte,57296
74250000,Schwarzach,,Sparkasse Niederbayern-Mitte,57296
74250000,Stallwang,09278189,Sparkasse Niederbayern-Mitte,57296
74250000,Steinach,,Sparkasse Niederbayern-Mitte,57296
74250000,Straßkirchen,09278192,Sparkasse Niederbayern-Mitte,57296
74250000,Wallersdorf,09279137,Sparkasse Niederbayern-Mitte,57296
74250000,Wiesenfelden,09278197,Sparkasse Niederbayern-Mitte,57296
74251020,Cham,09372116,Sparkasse im Landkreis Cham,57274
74251020,Arnschwang,09372112,Sparkasse im Landkreis Cham,57274
74251020,Bad Kötzting,09372137,Sparkasse im Landkreis Cham,57274
74251020,Eschlkam,09372124,Sparkasse im Landkreis Cham,57274
74251020,Falkenstein,,Sparkasse im Landkreis Cham,57274
74251020,Furth im Wald,09372126,Sparkasse im Landkreis Cham,57274
74251020,Hohenwarth,09372135,Sparkasse im Landkreis Cham,57274
74251020,Lam,09372138,Sparkasse im Landkreis Cham,57274
74251020,Miltach,09372143,Sparkasse im Landkreis Cham,57274
74251020,Neukirchen b.Hl.Blut,,Sparkasse im Landkreis Cham,57274
74251020,Roding,09372153,Sparkasse im Landkreis Cham,57274
74251020,Rötz,09372154,Sparkasse im Landkreis Cham,57274
74251020,Schorndorf,,Sparkasse im Landkreis Cham,57274
74251020,Stamsried,09372161,Sparkasse im Landkreis Cham,57274
74251020,Tiefenbach,,Sparkasse im Landkreis Cham,57274
74251020,Traitsching,09372164,Sparkasse im Landkreis Cham,57274
74251020,Wald,,Sparkasse im Landkreis Cham,57274
74251020,Walderbach,09372170,Sparkasse im Landkreis Cham,57274
74251020,Waldmünchen,09372171,Sparkasse im Landkreis Cham,57274
74260110,Straubing,09263000,Raiffeisenbank Straubing,67230
74260110,Hunderdorf,09278139,Raiffeisenbank Straubing,67230
74260110,Kirchroth,09278141,Raiffeisenbank Straubing,67230
74260110,Rain,,Raiffeisenbank Straubing,67230
74260110,Straubing,09263000,Raiffeisenbank Straubing (Gf P2),77230
74261024,Cham,09372116,Raiffeisenbank Chamer Land,67042
74261024,Cham,09372116,Raiffeisenbank Chamer Land (Gf P2),77042
74261024,Furth im Wald,09372126,Raiffeisenbank Chamer Land,67042
74261024,Roding,09372153,Raiffeisenbank Chamer Land,67042
74261024,Rötz,09372154,Raiffeisenbank Chamer Land,67042
74261024,Schorndorf,,Raiffeisenbank Chamer Land,67042
74261024,Stamsried,09372161,Raiffeisenbank Chamer Land,67042
74165013,Auerbach,,Raiffeisenbank Sonnenwald (Gf P2),78066
74180009,Deggendorf,09271119,Commerzbank vormals Dresdner Bank,28741
74190000,Viechtach,09276144,VR GenoBank DonauWald,97013
74190000,Bischofsmais,09276116,VR GenoBank DonauWald,97013
74190000,Bodenmais,09276117,VR GenoBank DonauWald,97013
74190000,Deggendorf,09271119,VR GenoBank DonauWald,97013
74190000,Drachselsried,09276120,VR GenoBank DonauWald,97013
74190000,Geiersthal,09276122,VR GenoBank DonauWald,97013
74190000,Grafenau,,VR GenoBank DonauWald,97013
74190000,Hengersberg,09271125,VR GenoBank DonauWald,97013
74190000,Kirchberg i. Wald,,VR GenoBank DonauWald,97013
74190000,Metten,09271132,VR GenoBank DonauWald,97013
74190000,Ruhmannsfelden,09276142,VR GenoBank DonauWald,97013
74190000,Schöllnach,09271149,VR GenoBank DonauWald,97013
74190000,Spiegelau,09272149,VR GenoBank DonauWald,97013
74190000,Viechtach,09276144,VR GenoBank DonauWald (Gf P2),87013
74190000,Zwiesel,09276148,VR GenoBank DonauWald,97013
74191000,Landau a.d.Isar,,VR-Bank Landau-Mengkofen,97071
74191000,Eichendorf,09279113,VR-Bank Landau-Mengkofen,97071
74191000,Gottfrieding,09279116,VR-Bank Landau,97071
74191000,Landau a.d.Isar,,VR-Bank Landau-Mengkofen (Gf P2),87071
74191000,Mamming,09279125,VR-Bank Landau-Mengkofen,97071
74191000,Moosthenning,09279128,VR-Bank Landau-Mengkofen,97071
74191000,Oberschneiding,09278167,VR-Bank Landau-Mengkofen,97071
74191000,Pilsting,09279132,VR-Bank Landau-Mengkofen,97071
74191000,Simbach,,VR-Bank Landau-Mengkofen,97071
74191000,Straßkirchen,09278192,VR-Bank Landau-Mengkofen,97071
74191000,Wallersdorf,09279137,VR-Bank Landau-Mengkofen,97071
74220075,Straubing,09263000,UniCredit Bank - HypoVereinsbank,22085
74221170,Cham,09372116,UniCredit Bank - HypoVereinsbank,22019
74240062,Straubing,09263000,Commerzbank Straubing,24753
74250000,Straubing,09263000,Sparkasse Niederbayern-Mitte,57296
74250000,Aiterhofen,09278113,Sparkasse Niederbayern-Mitte,57296
74250000,Ascha,09278116,Sparkasse Niederbayern-Mitte,57296
74250000,Atting,09278117,Sparkasse Niederbayern-Mitte,57296
74250000,Bernried,09271116,Sparkasse Niederbayern-Mitte,57296
74250000,Bogen,09278118,Sparkasse Niederbayern-Mitte,57296
74250000,Dingolfing,09279112,Sparkasse Niederbayern-Mitte,57196
74250000,Eichendorf,09279113,Sparkasse Niederbayern-Mitte,57296
74250000,Haibach,,Sparkasse Niederbayern-Mitte,57296
74250000,Hunderdorf,09278139,Sparkasse Niederbayern-Mitte,57296
74250000,Kirchroth,09278141,Sparkasse Niederbayern-Mitte,57296
74250000,Konzell,09278143,Sparkasse Niederbayern-Mitte,57296
74250000,Landau a.d.Isar,,Sparkasse Niederbayern-Mitte,57296
74250000,Leiblfing,09278146,Sparkasse Niederbayern-Mitte,57296
74250000,Loiching,09279124,Sparkasse Niederbayern-Mitte,57296
74250000,Mamming,09279125,Sparkasse Niederbayern-Mitte,57296
74250000,Mariaposching,09278149,Sparkasse Niederbayern-Mitte,57296
74250000,Marklkofen,09279126,Sparkasse Niederbayern-Mitte,57296
74250000,Mengkofen,09279127,Sparkasse Niederbayern-Mitte,57296
74067000,Kirchham,09275130,Rottaler Raiffeisenbank,68070
74067000,Pocking,09275141,Rottaler Raiffeisenbank (Gf P2),78070
74067000,Rotthalmünster,09275143,Rottaler Raiffeisenbank,68070
74067000,Ruhstorf a.d.Rott,09275145,Rottaler Raiffeisenbank,68070
74067000,Tettenweis,09275149,Rottaler Raiffeisenbank,68070
74069744,Grainet,09272121,Raiffeisenbank,67833
74069744,Grainet,09272121,Raiffeisenbank (Gf P2),77833
74069752,Hohenau,09272127,Raiffeisenbank Hohenau-Mauth -alt-,67844
74069752,Hohenau,09272127,Raiffeisenbank (Gf P2),77844
74069758,Tiefenbach,,Raiffeisenbank Kirchberg v. Wald -alt-,67855
74069758,Tiefenbach,,Raiffeisenbank Kirchberg v. Wald (Gf P2),77855
74069768,Neureichenau,09272136,Raiffeisenbank am Dreisessel -alt-,67869
74069768,Haidmühle,09272122,Raiffeisenbank am Dreisessel,67869
74069768,Jandelsbrunn,09272129,Raiffeisenbank am Dreisessel,67869
74069768,Neureichenau,09272136,Raiffeisenbank am Dreisessel (Gf P2),77869
74090000,Passau,09262000,VR-Bank Passau,97012
74090000,Bad Füssing,09275116,VR-Bank Passau,97012
74090000,Freyung,09272118,VR-Bank Passau,97012
74090000,Fürstenzell,09275122,VR-Bank Passau,97012
74090000,Hauzenberg,09275126,VR-Bank Passau,97012
74090000,Hinterschmiding,09272126,VR-Bank Passau,97012
74090000,Hohenau,09272127,VR-Bank Passau,97012
74090000,Mauth,09272134,VR-Bank Passau,97012
74090000,Neuburg a.Inn,,VR-Bank Passau,97012
74090000,Obernzell,09275137,VR-Bank Passau,97012
74090000,Passau,09262000,VR-Bank Passau (Gf P2),87012
74090000,Pocking,09275141,VR-Bank Passau,97012
74090000,Salzweg,09275146,VR-Bank Passau,97012
74090000,Sonnen,09275148,VR-Bank Passau,97012
74090000,Thyrnau,09275150,VR-Bank Passau,97012
74090000,Untergriesbach,09275153,VR-Bank Passau,97012
74120071,Deggendorf,09271119,UniCredit Bank - HypoVereinsbank,22022
74131000,Landau a.d.Isar,,TEBA Kreditbank,
74140048,Deggendorf,09271119,Commerzbank,24755
74150000,Deggendorf,09271119,Sparkasse Deggendorf,57234
74150000,Aholming,09271111,Sparkasse Deggendorf,57234
74150000,Bernried,09271116,Sparkasse Deggendorf,57234
74150000,Grafling,09271122,Sparkasse Deggendorf,57234
74150000,Hengersberg,09271125,Sparkasse Deggendorf,57234
74150000,Iggensbach,09271127,Sparkasse Deggendorf,57234
74150000,Künzing,09271128,Sparkasse Deggendorf,57234
74150000,Lalling,09271130,Sparkasse Deggendorf,57234
74150000,Metten,09271132,Sparkasse Deggendorf,57234
74150000,Moos,,Sparkasse Deggendorf,57234
74150000,Niederalteich,09271138,Sparkasse Deggendorf,57234
74150000,Offenberg,09271140,Sparkasse Deggendorf,57234
74150000,Osterhofen,09271141,Sparkasse Deggendorf,57234
74150000,Otzing,09271143,Sparkasse Deggendorf,57234
74150000,Plattling,09271146,Sparkasse Deggendorf,57234
74150000,Schöllnach,09271149,Sparkasse Deggendorf,57234
74061813,Postmünster,09277139,VR-Bank Rottal-Inn,67078
74061813,Rotthalmünster,09275143,VR-Bank Rottal-Inn,67078
74061813,Schönau,,VR-Bank Rottal-Inn,67078
74061813,Simbach,,VR-Bank Rottal-Inn,67078
74061813,Simbach a. Inn,,VR-Bank Rottal-Inn,67078
74061813,Tann,09277148,VR-Bank Rottal-Inn,67078
74061813,Triftern,09277149,VR-Bank Rottal-Inn,67078
74061813,Unterdietfurt,09277151,VR-Bank Rottal-Inn,67078
74061813,Wittibreut,09277152,VR-Bank Rottal-Inn,67078
74061813,Wurmannsquick,09277153,VR-Bank Rottal-Inn,67078
74061814,Pfarrkirchen,09277138,VR-Bank Rottal-Inn Gf GAA,
74062490,Pocking,09275141,VR-Bank Vilshofen-Pocking,68012
74062490,Aidenbach,09275112,VR-Bank Vilshofen-Pocking,68012
74062490,Aldersbach,09275114,VR-Bank Vilshofen-Pocking,68012
74062490,Bad Griesbach i.Rottal,09275124,VR-Bank Vilshofen-Pocking,68012
74062490,Eging a.See,09275120,VR-Bank Vilshofen-Pocking,68012
74062490,Haarbach,09275125,VR-Bank Vilshofen-Pocking,68012
74062490,Hofkirchen,09275127,VR-Bank Vilshofen-Pocking,68012
74062490,Ortenburg,09275138,VR-Bank Vilshofen-Pocking,68012
74062490,Osterhofen,09271141,VR-Bank Vilshofen-Pocking,68012
74062490,Pocking,09275141,VR-Bank Vilshofen-Pocking (GF P2),78012
74062490,Schöllnach,09271149,VR-Bank Vilshofen-Pocking,68012
74062490,Windorf,09275159,VR-Bank Vilshofen-Pocking,68012
74062786,Tiefenbach,,Raiffeisenbank i Lkr Passau-Nord,68036
74062786,Büchlberg,09275119,Raiffeisenbank i Lkr Passau-Nord,68036
74062786,Fürstenstein,09275121,Raiffeisenbank i Lkr Passau-Nord,68036
74062786,Hutthurm,09275128,Raiffeisenbank i Lkr Passau-Nord,68036
74062786,Neukirchen vorm Wald,09275135,Raiffeisenbank i Lkr Passau-Nord,68036
74062786,Passau,09262000,Raiffeisenbank i Lkr Passau-Nord,68036
74062786,Ruderting,09275144,Raiffeisenbank i Lkr Passau-Nord,68036
74062786,Thurmansbang,09272150,Raiffeisenbank i Lkr Passau-Nord,68036
74062786,Tiefenbach,,Raiffeisenbank i Lkr Passau-Nord (Gf P2),78036
74062786,Tittling,09275152,Raiffeisenbank i Lkr Passau-Nord,68036
74064593,Wegscheid,09275156,Raiffeisenbank,68004
74064593,Breitenberg,,Raiffeisenbank Wegscheid,68004
74064593,Wegscheid,09275156,Raiffeisenbank (Gf P2),78004
74065782,Salzweg,09275146,Raiffeisenbank Salzweg-Thyrnau -alt-,67999
74065782,Salzweg,09275146,Raiffeisenbank Salzweg-Thyrnau (Gf P2),77999
74066749,Hauzenberg,09275126,Raiffeisenbank Südl. Bayerischer Wald -alt-,68033
74066749,Hauzenberg,09275126,Raiffeisenbank Südl. Bayerischer Wald (Gf P2),78033
74066749,Obernzell,09275137,Raiffeisenbank Südl. Bayerischer Wald,68033
74066749,Passau,09262000,Raiffeisenbank Südl. Bayerischer Wald,68033
74066749,Salzweg,09275146,Raiffeisenbank Südl. Bayerischer Wald,68033
74066749,Sonnen,09275148,Raiffeisenbank Südl. Bayerischer Wald,68033
74066749,Thyrnau,09275150,Raiffeisenbank Südl. Bayerischer Wald,68033
74066749,Untergriesbach,09275153,Raiffeisenbank Südl. Bayerischer Wald,68033
74067000,Pocking,09275141,Rottaler Raiffeisenbank -alt-,68070
74067000,Bad Füssing,09275116,Rottaler Raiffeisenbank,68070
74067000,Bad Griesbach i.Rottal,09275124,Rottaler Raiffeisenbank,68070
74067000,Bayerbach,09277112,Rottaler Raiffeisenbank,68070
73369954,Wald,,Raiffeisenbank Wald-Görisried (Gf P2),77988
73370008,Kempten (Allgäu),09763000,Deutsche Bank,27225
73370008,Geretsried,09173126,Deutsche Bank,27225
73370008,Kaufbeuren,09762000,Deutsche Bank,27225
73370008,Marktoberdorf,09777151,Deutsche Bank,27225
73370008,Memmingen,09764000,Deutsche Bank,27225
73370008,Sonthofen,09780139,Deutsche Bank,27225
73370024,Kempten (Allgäu),09763000,Deutsche Bank,21225
73370024,Geretsried,09173126,Deutsche Bank,21225
73370024,Kaufbeuren,09762000,Deutsche Bank,21225
73370024,Marktoberdorf,09777151,Deutsche Bank,21225
73370024,Memmingen,09764000,Deutsche Bank,21225
73370024,Sonthofen,09780139,Deutsche Bank,21225
73380004,Kempten (Allgäu),09763000,Commerzbank vormals Dresdner Bank,28733
73390000,Kempten (Allgäu),09763000,Allgäuer Volksbank Kempten-Sonthofen,97011
73390000,Kempten (Allgäu),09763000,Allgäuer Volksbank Kempten-Sonthofen (Gf P2),87011
73390000,Oberstdorf,09780133,Allgäuer Volksbank Kempten-Sonthofen Zw,97011
73390000,Sonthofen,09780139,Allgäuer Volksbank Kempten-Sonthofen,97011
73392000,Immenstadt i. Allgäu,,Volksbank Immenstadt,97110
73392000,Immenstadt i. Allgäu,,Volksbank Immenstadt (Gf P2),87110
73420071,Kaufbeuren,09762000,UniCredit Bank - HypoVereinsbank,22042
73420071,Marktoberdorf,09777151,UniCredit Bank - HypoVereinsbank,22042
73421478,Schongau,09190148,UniCredit Bank - HypoVereinsbank,22078
73440048,Kaufbeuren,09762000,Commerzbank,24747
73450000,Kaufbeuren,09762000,Kreis- und Stadtsparkasse Kaufbeuren -alt-,57129
73451450,Weilheim i. OB,,Kreissparkasse Schongau -alt-,57158
73480013,Kaufbeuren,09762000,Commerzbank vormals Dresdner Bank,28734
74020074,Passau,09262000,UniCredit Bank - HypoVereinsbank,22068
74020074,Pocking,09275141,UniCredit Bank - HypoVereinsbank,22068
74020074,Vilshofen an der Donau,09275154,UniCredit Bank - HypoVereinsbank,22068
74020100,München,09162000,Raiffeisenlandesbank OÖ Zndl Süddeutschland,29100
74020150,München,09162000,Raiffeisenlandesbank OÖ Zndl Südde - für interne Zwecke,
74040082,Passau,09262000,Commerzbank Passau,24752
74050000,Passau,09262000,Sparkasse Passau,57293
74050000,Aldersbach,09275114,Sparkasse Passau,57293
74050000,Bad Füssing,09275116,Sparkasse Passau,57293
74050000,Bad Griesbach i.Rottal,09275124,Sparkasse Passau,57293
74050000,Eging a.See,09275120,Sparkasse Passau,57293
74050000,Fürstenstein,09275121,Sparkasse Passau,57293
74050000,Fürstenzell,09275122,Sparkasse Passau,57293
74050000,Hauzenberg,09275126,Sparkasse Passau,57293
74050000,Hutthurm,09275128,Sparkasse Passau,57293
74050000,Neuhaus a.Inn,,Sparkasse Passau,57293
74050000,Obernzell,09275137,Sparkasse Passau,57293
74050000,Ortenburg,09275138,Sparkasse Passau,57293
74050000,Pocking,09275141,Sparkasse Passau,57293
74050000,Rotthalmünster,09275143,Sparkasse Passau,57293
74050000,Ruderting,09275144,Sparkasse Passau,57293
74050000,Ruhstorf a.d.Rott,09275145,Sparkasse Passau,57293
74050000,Salzweg,09275146,Sparkasse Passau,57293
73369823,Weiler-Simmerberg,09776129,Raiffeisenbank Westallgäu,67908
73369826,Lindenberg i. Allgäu,,Volksbank,67912
73369826,Hergatz,09776131,Volksbank Lindenberg,67912
73369826,Hergensweiler,09776115,Volksbank Lindenberg,67912
73369826,Lindenberg i. Allgäu,,Volksbank (Gf P2),77912
73369826,Opfenbach,09776122,Volksbank Lindenberg,67912
73369826,Scheidegg,09776125,Volksbank Lindenberg,67912
73369851,Aitrang,09777111,Raiffeisenbank Aitrang-Ruderatshofen,67929
73369851,Aitrang,09777111,Raiffeisenbank Aitrang-Ruderatshofen (Gf P2),77929
73369851,Ruderatshofen,09777167,Raiffeisenbank Aitrang-Ruderatshofen,67929
73369854,Fuchstal,09181121,Raiffeisenbank Fuchstal-Denklingen -alt-,67932
73369854,Fuchstal,09181121,Raiffeisenbank Fuchstal-Denklingen (Gf P2),77932
73369859,Bidingen,09777118,Raiffeisenbank Bidingen,67936
73369859,Bidingen,09777118,Raiffeisenbank Bidingen (Gf P2),77936
73369871,Eggenthal,09777124,Raiffeisenbank Baisweil-Eggenthal-Friesenried,67943
73369871,Baisweil,09777114,Raiffeisenbank Baisweil-Eggenthal-Friesenried,67943
73369871,Eggenthal,09777124,Raiffeisenbank Baisweil-Eggenthal-Friesenried (Gf P2),77943
73369871,Friesenried,09777128,Raiffeisenbank Baisweil-Eggenthal-Friesenried,67943
73369902,Kempten (Allgäu),09763000,Raiffeisenbank Kempten -alt-,67966
73369902,Kempten (Allgäu),09763000,Raiffeisenbank (Gf P2),77966
73369918,Pforzen,09777158,Raiffeisenbank Kirchweihtal,67974
73369918,Germaringen,09777130,Raiffeisenbank Kirchweihtal,67974
73369918,Kaltental,09777141,Raiffeisenbank Kirchweihtal,67974
73369918,Oberostendorf,09777155,Raiffeisenbank Kirchweihtal,67974
73369918,Pforzen,09777158,Raiffeisenbank Kirchweihtal (Gf P2),77974
73369918,Waal,09777177,Raiffeisenbank Kirchweihtal,67974
73369920,Kempten (Allgäu),09763000,VR Bank Kempten-Oberallgäu,67975
73369920,Bad Hindelang,09780123,VR Bank Kempten-Oberallgäu,67975
73369920,Blaichach,09780115,VR Bank Kempten-Oberallgäu,67975
73369920,Buchenberg,09780117,VR Bank Kempten-Oberallgäu,67975
73369920,Fischen i. Allgäu,,VR Bank Kempten-Oberallgäu,67975
73369920,Immenstadt i. Allgäu,,VR Bank Kempten-Oberallgäu,67975
73369920,Kempten (Allgäu),09763000,VR Bank Kempten-Oberallgäu,67975
73369920,Oberstdorf,09780133,VR Bank Kempten-Oberallgäu,67975
73369920,Rettenberg,09780137,VR Bank Kempten-Oberallgäu,67975
73369920,Sonthofen,09780139,VR Bank Kempten-Oberallgäu (Gf P2),77975
73369920,Waltenhofen,09780143,VR Bank Kempten-Oberallgäu,67975
73369920,Wiggensbach,09780146,VR Bank Kempten-Oberallgäu,67975
73369920,Wildpoldsried,09780147,VR Bank Kempten-Oberallgäu,67975
73369933,Seeg,09777170,Raiffeisenbank Südliches Ostallgäu,67979
73369933,Halblech,09777173,Raiffeisenbank Südliches Ostallgäu,67979
73369933,Lengenwang,09777149,Raiffeisenbank Südliches Ostallgäu,67979
73369933,Marktoberdorf,09777151,Raiffeisenbank Südliches Ostallgäu,67979
73369933,Roßhaupten,09777166,Raiffeisenbank Südliches Ostallgäu,67979
73369933,Rückholz,09777168,Raiffeisenbank Südliches Ostallgäu,67979
73369933,Seeg,09777170,Raiffeisenbank Südliches Ostallgäu (Gf P2),77979
73369933,Stötten a. Auerberg,,Raiffeisenbank Südliches Ostallgäu,67979
73369936,Seeg,09777170,Raiffeisenbank Seeg -alt-,67980
73369954,Wald,,Raiffeisenbank Wald-Görisried,67988
73369954,Görisried,09777131,Raiffeisenbank Wald-Görisried,67988
73150000,Trunkelsberg,09778202,Sparkasse Schwaben-Bodensee,57119
73150000,Tussenhausen,09778204,Sparkasse Schwaben-Bodensee,57119
73150000,Türkheim,09778203,Sparkasse Schwaben-Bodensee,57119
73150000,Wasserburg (Bodensee),09776128,Sparkasse Schwaben-Bodensee,57119
73150000,Weiler-Simmerberg,09776129,Sparkasse Schwaben-Bodensee,57119
73150000,Wolfertschwenden,09778218,Sparkasse Schwaben-Bodensee,57119
73160000,Mindelheim,09778173,Genossenschaftsbank Unterallgäu,68127
73160000,Bad Wörishofen,09778116,Genossenschaftsbank Unterallgäu,68127
73160000,Dirlewang,09778127,Genossenschaftsbank Unterallgäu,68127
73160000,Ettringen,,Genossenschaftsbank Unterallgäu,68127
73160000,Hawangen,09778149,Genossenschaftsbank Unterallgäu,68127
73160000,Kirchheim i.Schw.,,Genossenschaftsbank Unterallgäu,68127
73160000,Markt Rettenbach,09778168,Genossenschaftsbank Unterallgäu,68127
73160000,Markt Wald,09778169,Genossenschaftsbank Unterallgäu,68127
73160000,Mindelheim,09778173,Genossenschaftsbank Unterallgäu (Gf P2),78127
73160000,Ottobeuren,09778186,Genossenschaftsbank Unterallgäu,68127
73160000,Sontheim,09778196,Genossenschaftsbank Unterallgäu,68127
73160000,Stetten,,Genossenschaftsbank Unterallgäu,68127
73160000,Ungerhausen,09778205,Genossenschaftsbank Unterallgäu,68127
73180011,Memmingen,09764000,Commerzbank vormals Dresdner Bank,28731
73190000,Memmingen,09764000,VR-Bank Memmingen,97010
73190000,Heimertingen,09778150,VR-Bank Memmingen,97010
73190000,Legau,09778165,VR-Bank Memmingen,97010
73190000,Memmingen,09764000,VR-Bank Memmingen (Gf P2),87010
73190000,Memmingerberg,09778171,VR-Bank Memmingen,97010
73190000,Mindelheim,09778173,VR-Bank Memmingen,97010
73320073,Kempten (Allgäu),09763000,UniCredit Bank - HypoVereinsbank,22043
73320073,Füssen,09777129,UniCredit Bank - HypoVereinsbank,22043
73321177,Oberstdorf,09780133,UniCredit Bank - HypoVereinsbank,22066
73322380,Sonthofen,09780139,UniCredit Bank - HypoVereinsbank,22083
73331700,Obergünzburg,09777154,Gabler-Saliter Bankgeschäft,99086
73331700,Babenhausen,,Gabler Saliter Bankgeschäft,99086
73331700,Kempten (Allgäu),09763000,Gabler Saliter Bankgeschäft,99086
73331700,Obergünzburg,09777154,Gabler Saliter Bankgeschäft (GF P2),26125
73331700,Obergünzburg,09777154,Gabler Saliter Bankgeschäft (GF P3),89086
73340046,Kempten (Allgäu),09763000,Commerzbank Kempten Allgäu,24722
73350000,Kempten (Allgäu),09763000,Sparkasse Allgäu,57107
73350000,Altusried,09780112,Sparkasse Allgäu,57107
73350000,Bad Hindelang,09780123,Sparkasse Allgäu,57107
73350000,Biessenhofen,09777112,Sparkasse Allgäu,57107
73350000,Blaichach,09780115,Sparkasse Allgäu,57107
73350000,Buchenberg,09780117,Sparkasse Allgäu,57107
73350000,Buchloe,09777121,Sparkasse Allgäu (Buchloe),57107
73350000,Dietmannsried,09780119,Sparkasse Allgäu,57107
73350000,Durach,09780120,Sparkasse Allgäu,57107
73350000,Fischen i. Allgäu,,Sparkasse Allgäu,57107
73350000,Füssen,09777129,Sparkasse Allgäu,57107
73350000,Germaringen,09777130,Sparkasse Allgäu (Germaringen),57107
73350000,Immenstadt i. Allgäu,,Sparkasse Allgäu,57107
72169756,Karlshuld,09185139,VR Bank Neuburg-Rain,67850
72169756,Königsmoos,09185163,VR Bank Neuburg-Rain,67850
72169756,Marxheim,09779178,VR Bank Neuburg-Rain,67850
72169756,Nassenfels,09176149,VR Bank Neuburg-Rain,67850
72169756,Neuburg a.d.Donau,,VR Bank Neuburg-Rain (Gf P2),77850
72169756,Pöttmes,09771156,VR Bank Neuburg-Rain,67850
72169756,Rain,,VR Bank Neuburg-Rain,67850
72169756,Rennertshofen,09185153,VR Bank Neuburg-Rain,67850
72169764,Karlshuld,09185139,Raiffeisenbank Donaumooser Land -alt-,67864
72169764,Karlshuld,09185139,Raiffeisenbank Donaumooser Land (Gf P2),77864
72169812,Gaimersheim,09176126,Raiffeisenbank im Donautal,67903
72169812,Bergheim,,Raiffeisenbank im Donautal,67903
72169812,Brunnen,09185123,Raiffeisenbank im Donautal,67903
72169812,Buxheim,,Raiffeisenbank im Donautal,67903
72169812,Eitensheim,09176124,Raiffeisenbank im Donautal,67903
72169812,Gaimersheim,09176126,Raiffeisenbank im Donautal (Gf P2),77903
72169812,Hitzhofen,09176132,Raiffeisenbank im Donautal,67903
72169812,Karlshuld,09185139,Raiffeisenbank im Donautal,67903
72169812,Karlskron,09185140,Raiffeisenbank im Donautal,67903
72169812,Neuburg a.d.Donau,,Raiffeisenbank im Donautal,67903
72169812,Weichering,09185168,Raiffeisenbank im Donautal,67903
72169812,Wettstetten,09176167,Raiffeisenbank im Donautal,67903
72169831,Riedenburg,09273164,Raiffeisenbank Riedenburg-Lobsing -alt-,67916
72169831,Riedenburg,09273164,Raiffeisenbank Riedenburg-Lobsing (Gf P2),77916
72170007,Ingolstadt,09161000,Deutsche Bank,27231
72170007,Neuburg a.d.Donau,,Deutsche Bank,27231
72170007,Pfaffenhofen a.d.Ilm,,Deutsche Bank,27231
72170007,Vohburg a.d.Donau,,Deutsche Bank,27231
72170024,Ingolstadt,09161000,Deutsche Bank,21231
72170024,Neuburg a.d.Donau,,Deutsche Bank,21231
72170024,Pfaffenhofen a.d.Ilm,,Deutsche Bank,21231
72170024,Vohburg a.d.Donau,,Deutsche Bank,21231
72170324,Ingolstadt,09161000,Postbank/DSL Ndl der Deutsche Bank,21363
72170363,Ingolstadt,09161000,Postbank/DSL Ndl der Deutsche Bank,27363
72180002,Ingolstadt,09161000,Commerzbank vormals Dresdner Bank,28721
72220074,Donauwörth,09779131,UniCredit Bank - HypoVereinsbank,22097
72223182,Nördlingen,09779194,UniCredit Bank - HypoVereinsbank,22098
72250000,Nördlingen,09779194,Sparkasse Nördlingen -alt-,57111
72250160,Donauwörth,09779131,Sparkasse Donauwörth -alt-,57112
72251520,Dillingen a.d.Donau,09773125,Sparkasse Nordschwaben,57105
72261754,Rain,,Raiffeisenbank Rain am Lech -alt-,68029
72261754,Rain,,Raiffeisenbank Rain am Lech (Gf P2),78029
72262401,Dillingen a.d.Donau,09773125,Raiffeisen-Volksbank Dillingen -alt-,68028
72262401,Dillingen a.d.Donau,09773125,Raiffeisen-Volksbank Dillingen (Gf P2),78028
72290100,Donauwörth,09779131,Raiffeisen-Volksbank Donauwörth,97125
72290100,Asbach-Bäumenheim,09779115,Raiffeisen-Volksbank Donauwörth,97125
72290100,Buchdorf,09779126,Raiffeisen-Volksbank Donauwörth,97125
72290100,Donauwörth,09779131,Raiffeisen-Volksbank Donauwörth (Gf P2),87125
72290100,Finningen,09773150,Raiffeisen-Volksbank Donauwörth,97125
72290100,Harburg (Schwaben),09779155,Raiffeisen-Volksbank Donauwörth,97125
72070024,Dillingen a.d.Donau,09773125,Deutsche Bank,21221
72070024,Donauwörth,09779131,Deutsche Bank,21221
72070024,Gersthofen,09772147,Deutsche Bank,21221
72070024,Günzburg,09774135,Deutsche Bank,21221
72070024,Königsbrunn,09772163,Deutsche Bank,21221
72070324,Augsburg,09761000,Postbank/DSL Ndl der Deutsche Bank,21365
72070365,Augsburg,09761000,Postbank/DSL Ndl der Deutsche Bank,27365
72080001,Augsburg,09761000,Commerzbank vormals Dresdner Bank,28720
72080001,Gersthofen,09772147,Commerzbank vormals Dresdner Bank,28720
72090000,Augsburg,09761000,VR Bank Augsburg-Ostallgäu,97130
72090000,Augsburg,09761000,VR Bank Augsburg-Ostallgäu (Gf P2),87130
72090500,Augsburg,09761000,Sparda-Bank Augsburg,97050
72090500,Augsburg,09761000,Sparda-Bank Augsburg (Gf P2),87050
72090900,Augsburg,09761000,PSD Bank München,97063
72090900,Augsburg,09761000,PSD Bank München (Gf P2),87063
72091800,Günzburg,09774135,Volksbank Günzburg -alt-,97100
72091800,Günzburg,09774135,Volksbank Günzburg (Gf P2),87100
72120078,Ingolstadt,09161000,UniCredit Bank - HypoVereinsbank,22039
72120078,Geisenfeld,09186122,UniCredit Bank - HypoVereinsbank,22039
72120078,Mainburg,09273147,UniCredit Bank - HypoVereinsbank,22039
72120078,Pfaffenhofen a.d.Ilm,,UniCredit Bank - HypoVereinsbank,22039
72122181,Neuburg a.d.Donau,,UniCredit Bank - HypoVereinsbank,22060
72140052,Ingolstadt,09161000,Commerzbank,24703
72150000,Ingolstadt,09161000,Sparkasse Ingolstadt Eichstätt,57163
72151340,Eichstätt,09176123,Sparkasse Eichstätt -alt-,57170
72151650,Pfaffenhofen a.d.Ilm,,Sparkasse Pfaffenhofen,57103
72151650,Ernsgaden,09186116,Sparkasse Pfaffenhofen,57103
72151650,Geisenfeld,09186122,Sparkasse Pfaffenhofen,57103
72151650,Ilmmünster,09186130,Sparkasse Pfaffenhofen,57103
72151650,Jetzendorf,09186132,Sparkasse Pfaffenhofen,57103
72151650,Münchsmünster,09186139,Sparkasse Pfaffenhofen,57103
72151650,Pörnbach,09186144,Sparkasse Pfaffenhofen,57103
72151650,Reichertshausen,09186146,Sparkassen Pfaffenhofen,57103
72151650,Rohrbach,,Sparkasse Pfaffenhofen,57103
72151650,Scheyern,09186151,Sparkasse Pfaffenhofen,57103
72151650,Schweitenkirchen,09186152,Sparkasse Pfaffenhofen,57103
72151650,Vohburg a.d.Donau,,Sparkasse Pfaffenhofen,57103
72151650,Wolnzach,09186162,Sparkasse Pfaffenhofen,57103
72151880,Aichach,09771113,Stadtsparkasse Schrobenhausen -alt-,57171
72152070,Aichach,09771113,Sparkasse Neuburg-Rain -alt-,57169
72160818,Ingolstadt,09161000,Volksbank Raiffeisenbank Bayern Mitte,67038
72160818,Baar-Ebenhausen,09186113,Volksbank Raiffeisenbank Bayern Mitte,67038
72160818,Beilngries,09176114,Volksbank Raiffeisenbank Bayern Mitte,67038
72160818,Denkendorf,,Volksbank Raiffeisenbank Bayern Mitte,67038
72160818,Dollnstein,09176121,Volksbank Raiffeisenbank Bayern Mitte,67038
72160818,Eichstätt,09176123,Volksbank Raiffeisenbank Bayern Mitte,67038
72160818,Geisenfeld,09186122,Volksbank Raiffeisenbank Bayern Mitte,67038
72160818,Großmehring,09176129,Volksbank Raiffeisenbank Bayern Mitte,67038
72160818,Hohenwart,09186128,Volksbank Raiffeisenbank Bayern Mitte,67038
72160818,Ingolstadt,09161000,Volksbank Raiffeisenbank Bayern Mitte (Gf P2),77038
72069274,Zusmarshausen,09772223,Raiffeisenbank Augsburger Land West (Gf P2),77475
72069308,Wemding,09779228,Raiffeisen-Volksbank Wemding -alt-,67481
72069308,Wemding,09779228,Raiffeisen-Volksbank Wemding (Gf P2),77481
72069329,Nördlingen,09779194,Raiffeisen-Volksbank Ries,67495
72069329,Alerheim,09779111,Raiffeisen-Volksbank Ries,67495
72069329,Amerdingen,09779112,Raiffeisen-Volksbank Ries,67495
72069329,Auhausen,09779117,Raiffeisen-Volksbank Ries,67495
72069329,Deiningen,09779130,Raiffeisen-Volksbank Ries,67495
72069329,Ederheim,09779136,Raiffeisen-Volksbank Ries,67495
72069329,Forheim,09779146,Raiffeisen-Volksbank Ries,67495
72069329,Fremdingen,09779147,Raiffeisen-Volksbank Ries,67495
72069329,Huisheim,09779167,Raiffeisen-Volksbank Ries,67495
72069329,Maihingen,09779176,Raiffeisen-Volksbank Ries,67495
72069329,Marktoffingen,09779177,Raiffeisen-Volksbank Ries,67495
72069329,Megesheim,09779180,Raiffeisen-Volksbank Ries,67495
72069329,Munningen,09779188,Raiffeisen-Volksbank Ries,67495
72069329,Mönchsdeggingen,09779184,Raiffeisen-Volksbank Ries,67495
72069329,Möttingen,09779185,Raiffeisen-Volksbank Ries,67495
72069329,Nördlingen,09779194,Raiffeisen-Volksbank Ries (Gf P2),77495
72069329,Oettingen i.Bay.,09779197,Raiffeisen-Volksbank Ries,67495
72069329,Reimlingen,09779203,Raiffeisen-Volksbank Ries,67495
72069329,Wallerstein,09779224,Raiffeisen-Volksbank Ries,67495
72069329,Wechingen,09779226,Raiffeisen-Volksbank Ries,67495
72069329,Wemding,09779228,Raiffeisen-Volksbank Ries,67495
72069329,Wolferstadt,09779231,Raiffeisen-Volksbank Ries,67495
72069736,Krumbach (Schwaben),09774150,Raiffeisenbank Schwaben Mitte,67820
72069736,Altenstadt,,Raiffeisenbank Schwaben Mitte,67820
72069736,Babenhausen,,Raiffeisenbank Schwaben Mitte,67820
72069736,Bellenberg,09775115,Raiffeisenbank Schwaben Mitte,67820
72069736,Buch,,Raiffeisenbank Schwaben Mitte,67820
72069736,Erkheim,09778136,Raiffeisenbank Schwaben Mitte,67820
72069736,Kettershausen,09778221,Raiffeisenbank Schwaben Mitte,67820
72069736,Krumbach (Schwaben),09774150,Raiffeisenbank Schwaben Mitte (Gf P2),77820
72069736,Lauben,,Raiffeisenbank Schwaben Mitte,67820
72069736,Neuburg a.d.Kammel,,Raiffeisenbank Schwaben Mitte,67820
72069736,Vöhringen,,Raiffeisenbank Schwaben Mitte,67820
72069736,Westerheim,,Raiffeisenbank Schwaben Mitte,67820
72069736,Wiesenbach,,Raiffeisenbank Schwaben Mitte,67820
72069736,Ziemetshausen,09774198,Raiffeisenbank Schwaben Mitte,67820
72069789,Pfaffenhausen,09778187,Raiffeisenbank Pfaffenhausen,67889
72069789,Pfaffenhausen,09778187,Raiffeisenbank Pfaffenhausen (Gf P2),77889
72070001,Augsburg,09761000,Deutsche Bank,27221
72070001,Bad Wörishofen,09778116,Deutsche Bank,27221
72070001,Dillingen a.d.Donau,09773125,Deutsche Bank,27221
72070001,Donauwörth,09779131,Deutsche Bank,27221
72070001,Gersthofen,09772147,Deutsche Bank,27221
72070001,Günzburg,09774135,Deutsche Bank,27221
72070001,Königsbrunn,09772163,Deutsche Bank,27221
72070024,Augsburg,09761000,Deutsche Bank,21221
72070024,Bad Wörishofen,09778116,Deutsche Bank,21221
72069113,Holzheim,,Raiffeisenbank Aschberg (Gf P2),77285
72069113,Offingen,09774171,Raiffeisenbank Aschberg,67285
72069119,Ichenhausen,09774143,Raiffeisenbank Ichenhausen,67292
72069119,Ellzee,09774133,Raiffeisenbank Ichenhausen,67292
72069119,Ichenhausen,09774143,Raiffeisenbank (Gf P2),77292
72069123,Jettingen-Scheppach,09774144,Raiffeisenbank Jettingen-Scheppach -alt-,67299
72069123,Jettingen-Scheppach,09774144,Raiffeisenbank Jettingen-Scheppach (Gf P2),77299
72069126,Roggenburg,09775149,Raiffeisenbank Mittelschwaben,67305
72069126,Bibertal,09774119,Raiffeisenbank Mittelschwaben,67305
72069126,Breitenthal,,Raiffeisenbank Mittelschwaben,67305
72069126,Kötz,09774148,Raiffeisenbank Mittelschwaben,67305
72069126,Roggenburg,09775149,Raiffeisenbank Mittelschwaben (Gf P2),77305
72069132,Krumbach (Schwaben),09774150,Raiffeisenbank Krumbach/Schwaben -alt-,67317
72069132,Krumbach (Schwaben),09774150,Raiffeisenbank Krumbach/Schwaben (Gf P2),77317
72069135,Langenneufnach,09772168,Raiffeisenbank Stauden -alt-,67321
72069135,Fischach,09772141,Raiffeisenbank Stauden,67321
72069135,Langenneufnach,09772168,Raiffeisenbank Stauden (Gf P2),77321
72069135,Mickhausen,09772178,Raiffeisenbank Stauden,67321
72069135,Mittelneufnach,09772179,Raiffeisenbank Stauden,67321
72069155,Mering,09771146,Raiffeisenbank Wittelsbacher Land,67352
72069155,Mering,09771146,Raiffeisenbank Wittelsbacher Land (Gf P2),77352
72069179,Buttenwiesen,09773122,Raiffeisenbank Unteres Zusamtal,67397
72069179,Buttenwiesen,09773122,Raiffeisenbank Unteres Zusamtal (Gf P2),77397
72069181,Offingen,09774171,Raiffeisenbank -alt-,67400
72069181,Offingen,09774171,Raiffeisenbank (Gf P2),77400
72069193,Rehling,09771158,Raiffeisenbank,67415
72069193,Hollenbach,09771140,Raiffeisenbank,67415
72069193,Rehling,09771158,Raiffeisenbank (Gf P2),77415
72069209,Roggenburg,09775149,Raiffeisenbank -alt-,67429
72069209,Roggenburg,09775149,Raiffeisenbank (Gf P2),77429
72069220,Schwabmünchen,09772200,Raiffeisenbank Schwabmünchen-Stauden,67441
72069220,Graben,09772149,Raiffeisenbank Schwabmünchen-Stauden,67441
72069220,Obermeitingen,09181131,Raiffeisenbank Schwabmünchen-Stauden,67441
72069220,Schwabmünchen,09772200,Raiffeisenbank Schwabmünchen-Stauden (Gf P2),77441
72069220,Untermeitingen,09772209,Raiffeisenbank Schwabmünchen-Stauden,67441
72069235,Thannhausen,09774185,Raiffeisenbank,67451
72069235,Münsterhausen,09774160,Raiffeisenbank Thannhausen,67451
72069235,Thannhausen,09774185,Raiffeisenbank (Gf P2),77451
72069235,Ursberg,09774116,Raiffeisenbank Thannhausen,67451
72069263,Wittislingen,09773183,Raiffeisenbank Wittislingen -alt-,67468
72069263,Wittislingen,09773183,Raiffeisenbank Wittislingen (Gf P2),77468
72069274,Zusmarshausen,09772223,Raiffeisenbank Augsburger Land West,67475
72069274,Adelsried,09772111,Raiffeisenbank Augsburger Land West,67475
72069274,Altenmünster,09772115,Raiffeisenbank Augsburger Land West,67475
72069274,Diedorf,09772130,Raiffeisenbank Augsburger Land West,67475
72069274,Dinkelscherben,09772131,Raiffeisenbank Augsburger Land West,67475
72069274,Gessertshausen,09772148,Raiffeisenbank Augsburger Land West,67475
72069274,Horgau,09772159,Raiffeisenbank Augsburger Land West,67475
72069274,Ustersbach,09772211,Raiffeisenbank Augsburger Land West,67475
72069274,Welden,09772216,Raiffeisenbank Augsburger Land West,67475
71190000,Rosenheim,,Volksbank Rosenheim -alt-,97005
71191000,Mühldorf a. Inn,09183128,VR-Bank Burghausen-Mühldorf -alt-,97068
71191000,Mühldorf a. Inn,09183128,VR-Bank Burghausen-Mühldorf (Gf P2),87068
72000000,Augsburg,09761000,Bundesbank,20720
72012300,München,09162000,"BTV Vier Länder Bank, Zweigniederlassung Deutschland",
72020070,Augsburg,09761000,UniCredit Bank - HypoVereinsbank,22007
72020070,Dillingen a.d.Donau,09773125,UniCredit Bank - HypoVereinsbank,22007
72020070,Friedberg,09771130,UniCredit Bank - HypoVereinsbank,22007
72020070,Krumbach (Schwaben),09774150,UniCredit Bank - HypoVereinsbank,22007
72020070,Königsbrunn,09772163,UniCredit Bank - HypoVereinsbank,22007
72020070,Landsberg am Lech,09181130,UniCredit Bank - HypoVereinsbank,22007
72020070,Neusäß,09772184,UniCredit Bank - HypoVereinsbank,22007
72020070,Schwabmünchen,09772200,UniCredit Bank - HypoVereinsbank,22007
72021271,Aichach,09771113,UniCredit Bank - HypoVereinsbank,22002
72021876,Günzburg,09774135,UniCredit Bank - HypoVereinsbank,22032
72030014,Augsburg,09761000,Fürst Fugger Privatbank,99015
72030227,Augsburg,09761000,Bankhaus Anton Hafner,99083
72030227,Augsburg,09761000,Bankhaus Anton Hafner (Gf P3),89083
72030227,Dinkelscherben,09772131,Bankhaus Anton Hafner,99083
72030227,Zusmarshausen,09772223,Bankhaus Anton Hafner,99083
72030260,Augsburg,09761000,Bankhaus Anton Hafner (Gf PayCenter),
72040046,Augsburg,09761000,Commerzbank,24720
72040046,Gersthofen,09772147,Commerzbank,24720
72040046,Königsbrunn,09772163,Commerzbank,24720
72050000,Augsburg,09761000,Stadtsparkasse Augsburg,57194
72050101,Augsburg,09761000,Kreissparkasse Augsburg -alt-,57190
72050101,Bobingen,09772125,Kreissparkasse Augsburg,57190
72050101,Diedorf,09772130,Kreissparkasse Augsburg,57190
72050101,Dinkelscherben,09772131,Kreissparkasse Augsburg,57190
72050101,Fischach,09772141,Kreissparkasse Augsburg,57190
72050101,Gersthofen,09772147,Kreissparkasse Augsburg,57190
72050101,Königsbrunn,09772163,Kreissparkasse Augsburg,57190
72050101,Langweid a. Lech,,Kreissparkasse Augsburg,57190
72050101,Meitingen,09772177,Kreissparkasse Augsburg,57190
72050101,Neusäß,09772184,Kreissparkasse Augsburg,57190
72050101,Schwabmünchen,09772200,Kreissparkasse Augsburg,57190
72050101,Stadtbergen,09772202,Kreissparkasse Augsburg,57190
72050101,Thierhaupten,09772207,Kreissparkasse Augsburg,57190
72050101,Untermeitingen,09772209,Kreissparkasse Augsburg,57190
72050101,Welden,09772216,Kreissparkasse Augsburg,57190
72050101,Zusmarshausen,09772223,Kreissparkasse Augsburg,57190
72051210,Aichach,09771113,Sparkasse Altbayern,57145
72051840,Günzburg,09774135,Sparkasse Günzburg-Krumbach -alt-,57120
72051840,Burgau,09774121,Sparkasse Günzburg-Krumbach,57120
72051840,Burtenbach,09774122,Sparkasse Günzburg-Krumbach,57120
72051840,Ichenhausen,09774143,Sparkasse Günzburg-Krumbach,57120
72051840,Jettingen-Scheppach,09774144,Sparkasse Günzburg-Krumbach,57120
72051840,Krumbach (Schwaben),09774150,Sparkasse Günzburg-Krumbach,57120
72051840,Kötz,09774148,Sparkasse Günzburg-Krumbach,57120
72051840,Leipheim,09774155,Sparkasse Günzburg-Krumbach,57120
71160000,Mühldorf a. Inn,09183128,meine Volksbank Raiffeisenbank,68159
71160000,Neubeuern,09187154,meine Volksbank Raiffeisenbank,68159
71160000,Neuötting,09171125,meine Volksbank Raiffeisenbank,68159
71160000,Nußdorf a. Inn,,meine Volksbank Raiffeisenbank,68159
71160000,Oberbergkirchen,09183132,meine Volksbank Raiffeisenbank,68159
71160000,Ottobrunn,09184136,meine Volksbank Raiffeisenbank,68159
71160000,Palling,09189134,meine Volksbank Raiffeisenbank,68159
71160000,Pfaffing,09187159,meine Volksbank Raiffeisenbank,68159
71160000,Pleiskirchen,09171127,meine Volksbank Raiffeisenbank,68159
71160000,Prien a. Chiemsee,,meine Volksbank Raiffeisenbank,68159
71160000,Prutting,09187163,meine Volksbank Raiffeisenbank,68159
71160000,Raubling,09187165,meine Volksbank Raiffeisenbank,68159
71160000,Reit im Winkl,09189139,meine Volksbank Raiffeisenbank,68159
71160000,Reitmehring,,meine Volksbank Raiffeisenbank,68159
71160000,Riedering,09187167,meine Volksbank Raiffeisenbank,68159
71160000,Rimsting,09187168,meine Volksbank Raiffeisenbank,68159
71160000,Rohrdorf,,meine Volksbank Raiffeisenbank,68159
71160000,Rosenheim,,meine Volksbank Raiffeisenbank (Gf P2),78159
71160000,Rott a. Inn,,meine Volksbank Raiffeisenbank,68159
71160000,Ruhpolding,09189140,meine Volksbank Raiffeisenbank,68159
71160000,Schleching,09189141,meine Volksbank Raiffeisenbank,68159
71160000,Schnaitsee,09189142,meine Volksbank Raiffeisenbank,68159
71160000,Söchtenau,09187174,meine Volksbank Raiffeisenbank,68159
71160000,Tacherting,09189149,meine Volksbank Raiffeisenbank,68159
71160000,Traunreut,09189154,meine Volksbank Raiffeisenbank,68159
71160000,Trostberg,09189157,meine Volksbank Raiffeisenbank,68159
71160000,Tuntenhausen,09187179,meine Volksbank Raiffeisenbank,68159
71160000,Tyrlaching,09171134,meine Volksbank Raiffeisenbank,68159
71160000,Töging a. Inn,,meine Volksbank Raiffeisenbank,68159
71160000,Unterreit,09183147,meine Volksbank Raiffeisenbank,68159
71160000,Unterwössen,09189160,meine Volksbank Raiffeisenbank,68159
71160000,Vogtareuth,09187181,meine Volksbank Raiffeisenbank,68159
71160000,Waldkraiburg,09183148,meine Volksbank Raiffeisenbank,68159
71160000,Wasserburg a. Inn,,meine Volksbank Raiffeisenbank,68159
71160000,Winhöring,09171137,meine Volksbank Raiffeisenbank,68159
71160000,Übersee,09189159,meine Volksbank Raiffeisenbank,68159
71160161,Rosenheim,,VR Bank Rosenheim-Chiemsee -alt-,67025
71160161,Rosenheim,,VR Bank Rosenheim-Chiemsee (Gf P2),77025
71161964,Prien a. Chiemsee,,Volksbank-Raiffeisenbank Chiemsee -alt-,67081
71161964,Prien a. Chiemsee,,Volksbank-Raiffeisenbank Chiemsee -alt- (Gf P2),77081
71162355,Oberaudorf,09187157,Raiffeisenbank Oberaudorf,67092
71162355,Flintsbach a. Inn,,Raiffeisenbank Oberaudorf,67092
71162355,Kiefersfelden,09187148,Raiffeisenbank Oberaudorf,67092
71162355,Oberaudorf,09187157,Raiffeisenbank Oberaudorf (Gf P2),77092
71162804,Aschau i. Chiemgau,,Raiffeisenbank Aschau-Samerberg,67104
71162804,Aschau i. Chiemgau,,Raiffeisenbank Aschau-Samerberg (Gf P2),77104
71162804,Frasdorf,09187132,Raiffeisenbank Aschau-Samerberg,67104
71162804,Samerberg,09187172,Raiffeisenbank Aschau-Samerberg,67104
71165150,Bad Aibling,09187117,Raiffeisenbank Mangfalltal -alt-,67117
71180005,Rosenheim,,Commerzbank vormals Dresdner Bank,28711
71152680,Haag i.OB,,Kreis- und Stadtsparkasse Wasserburg,57146
71152680,Halfing,09187139,Kreis- und Stadtsparkasse Wasserburg,57146
71152680,Hohenlinden,09175123,Kreis- und Stadtsparkasse Wasserburg,57146
71152680,Isen,09177123,Kreis- und Stadtsparkasse Wasserburg,57146
71152680,Rott a. Inn,,Kreis- und Stadtsparkasse Wasserburg,57146
71152680,Sankt Wolfgang,09177137,Kreis- und Stadtsparkasse Wasserburg,57146
71152680,Schnaitsee,09189142,Kreis- und Stadtsparkasse Wasserburg,57146
71160000,Rosenheim,,meine Volksbank Raiffeisenbank,68159
71160000,Altenmarkt a.d.Alz,,meine Volksbank Raiffeisenbank,68159
71160000,Altötting,09171111,meine Volksbank Raiffeisenbank,68159
71160000,Amerang,09187113,meine Volksbank Raiffeisenbank,68159
71160000,Ampfing,09183112,meine Volksbank Raiffeisenbank,68159
71160000,Aschau a. Inn,,meine Volksbank Raiffeisenbank,68159
71160000,Aschau i. Chiemgau,,meine Volksbank Raiffeisenbank,68159
71160000,Aying,09184137,meine Volksbank Raiffeisenbank,68159
71160000,Babensham,09187116,meine Volksbank Raiffeisenbank,68159
71160000,Bad Aibling,09187117,meine Volksbank Raiffeisenbank,68159
71160000,Bad Endorf,09187128,meine Volksbank Raiffeisenbank,68159
71160000,Bad Feilnbach,09187129,meine Volksbank Raiffeisenbank,68159
71160000,Bernau a. Chiemsee,,meine Volksbank Raiffeisenbank,68159
71160000,Brannenburg,09187120,meine Volksbank Raiffeisenbank,68159
71160000,Breitbrunn a. Chiemsee,,meine Volksbank Raiffeisenbank,68159
71160000,Bruckmühl,09187122,meine Volksbank Raiffeisenbank,68159
71160000,Brunnthal,09184114,meine Volksbank Raiffeisenbank,68159
71160000,Burghausen,09171112,meine Volksbank Raiffeisenbank,68159
71160000,Burgkirchen a.d.Alz,,meine Volksbank Raiffeisenbank,68159
71160000,Edling,09187124,meine Volksbank Raiffeisenbank,68159
71160000,Eggstätt,09187125,meine Volksbank Raiffeisenbank,68159
71160000,Eiselfing,09187126,meine Volksbank Raiffeisenbank,68159
71160000,Emmerting,09171114,meine Volksbank Raiffeisenbank,68159
71160000,Engelsberg,09189115,meine Volksbank Raiffeisenbank,68159
71160000,Feldkirchen-Westerham,09187130,meine Volksbank Raiffeisenbank,68159
71160000,Garching a.d.Alz,,meine Volksbank Raiffeisenbank,68159
71160000,Grassau,09189120,meine Volksbank Raiffeisenbank,68159
71160000,Großkarolinenfeld,09187137,meine Volksbank Raiffeisenbank,68159
71160000,Haiming,09171118,meine Volksbank Raiffeisenbank,68159
71160000,Halsbach,09171119,meine Volksbank Raiffeisenbank,68159
71160000,Hausham,09182119,meine Volksbank Raiffeisenbank,68159
71160000,Heldenstein,09183120,meine Volksbank Raiffeisenbank,68159
71160000,Hohenbrunn,09184129,meine Volksbank Raiffeisenbank,68159
71160000,Höhenkirchen-Siegertsbrunn,09184127,meine Volksbank Raiffeisenbank,68159
71160000,Inzell,09189124,meine Volksbank Raiffeisenbank,68159
71160000,Kastl,,meine Volksbank Raiffeisenbank,68159
71160000,Kiefersfelden,09187148,meine Volksbank Raiffeisenbank,68159
71160000,Kirchweidach,09171122,meine Volksbank Raiffeisenbank,68159
71160000,Kolbermoor,09187150,meine Volksbank Raiffeisenbank,68159
71160000,Marktl,09171123,meine Volksbank Raiffeisenbank,68159
71160000,Marquartstein,09189129,meine Volksbank Raiffeisenbank,68159
71160000,Mehring,,meine Volksbank Raiffeisenbank,68159
71160000,Miesbach,09182125,meine Volksbank Raiffeisenbank,68159
71052050,Obing,09189133,Kreissparkasse Traunstein-Trostberg,57141
71052050,Reit im Winkl,09189139,Kreissparkasse Traunstein-Trostberg,57141
71052050,Ruhpolding,09189140,Kreissparkasse Traunstein-Trostberg,57141
71052050,Siegsdorf,09189145,Kreissparkasse Traunstein-Trostberg,57141
71052050,Tacherting,09189149,Kreissparkasse Traunstein-Trostberg,57141
71052050,Tittmoning,09189152,Kreissparkasse Traunstein-Trostberg,57141
71052050,Traunreut,09189154,Kreissparkasse Traunstein-Trostberg,57141
71052050,Trostberg,09189157,Kreissparkasse Traunstein-Trostberg,57141
71052050,Waging a. See,,Kreissparkasse Traunstein-Trostberg,57141
71061009,Altötting,09171111,VR meine Raiffeisenbank -alt-,67041
71061009,Altötting,09171111,VR meine Raiffeisenbank (Gf P2),77041
71062802,Anger,09172112,Raiffeisenbank,67103
71062802,Anger,09172112,Raiffeisenbank (Gf P2),77103
71090000,Bad Reichenhall,09172114,Volksbank Raiffeisenbank Oberbayern Südost,97004
71090000,Ainring,09172111,Volksbank Raiffeisenbank Oberbayern Südost,97004
71090000,Bad Reichenhall,09172114,Volksbank Raiffeisenbank Oberbayern Südost (Gf P2),87004
71090000,Berchtesgaden,09172116,Volksbank Raiffeisenbank Oberbayern Südost,97004
71090000,Bergen,,Volksbank Raiffeisenbank Oberbayern Südost,97004
71090000,Bischofswiesen,09172117,Volksbank Raiffeisenbank Oberbayern Südost,97004
71090000,Burghausen,09171112,Volksbank Raiffeisenbank Oberbayern Südost,97004
71090000,Chieming,09189114,Volksbank Raiffeisenbank Oberbayern Südost,97004
71090000,Freilassing,09172118,Volksbank Raiffeisenbank Oberbayern Südost,97004
71090000,Fridolfing,09189118,Volksbank Raiffeisenbank Oberbayern Südost,97004
71090000,Grabenstätt,09189119,Volksbank Raiffeisenbank Oberbayern Südost,97004
71090000,Inzell,09189124,Volksbank Raiffeisenbank Oberbayern Südost,97004
71090000,Kirchanschöring,09189127,Volksbank Raiffeisenbank Oberbayern Südost,97004
71090000,Laufen,09172122,Volksbank Raiffeisenbank Oberbayern Südost,97004
71090000,Nußdorf,09189130,Volksbank Raiffeisenbank Oberbayern Südost,97004
71090000,Piding,09172128,Volksbank Raiffeisenbank Oberbayern Südost,97004
71090000,Ramsau b. Berchtesgaden,,Volksbank Raiffeisenbank Oberbayern Südost,97004
71090000,Schönau a. Königssee,,Volksbank Raiffeisenbank Oberbayern Südost,97004
71090000,Siegsdorf,09189145,Volksbank Raiffeisenbank Oberbayern Südost,97004
71090000,Taching a. See,,Volksbank Raiffeisenbank Oberbayern Südost,97004
71090000,Teisendorf,09172134,Volksbank Raiffeisenbank Oberbayern Südost,97004
71090000,Tittmoning,09189152,Volksbank Raiffeisenbank Oberbayern Südost,97004
71090000,Traunreut,09189154,Volksbank Raiffeisenbank Oberbayern Südost,97004
71090000,Traunstein,09189155,Volksbank Raiffeisenbank Oberbayern Südost,97004
71090000,Trostberg,09189157,Volksbank Raiffeisenbank Oberbayern Südost,97004
71090000,Vachendorf,09189161,Volksbank Raiffeisenbank Oberbayern Südost,97004
71090000,Waging a. See,,Volksbank Raiffeisenbank Oberbayern Südost,97004
71090000,Wasserburg a. Inn,,Volksbank Raiffeisenbank Oberbayern Südost,97004
71120077,Rosenheim,,UniCredit Bank - HypoVereinsbank,22072
71120077,Bad Aibling,09187117,UniCredit Bank - HypoVereinsbank,22072
71120077,Miesbach,09182125,UniCredit Bank - HypoVereinsbank,22072
71120077,Prien a. Chiemsee,,UniCredit Bank - HypoVereinsbank,22072
71120077,Wasserburg a. Inn,,UniCredit Bank - HypoVereinsbank,22072
71120078,Rottach-Egern,09182129,UniCredit Bank - HypoVereinsbank,22074
71121176,Mühldorf a. Inn,09183128,UniCredit Bank - HypoVereinsbank,22058
71122183,Waldkraiburg,09183148,UniCredit Bank - HypoVereinsbank,22091
71140041,Rosenheim,,Commerzbank Rosenheim,24705
70390000,Ohlstadt,09180127,VR-Bank Werdenfels,97003
70390000,Peißenberg,09190139,VR-Bank Werdenfels,97003
70390000,Penzberg,09190141,VR-Bank Werdenfels,97003
70390000,Polling,,VR-Bank Werdenfels,97003
70390000,Pähl,09190138,VR-Bank Werdenfels,97003
70390000,Riegsee,09180128,VR-Bank Werdenfels,97003
70390000,Saulgrub,09180129,VR-Bank Werdenfels,97003
70390000,Sindelsdorf,09190153,VR-Bank Werdenfels,97003
70390000,Uffing a. Staffelsee,,VR-Bank Werdenfels,97003
70390000,Unterammergau,09180135,VR-Bank Werdenfels,97003
70390000,Weilheim i. OB,,VR-Bank Werdenfels,97003
70390000,Wessobrunn,09190158,VR-Bank Werdenfels,97003
70390000,Wielenbach,09190159,VR-Bank Werdenfels,97003
70390010,Garmisch-Partenkirchen,09180117,VR-Bank Werdenfels,
70391800,Penzberg,09190141,Volksbank-Raiffeisenbank Penzberg -alt-,97099
70391800,Benediktbeuern,09173113,Volksbank-Raiffeisenbank Penzberg,97099
70391800,Bichl,09173115,Volksbank-Raiffeisenbank Penzberg,97099
70391800,Großweil,09180119,Volksbank-Raiffeisenbank Penzberg,97099
70391800,Kochel a. See,,Volksbank-Raiffeisenbank Penzberg,97099
70391800,Penzberg,09190141,Volksbank-Raiffeisenbank Penzberg (Gf P2),87099
70391800,Sindelsdorf,09190153,Volksbank-Raiffeisenbank Penzberg,97099
71020072,Bad Reichenhall,09172114,UniCredit Bank - HypoVereinsbank,22010
71020072,Freilassing,09172118,UniCredit Bank - HypoVereinsbank,22010
71021270,Neuötting,09171125,UniCredit Bank - HypoVereinsbank,22003
71021270,Altötting,09171111,UniCredit Bank - HypoVereinsbank,22003
71021270,Eggenfelden,09277116,UniCredit Bank - HypoVereinsbank,22003
71022182,Traunstein,09189155,UniCredit Bank - HypoVereinsbank,22088
71022182,Marquartstein,09189129,UniCredit Bank - HypoVereinsbank,22088
71022182,Traunreut,09189154,UniCredit Bank - HypoVereinsbank,22088
71023173,Burghausen,09171112,UniCredit Bank - HypoVereinsbank,22018
71050000,Bad Reichenhall,09172114,Sparkasse Berchtesgadener Land,57147
71050000,Ainring,09172111,Sparkasse Berchtesgadener Land,57147
71050000,Anger,09172112,Sparkasse Berchtesgadener Land,57147
71050000,Bayerisch Gmain,09172115,Sparkasse Berchtesgadener Land,57147
71050000,Berchtesgaden,09172116,Sparkasse Berchtesgadener Land,57147
71050000,Bischofswiesen,09172117,Sparkasse Berchtesgadener Land,57147
71050000,Freilassing,09172118,Sparkasse Berchtesgadener Land,57147
71050000,Laufen,09172122,Sparkasse Berchtesgadener Land,57147
71050000,Marktschellenberg,09172124,Sparkasse Berchtesgadener Land,57147
71050000,Piding,09172128,Sparkasse Berchtesgadener Land,57147
71050000,Ramsau b. Berchtesgaden,,Sparkasse Berchtesgadener Land,57147
71050000,Saaldorf-Surheim,09172130,Sparkasse Berchtesgadener Land,57147
71050000,Schönau a. Königssee,,Sparkasse Berchtesgadener Land,57147
71050000,Teisendorf,09172134,Sparkasse Berchtesgadener Land,57147
71052050,Traunstein,09189155,Kreissparkasse Traunstein-Trostberg,57141
71052050,Chieming,09189114,Kreissparkasse Traunstein-Trostberg,57141
71052050,Fridolfing,09189118,Kreissparkasse Traunstein-Trostberg,57141
71052050,Grabenstätt,09189119,Kreissparkasse Traunstein-Trostberg,57141
71052050,Grassau,09189120,Kreissparkasse Traunstein-Trostberg,57141
71052050,Marquartstein,09189129,Kreissparkasse Traunstein-Trostberg,57141
70250150,Hohenschäftlarn,,Kreissparkasse München Starnberg Ebersberg,57101
70250150,Höhenkirchen-Siegertsbrunn,09184127,Kreissparkasse München Starnberg Ebersberg,57101
70250150,Inning a. Ammersee,,Kreissparkasse München Starnberg Ebersberg,57101
70250150,Ismaning,09184130,Kreissparkasse München Starnberg Ebersberg,57101
70250150,Kirchheim b. München,,Kreissparkasse München Starnberg Ebersberg,57101
70250150,Krailling,09188127,Kreissparkasse München Starnberg Ebersberg,57101
70250150,Neubiberg,09184146,Kreissparkasse München Starnberg Ebersberg,57101
70250150,Neuried,,Kreissparkasse München Starnberg Ebersberg,57101
70250150,Oberschleißheim,09184135,Kreissparkasse München Starnberg Ebersberg,57101
70250150,Ottobrunn,09184136,Kreissparkasse München Starnberg Ebersberg,57101
70250150,Planegg,09184138,Kreissparkasse München Starnberg Ebersberg,57101
70250150,Pullach i. Isartal,,Kreissparkasse München Starnberg Ebersberg,57101
70250150,Putzbrunn,09184140,Kreissparkasse München Starnberg Ebersberg,57101
70250150,Sauerlach,09184141,Kreissparkasse München Starnberg Ebersberg,57101
70250150,Schäftlarn,09184142,Kreissparkasse München Starnberg Ebersberg,57101
70250150,Seefeld,,Kreissparkasse München Starnberg Ebersberg,57101
70250150,Seeshaupt,09190152,Kreissparkasse München Starnberg Ebersberg,57101
70250150,Starnberg,09188139,Kreissparkasse München Starnberg Ebersberg,57101
70250150,Taufkirchen,,Kreissparkasse München Starnberg Ebersberg,57101
70250150,Tutzing,09188141,Kreissparkasse München Starnberg Ebersberg,57101
70250150,Unterföhring,09184147,Kreissparkasse München Starnberg Ebersberg,57101
70250150,Unterhaching,09184148,Kreissparkasse München Starnberg Ebersberg,57101
70250150,Unterschleißheim,09184149,Kreissparkasse München Starnberg Ebersberg,57101
70320090,Garmisch-Partenkirchen,09180117,UniCredit Bank - HypoVereinsbank,22031
70321194,Weilheim i. OB,,UniCredit Bank - HypoVereinsbank,22093
70322192,Murnau a. Staffelsee,,UniCredit Bank - HypoVereinsbank,22059
70350000,Weilheim i. OB,,Kreissparkasse Garmisch-Partenkirchen -alt-,57159
70351030,Weilheim i. OB,,Sparkasse Oberland,57108
70362595,Wallgau,09180136,Raiffeisenbank Wallgau-Krün,67101
70362595,Krün,09180122,Raiffeisenbank Wallgau-Krün,67101
70362595,Wallgau,09180136,Raiffeisenbank Wallgau-Krün (Gf P2),77101
70380006,Garmisch-Partenkirchen,09180117,Commerzbank vormals Dresdner Bank,28703
70390000,Garmisch-Partenkirchen,09180117,VR-Bank Werdenfels -alt-,97003
70390000,Bad Kohlgrub,09180112,VR-Bank Werdenfels,97003
70390000,Benediktbeuern,09173113,VR-Bank Werdenfels,97003
70390000,Bichl,09173115,VR-Bank Werdenfels,97003
70390000,Eberfing,09190120,VR-Bank Werdenfels,97003
70390000,Eglfing,09190121,VR-Bank Werdenfels,97003
70390000,Eschenlohe,09180114,VR-Bank Werdenfels,97003
70390000,Farchant,09180116,VR-Bank Werdenfels,97003
70390000,Garmisch-Partenkirchen,09180117,VR-Bank Werdenfels (Gf P2),87003
70390000,Grainau,09180118,VR-Bank Werdenfels,97003
70390000,Großweil,09180119,VR-Bank Werdenfels,97003
70390000,Huglfing,09190131,VR-Bank Werdenfels,97003
70390000,Kochel a. See,,VR-Bank Werdenfels,97003
70390000,Murnau a. Staffelsee,,VR-Bank Werdenfels,97003
70390000,Oberammergau,09180125,VR-Bank Werdenfels,97003
70390000,Oberau,09180126,VR-Bank Werdenfels,97003
70390000,Oberhausen,,VR-Bank Werdenfels,97003
70390000,Obersöchering,09190136,VR-Bank Werdenfels,97003
70169605,Erding,09177117,VR-Bank Erding (Gf P2),77739
70169614,Freising,09178124,Freisinger Bank Volksbank-Raiffeisenbank,67747
70169614,Freising,09178124,Freisinger Bank Volksbank-Raiffeisenbank (Gf P2),77747
70169619,Zorneding,09175139,Raiffeisenbank Zorneding -alt-,67750
70169619,Zorneding,09175139,Raiffeisenbank Zorneding (Gf P2),77750
70169653,Aiglsbach,09273113,Raiffeisenbank Aiglsbach -alt-,67765
70169653,Aiglsbach,09273113,Raiffeisenbank Aiglsbach (Gf P2),77765
70169693,Rudelzhausen,09178122,Raiffeisenbank Hallertau,67795
70169693,Aiglsbach,09273113,Raiffeisenbank Hallertau,67795
70169693,Attenkirchen,09178115,Raiffeisenbank Hallertau,67795
70169693,Au i.d.Hallertau,,Raiffeisenbank Hallertau,67795
70169693,Elsendorf,09273163,Raiffeisenbank Hallertau,67795
70169693,Mainburg,09273147,Raiffeisenbank Hallertau,67795
70169693,Nandlstadt,09178144,Raiffeisenbank Hallertau,67795
70169693,Rudelzhausen,09178122,Raiffeisenbank Hallertau (Gf P2),77795
70169693,Volkenschwand,09273178,Raiffeisenbank Hallertau,67795
70190000,München,09162000,Münchner Bank,97002
70190000,Bad Tölz,09173112,Münchner Bank,97002
70190000,Deisenhofen,,Münchner Bank,97002
70190000,Germering,09179123,Münchner Bank,97002
70190000,Gräfelfing,09184120,Münchner Bank,97002
70190000,Gröbenzell,09179126,Münchner Bank,97002
70190000,Haar,09184123,Münchner Bank,97002
70190000,Kirchheim b. München,,Münchner Bank,97002
70190000,Markt Schwaben,09175127,Münchner Bank,97002
70190000,München,09162000,Münchner Bank (Gf P2),87002
70190000,Neubiberg,09184146,Münchner Bank,97002
70190000,Oberschleißheim,09184135,"Münchner Bank, Zndl Raiffeisenbank Oberschleißheim",97002
70190000,Planegg,09184138,Münchner Bank,97002
70190000,Tutzing,09188141,Münchner Bank,97002
70190000,Unterföhring,09184147,Münchner Bank,97002
70190010,München,09162000,Münchner Bank,
70220000,München,09162000,LfA Förderbank Bayern,
70220200,München,09162000,BHF-BANK,25167
70220300,München,09162000,BMW Bank,29110
70220900,München,09162000,Wüstenrot Bausparkasse,
70230600,München,09162000,Isbank Fil München,29837
70250150,München,09162000,Kreissparkasse München Starnberg Ebersberg,57101
70250150,Aschheim,09184112,Kreissparkasse München Starnberg Ebersberg,57101
70250150,Aying,09184137,Kreissparkasse München Starnberg Ebersberg,57101
70250150,Berg,,Kreissparkasse München Starnberg Ebersberg,57101
70250150,Feldafing,09188118,Kreissparkasse München Starnberg Ebersberg,57101
70250150,Feldkirchen,,Kreissparkasse München Starnberg Ebersberg,57101
70250150,Garching b. München,,Kreissparkasse München Starnberg Ebersberg,57101
70250150,Gauting,09188120,Kreissparkasse München Starnberg Ebersberg,57101
70250150,Gilching,09188121,Kreissparkasse München Starnberg Ebersberg,57101
70250150,Grünwald,09184122,Kreissparkasse München Starnberg Ebersberg,57101
70250150,Gräfelfing,09184120,Kreissparkasse München Starnberg Ebersberg,57101
70250150,Haar,09184123,Kreissparkasse München Starnberg Ebersberg,57101
70250150,Herrsching a.Ammersee,,Kreissparkasse München Starnberg Ebersberg,57101
70169568,Kraiburg a. Inn,,Raiffeisenbank Taufkirchen-Oberneukirchen,67707
70169568,Oberneukirchen,09183134,Raiffeisenbank Taufkirchen-Oberneukirchen (Gf P2),77707
70169568,Polling,,Raiffeisenbank Taufkirchen-Oberneukirchen,67707
70169568,Taufkirchen,,Raiffeisenbank Taufkirchen-Oberneukirchen,67707
70169571,Bad Tölz,09173112,Raiffeisenbank Tölzer Land -alt-,67711
70169571,Bad Tölz,09173112,Raiffeisenbank Tölzer Land (Gf P2),77711
70169575,Türkheim,09778203,Raiffeisenbank,67716
70169575,Rammingen,,Raiffeisenbank Rammingen Ndl d Rbk Türkheim,67716
70169575,Tussenhausen,09778204,Raiffeisenbank Tussenh-Zais Ndl d Rbk Türkheim,67716
70169575,Türkheim,09778203,Raiffeisenbank (Gf P2),77716
70169575,Wiedergeltingen,09778216,Raiffeisenbank Wiedergelt Ndl d Rbk Türkheim,67716
70169576,Tüßling,09171133,Raiffeisen-Volksbank Tüßling-Unterneukirchen,67717
70169576,Garching a.d.Alz,,Raiffeisen-Volksbank Tüßling-Unterneukirchen,67717
70169576,Polling,,Raiffeisen-Volksbank Tüßling-Unterneukirchen,67717
70169576,Teising,09171131,Raiffeisen-Volksbank Tüßling-Unterneukirchen,67717
70169576,Tüßling,09171133,Raiffeisen-Volksbank (Gf P2),77717
70169576,Unterneukirchen,09171135,Raiffeisen-Volksbank Tüßling-Unterneukirchen,67717
70169585,Unterschleißheim,09184149,Raiffeisenbank Unterschleißheim-Haimhn -alt-,67724
70169598,Bad Tölz,09173112,Raiffeisenbank im Oberland,67730
70169598,Bad Tölz,09173112,Raiffeisenbank im Oberland (Gf P2),77730
70169598,Dietramszell,09173118,Raiffeisenbank im Oberland,67730
70169598,Egling,09173120,Raiffeisenbank im Oberland,67730
70169598,Fischbachau,09182114,Raiffeisenbank im Oberland,67730
70169598,Gaißach,09173124,Raiffeisenbank im Oberland,67730
70169598,Irschenberg,09182123,Raiffeisenbank im Oberland,67730
70169598,Lenggries,09173135,Raiffeisenbank im Oberland,67730
70169598,Miesbach,09182125,Raiffeisenbank im Oberland,67730
70169598,Reichersbeuern,09173140,Raiffeisenbank im Oberland,67730
70169598,Sachsenkam,09173141,Raiffeisenbank im Oberland,67730
70169598,Schliersee,09182131,Raiffeisenbank im Oberland,67730
70169598,Valley,09182133,Raiffeisenbank im Oberland,67730
70169598,Waakirchen,09182134,Raiffeisenbank im Oberland,67730
70169598,Warngau,09182136,Raiffeisenbank im Oberland,67730
70169598,Weyarn,09182137,Raiffeisenbank im Oberland,67730
70169599,Weil,09181145,Raiffeisenbank Weil u Umgebung -alt-,67732
70169599,Weil,09181145,Raiffeisenbank Weil u Umgebung (Gf P2),77732
70169602,Weilheim i. OB,,Raiffeisenbank Weilheim -alt-,67735
70169602,Eberfing,09190120,Raiffeisenbank Weilheim,67735
70169602,Eglfing,09190121,Raiffeisenbank Weilheim,67735
70169602,Huglfing,09190131,Raiffeisenbank Weilheim,67735
70169602,Oberhausen,,Raiffeisenbank Weilheim,67735
70169602,Obersöchering,09190136,Raiffeisenbank Weilheim,67735
70169602,Peißenberg,09190139,Raiffeisenbank Weilheim und Volksbank Bavaria,67735
70169602,Polling,,Raiffeisenbank Weilheim,67735
70169602,Pähl,09190138,Raiffeisenbank Weilheim,67735
70169602,Uffing a. Staffelsee,,Raiffeisenbank Weilheim,67735
70169602,Weilheim i. OB,,Raiffeisenbank Weilheim (Gf P2),77735
70169602,Wessobrunn,09190158,Raiffeisenbank Weilheim,67735
70169602,Wielenbach,09190159,Raiffeisenbank Weilheim,67735
70169605,Erding,09177117,VR-Bank Erding,67739
70169509,Peiting,09190140,Raiffeisenbank Pfaffenwinkel (Gf P2),77654
70169509,Rettenbach a.Auerberg,,Raiffeisenbank Pfaffenwinkel,67654
70169509,Schongau,09190148,Raiffeisenbank Pfaffenwinkel,67654
70169509,Schwabsoien,09190151,Raiffeisenbank Pfaffenwinkel,67654
70169509,Wessobrunn,09190158,Raiffeisenbank Pfaffenwinkel,67654
70169521,Raisting,09190144,Raiffeisenbank Raisting -alt-,67663
70169521,Raisting,09190144,Raiffeisenbank Raisting (Gf P2),77663
70169524,Rechtmehring,09183139,Bankhaus RSA,67665
70169524,Albaching,09187186,Bankhaus RSA,67665
70169524,München,09162000,Bankhaus RSA,67665
70169524,Rechtmehring,09183139,Bankhaus RSA (Gf P2),77665
70169524,Soyen,09187176,Bankhaus RSA,67665
70169524,Wasserburg a. Inn,,Bankhaus RSA,67665
70169530,Reischach,09171129,Raiffeisenbank Neumarkt-St. Veit - Reischach,67674
70169530,Egglkofen,09183115,Raiffeisenbank Neumarkt-St. Veit - Reischach,67674
70169530,Lohkirchen,09183125,Raiffeisenbank Neumarkt-St. Veit - Reischach,67674
70169530,Mitterskirchen,09277134,Raiffeisenbank Neumarkt-St. Veit - Reischach,67674
70169530,Niederbergkirchen,09183130,Raiffeisenbank Neumarkt-St. Veit - Reischach,67674
70169530,Niedertaufkirchen,09183131,Raiffeisenbank Neumarkt-St. Veit - Reischach,67674
70169530,Perach,09171126,Raiffeisenbank Neumarkt-St. Veit - Reischach,67674
70169530,Pleiskirchen,09171127,Raiffeisenbank Neumarkt-St. Veit - Reischach,67674
70169530,Reischach,09171129,Raiffeisenbank Neumarkt-St. Veit - Reischach (Gf P2),77674
70169530,Schönberg,09183143,Raiffeisenbank Neumarkt-St. Veit - Reischach,67674
70169530,Wurmannsquick,09277153,Raiffeisenbank Neumarkt-St. Veit - Reischach,67674
70169530,Zeilarn,09277154,Raiffeisenbank Neumarkt-St. Veit - Reischach,67674
70169538,Sankt Wolfgang,09177137,Raiffeisenbank St. Wolfgang-Schwindkirchen -alt-,67679
70169538,Sankt Wolfgang,09177137,Raiffeisenbank St. Wolfgang-Schwindkirchen (Gf P2),77679
70169541,Vilgertshofen,09181133,Raiffeisenbank Lech-Ammersee -alt-,67685
70169541,Vilgertshofen,09181133,Raiffeisenbank Lech-Ammersee (Gf P2),77685
70169543,Wolfratshausen,09173147,Raiffeisenbank Isar-Loisachtal,67688
70169543,Baierbrunn,09184113,Raiffeisenbank Isar-Loisachtal,67688
70169543,Schäftlarn,09184142,Raiffeisenbank Isar-Loisachtal,67688
70169543,Straßlach-Dingharting,09184144,Raiffeisenbank Isar-Loisachtal,67688
70169543,Wolfratshausen,09173147,Raiffeisenbank Isar-Loisachtal (Gf P2),77688
70169558,Steingaden,09190154,Raiffeisenbank Steingaden,67701
70169558,Bad Bayersoien,09180113,Raiffeisenbank Steingaden,67701
70169558,Böbing,09190117,Raiffeisenbank Steingaden,67701
70169558,Lechbruck am See,09777147,Raiffeisenbank Steingaden,67701
70169558,Prem,09190143,Raiffeisenbank Steingaden,67701
70169558,Rottenbuch,09190145,Raiffeisenbank Steingaden,67701
70169558,Steingaden,09190154,Raiffeisenbank (Gf P2),77701
70169558,Wildsteig,09190160,Raiffeisenbank Steingaden,67701
70169566,Taufkirchen (Vils),,VR-Bank Taufkirchen-Dorfen,67705
70169566,Buchbach,09183114,VR-Bank Taufkirchen-Dorfen,67705
70169566,Dorfen,09177115,VR-Bank Taufkirchen-Dorfen,67705
70169566,Fraunberg,09177120,VR-Bank Taufkirchen-Dorfen,67705
70169566,Kirchberg,,VR-Bank Taufkirchen-Dorfen,67705
70169566,Schwindegg,09183144,VR-Bank Taufkirchen-Dorfen,67705
70169566,Taufkirchen (Vils),,VR-Bank Taufkirchen-Dorfen (Gf P2),77705
70169568,Oberneukirchen,09183134,Raiffeisenbank Taufkirchen-Oberneukirchen,67707
70169388,Obertaufkirchen,09183135,Raiffeisenbank Haag-Gars-Maitenbeth,67558
70169388,Reichertsheim,09183140,Raiffeisenbank Haag-Gars-Maitenbeth,67558
70169388,Unterreit,09183147,Raiffeisenbank Haag-Gars-Maitenbeth,67558
70169402,Höhenkirchen-Siegertsbrunn,09184127,Raiffeisenbank Höhenkirchen und Umgebung -alt-,67568
70169402,Höhenkirchen-Siegertsbrunn,09184127,Raiffeisenbank Höhenkirchen und Umgebung (Gf P2),77568
70169410,Holzkirchen,,Raiffeisenbank Holzkirchen-Otterfing,67575
70169410,Holzkirchen,,Raiffeisenbank Holzkirchen-Otterfing (Gf P2),77575
70169410,Otterfing,09182127,Raiffeisenbank Holzkirchen-Otterfing,67575
70169413,Hurlach,09181126,Raiffeisenbank Singoldtal,67581
70169413,Hurlach,09181126,Raiffeisenbank Singoldtal (Gf P2),77581
70169413,Igling,09181127,Raiffeisenbank Singoldtal,67581
70169413,Langerringen,09772170,Raiffeisenbank Singoldtal,67581
70169450,Grafing b. München,,Raiffeisen-Volksbank Ebersberg,67609
70169450,Aßling,09175112,Raiffeisen-Volksbank Ebersberg,67609
70169450,Ebersberg,09175115,Raiffeisen-Volksbank Ebersberg,67609
70169450,Glonn,09175121,Raiffeisen-Volksbank Ebersberg,67609
70169450,Grafing b. München,,Raiffeisen-Volksbank Ebersberg (Gf P2),77609
70169450,Oberpframmern,09175131,Raiffeisen-Volksbank Ebersberg,67609
70169450,Steinhöring,09175137,Raiffeisen-Volksbank Ebersberg,67609
70169459,Mittenwald,09180123,Raiffeisenbank,67614
70169459,Mittenwald,09180123,Raiffeisenbank (Gf P2),77614
70169460,Moorenweis,09179138,Raiffeisenbank Westkreis Fürstenfeldbruck,67615
70169460,Adelshofen,,Raiffeisenbank Westkreis Fürstenfeldbruck Zw,67615
70169460,Geltendorf,09181122,Raiffeisenbank Westkreis Fürstenfeldbruck Zw,67615
70169460,Moorenweis,09179138,Raiffeisenbank Westkreis Fürstenfeldbruck (Gf P2),77615
70169460,Steindorf,09771168,Raiffeisenbank Westkreis Fürstenfeldbruck Zw,67615
70169460,Türkenfeld,09179149,Raiffeisenbank Westkreis Fürstenfeldbruck Zw,67615
70169464,München,09162000,Genossenschaftsbank München,67620
70169464,München,09162000,Genossenschaftsbank München (Gf P2),77620
70169465,Unterschleißheim,09184149,Raiffeisenbank München-Nord,67621
70169465,Eching,,Raiffeisenbank München-Nord,67621
70169465,Fahrenzhausen,09178123,Raiffeisenbank München-Nord,67621
70169465,Haimhausen,09174121,Raiffeisenbank München-Nord,67621
70169465,München,09162000,Raiffeisenbank München-Nord,67621
70169465,Unterschleißheim,09184149,Raiffeisenbank München-Nord (Gf P2),77621
70169466,München,09162000,Raiffeisenbank München-Süd,67622
70169466,München,09162000,Raiffeisenbank München-Süd (Gf P2),77622
70169466,Neuried,,Raiffeisenbank München-Süd,67622
70169466,Pullach i. Isartal,,Raiffeisenbank München-Süd,67622
70169470,München,09162000,Raiffeisenbank München-Süd Gf GA,
70169474,Neumarkt-Sankt Veit,09183129,Raiffbk Neumarkt-St. Veit - Niederbergkirchen -alt-,67630
70169474,Neumarkt-Sankt Veit,09183129,Raiffbk Neumarkt-St. Veit - Niederbergkirchen (Gf P2),77630
70169476,Niederbergkirchen,09183130,Raiffeisenbank -alt-,67631
70169509,Peiting,09190140,Raiffeisenbank Pfaffenwinkel,67654
70169509,Altenstadt,,Raiffeisenbank Pfaffenwinkel,67654
70169509,Bernbeuren,09190114,Raiffeisenbank Pfaffenwinkel,67654
70169509,Burggen,09190118,Raiffeisenbank Pfaffenwinkel,67654
70169509,Hohenfurch,09190129,Raiffeisenbank Pfaffenwinkel,67654
70169509,Hohenpeißenberg,09190130,Raiffeisenbank Pfaffenwinkel,67654
70169509,Ingenried,09190133,Raiffeisenbank Pfaffenwinkel,67654
70169132,Halfing,09187139,Raiffeisenbank Griesstätt-Halfing,67316
70169132,Griesstätt,09187134,Raiffeisenbank Griesstätt-Halfing,67316
70169132,Halfing,09187139,Raiffeisenbank Griesstätt-Halfing (Gf P2),77316
70169132,Höslwang,09187145,Raiffeisenbank Griesstätt-Halfing,67316
70169132,Schonstett,09187173,Raiffeisenbank Griesstätt-Halfing,67316
70169165,Obing,09189133,Raiffeisenbank Chiemgau-Nord - Obing,67370
70169165,Obing,09189133,Raiffeisenbank Chiemgau-Nord - Obing (Gf P2),77370
70169165,Pittenhart,09189137,Raiffeisenbank Chiemgau-Nord - Obing,67370
70169165,Seebruck,,Raiffeisenbank Chiemgau-Nord - Obing,67370
70169165,Seeon,,Raiffeisenbank Chiemgau-Nord - Obing,67370
70169165,Truchtlaching,,Raiffeisenbank Chiemgau-Nord - Obing,67370
70169168,Ruhpolding,09189140,VR-Bank Chiemgau-Süd -alt-,67375
70169186,Odelzhausen,09174135,Raiffeisenbank Pfaffenhofen a d Glonn,67406
70169186,Egenhofen,09179117,Raiffeisenbank Pfaffenhofen a d Glonn,67406
70169186,Odelzhausen,09174135,Raiffeisenbank Pfaffenhofen a d Glonn (Gf P2),77406
70169186,Pfaffenhofen a.d.Glonn,,Raiffeisenbank Pfaffenhofen a d Glonn,67406
70169186,Wiedenzhausen,,Raiffeisenbank Pfaffenhofen a d Glonn,67406
70169190,Großkarolinenfeld,09187137,Raiffeisenbank Tattenhausen-Großkarolinenfeld -alt-,67410
70169190,Großkarolinenfeld,09187137,Raiffeisenbank Tattenh-Großkarolinenf (Gf P2),77410
70169191,Teisendorf,09172134,Raiffeisenbank Rupertiwinkel,67411
70169191,Laufen,09172122,Raiffeisenbank Rupertiwinkel,67411
70169191,Petting,09189135,Raiffeisenbank Rupertiwinkel,67411
70169191,Saaldorf-Surheim,09172130,Raiffeisenbank Rupertiwinkel,67411
70169191,Teisendorf,09172134,Raiffeisenbank Rupertiwinkel (Gf P2),77411
70169195,Traunreut,09189154,Raiffeisenbank Trostberg-Traunreut -alt-,67416
70169195,Traunreut,09189154,Raiffeisenbank Trostberg-Traunreut (Gf P2),77416
70169310,Bruck,09175114,Alxing-Brucker Genossenschaftsbank,67482
70169310,Bruck,09175114,Alxing-Brucker Genossenschaftsbank (Gf P2),77482
70169331,Seeshaupt,09190152,Raiffeisenbank südöstl. Starnberger See -alt-,67500
70169331,Seeshaupt,09190152,Raiffeisenbank südöstl. Starnberger See (Gf P2),77500
70169333,Eurasburg,,Raiffeisenbank Beuerberg-Eurasburg,67504
70169333,Eurasburg,,Raiffeisenbank Beuerberg-Eurasburg (Gf P2),77504
70169351,Fuchstal,09181121,Raiffeisenbank Lechrain,67518
70169351,Fuchstal,09181121,Raiffeisenbank Lechrain (Gf P2),77518
70169351,Geltendorf,09181122,Raiffeisenbank Lechrain,67518
70169351,Prittriching,09181134,Raiffeisenbank Lechrain,67518
70169351,Scheuring,09181138,Raiffeisenbank Lechrain,67518
70169356,Erding,09177117,Raiffeisenbank Erding -alt-,67525
70169356,Erding,09177117,Raiffeisenbank Erding (Gf P2),77525
70169382,Gilching,09188121,Raiffeisenbank Gilching,67550
70169382,Gilching,09188121,Raiffeisenbank Gilching (Gf P2),77550
70169383,Gmund a. Tegernsee,,Raiffeisenbank Gmund am Tegernsee,67553
70169383,Bad Wiessee,09182111,Raiffeisenbank Gmund am Tegernsee,67553
70169383,Gmund a. Tegernsee,,Raiffeisenbank Gmund am Tegernsee (Gf P2),77553
70169383,Rottach-Egern,09182129,Raiffeisenbank Gmund am Tegernsee,67553
70169383,Tegernsee,09182132,Raiffeisenbank Gmund am Tegernsee,67553
70169388,Haag i.OB,,Raiffeisenbank Haag-Gars-Maitenbeth,67558
70169388,Gars a. Inn,,Raiffeisenbank Haag-Gars-Maitenbeth,67558
70169388,Haag i.OB,,Raiffeisenbank Haag-Gars-Maitenbeth (Gf P2),77558
70169388,Maitenbeth,09183126,Raiffeisenbank Haag-Gars-Maitenbeth,67558
70120700,Neumarkt i.d.OPf.,,Oberbank Ndl Deutschland,29870
70120700,Nürnberg,09564000,Oberbank Ndl Deutschland,29870
70120700,Ottobrunn,09184136,Oberbank Ndl Deutschland,29870
70120700,Passau,09262000,Oberbank Ndl Deutschland,29870
70120700,Potsdam,12054000,Oberbank Ndl Deutschland,29870
70120700,Ravensburg,08436064,Oberbank Ndl Deutschland,29870
70120700,Regensburg,09362000,Oberbank Ndl Deutschland,29870
70120700,Reutlingen,08415061,Oberbank Ndl Deutschland,29870
70120700,Rosenheim,,Oberbank Ndl Deutschland,29870
70120700,Straubing,09263000,Oberbank Ndl Deutschland,29870
70120700,Ulm,08421000,Oberbank Ndl Deutschland,29870
70120700,Unterschleißheim,09184149,Oberbank Ndl Deutschland,29870
70120700,Weiden i.d.OPf.,,Oberbank Ndl Deutschland,29870
70120700,Wolfratshausen,09173147,Oberbank Ndl Deutschland,29870
70120700,Würzburg,09663000,Oberbank Ndl Deutschland,29870
70130800,München,09162000,MERKUR PRIVATBANK,98085
70133300,München,09162000,Santander Consumer Bank,29417
70150000,München,09162000,Stadtsparkasse München,57193
70160000,München,09162000,DZ BANK,67001
70163370,Fürstenfeldbruck,09179121,Volksbank Raiffeisenbank Fürstenfeldbruck,67110
70163370,Alling,09179113,Volksbank Raiffeisenbank Fürstenfeldbruck,67110
70163370,Althegnenberg,09179114,Volksbank Raiffeisenbank Fürstenfeldbruck,67110
70163370,Eichenau,09179118,Volksbank Raiffeisenbank Fürstenfeldbruck,67110
70163370,Emmering,,Volksbank Raiffeisenbank Fürstenfeldbruck,67110
70163370,Fürstenfeldbruck,09179121,Volksbank Raiffeisenbank Fürstenfeldbruck (Gf P2),77110
70163370,Germering,09179123,Volksbank Raiffeisenbank Fürstenfeldbruck,67110
70163370,Grafrath,09179125,Volksbank Raiffeisenbank Fürstenfeldbruck,67110
70163370,Gröbenzell,09179126,Volksbank Raiffeisenbank Fürstenfeldbruck,67110
70163370,Maisach,09179134,Volksbank Raiffeisenbank Fürstenfeldbruck,67110
70163370,Mammendorf,09179136,Volksbank Raiffeisenbank Fürstenfeldbruck,67110
70163370,Olching,09179142,Volksbank Raiffeisenbank Fürstenfeldbruck,67110
70163370,Puchheim,09179145,Volksbank Raiffeisenbank Fürstenfeldbruck,67110
70166486,Deisenhofen,,VR Bank München Land,67118
70166486,Aschheim,09184112,VR Bank München Land,67118
70166486,Baldham,,VR Bank München Land,67118
70166486,Deisenhofen,,VR Bank München Land (Gf P2),77118
70166486,Feldkirchen,,VR Bank München Land,67118
70166486,Geretsried,09173126,VR Bank München Land,67118
70166486,Grünwald,09184122,VR Bank München Land,67118
70166486,Haar,09184123,VR Bank München Land,67118
70166486,Kirchheim b. München,,VR Bank München Land,67118
70166486,München,09162000,VR Bank München Land,67118
70166486,Münsing,09173137,VR Bank München Land,67118
70166486,Oberhaching,09184134,VR Bank München Land,67118
70166486,Pliening,09175133,VR Bank München Land,67118
70166486,Poing,09175135,VR Bank München Land,67118
70166486,Sauerlach,09184141,VR Bank München Land,67118
70166486,Taufkirchen,,VR Bank München Land,67118
70166486,Unterhaching,09184148,VR Bank München Land,67118
70166486,Wolfratshausen,09173147,VR Bank München Land,67118
70093200,Seefeld,,VR Bank Starnberg-Zugspitze,97121
70093200,Starnberg,09188139,VR Bank Starnberg-Zugspitze (Gf P2),87121
70093200,Tutzing,09188141,VR Bank Starnberg-Zugspitze,97121
70093200,Weßling,09188144,VR Bank Starnberg-Zugspitze,97121
70093200,Wörthsee,09188145,VR Bank Starnberg-Zugspitze,97121
70093400,Ismaning,09184130,VR-Bank Ismaning Hallbergmoos Neufahrn,97122
70093400,Garching b. München,,VR-Bank Ismaning Hallbergmoos Neufahrn,97122
70093400,Hallbergmoos,09178130,VR-Bank Ismaning Hallbergmoos Neufahrn,97122
70093400,Ismaning,09184130,VR-Bank Ismaning Hallbergmoos Neufahrn (Gf P2),87122
70093400,Massenhausen,,VR-Bank Ismaning Hallbergmoos Neufahrn,97122
70093400,München,09162000,VR-Bank Ismaning Hallbergmoos Neufahrn,97122
70093400,Neufahrn b. Freising,,VR-Bank Ismaning Hallbergmoos Neufahrn,97122
70093400,Unterföhring,09184147,VR-Bank Ismaning Hallbergmoos Neufahrn,97122
70110088,München,09162000,Postbank Ndl der Deutsche Bank,
70110500,München,09162000,Münchener Hypothekenbank,26740
70120100,München,09162000,State Street Bank International,
70120400,Nürnberg,09564000,BNP Paribas Niederlassung Deutschland,29360
70120500,München,09162000,"CACEIS Bank, Germany Branch",
70120600,München,09162000,Airbus Bank,99020
70120700,München,09162000,Oberbank Ndl Deutschland,29870
70120700,Aalen,08136088,Oberbank Ndl Deutschland,29870
70120700,Aschaffenburg,09661000,Oberbank Ndl Deutschland,29870
70120700,Augsburg,09761000,Oberbank Ndl Deutschland,29870
70120700,Bamberg,09461000,Oberbank Ndl Deutschland,29870
70120700,Bayreuth,09462000,Oberbank Ndl Deutschland,29870
70120700,Böblingen,08115003,Oberbank Ndl Deutschland,29870
70120700,Chemnitz,14511000,Oberbank Ndl Deutschland,29870
70120700,Cottbus,12052000,Oberbank Ndl Deutschland,29870
70120700,Dortmund,05913000,Oberbank Ndl Deutschland,29870
70120700,Dresden,14612000,Oberbank Ndl Deutschland,29870
70120700,Düsseldorf,05111000,Oberbank Ndl Deutschland,29870
70120700,Eggenfelden,09277116,Oberbank Ndl Deutschland,29870
70120700,Erfurt,16051000,Oberbank Ndl Deutschland,29870
70120700,Esslingen am Neckar,08116019,Oberbank Ndl Deutschland,29870
70120700,Freiburg im Breisgau,08311000,Oberbank Ndl Deutschland,29870
70120700,Freising,09178124,Oberbank Ndl Deutschland,29870
70120700,Germering,09179123,Oberbank Ndl Deutschland,29870
70120700,Halle (Saale),15002000,Oberbank Ndl Deutschland,29870
70120700,Hanau,06435014,Oberbank Ndl Deutschland,29870
70120700,Heilbronn,08121000,Oberbank Ndl Deutschland,29870
70120700,Ingolstadt,09161000,Oberbank Ndl Deutschland,29870
70120700,Jena,16053000,Oberbank Ndl Deutschland,29870
70120700,Karlsruhe,08212000,Oberbank Ndl Deutschland,29870
70120700,Köln,05315000,Oberbank Ndl Deutschland,29870
70120700,Landshut,09261000,Oberbank Ndl Deutschland,29870
70120700,Leipzig,14713000,Oberbank Ndl Deutschland,29870
70120700,Mainz,07315000,Oberbank Ndl Deutschland,29870
70120700,Mannheim,08222000,Oberbank Ndl Deutschland,29870
70120700,Memmingen,09764000,Oberbank Ndl Deutschland,29870
70120700,Mühldorf a. Inn,09183128,Oberbank Ndl Deutschland,29870
70090500,München,09162000,Sparda-Bank München,97049
70090500,München,09162000,Sparda-Bank München (Gf P2),87049
70091500,Dachau,09174115,Volksbank Raiffeisenbank Dachau,97086
70091500,Altomünster,09174111,Volksbank Raiffeisenbank Dachau,97086
70091500,Bergkirchen,09174113,Volksbank Raiffeisenbank Dachau,97086
70091500,Dachau,09174115,Volksbank Raiffeisenbank Dachau (Gf P2),87086
70091500,Erdweg,09174118,Volksbank Raiffeisenbank Dachau,97086
70091500,Fahrenzhausen,09178123,Volksbank Raiffeisenbank Dachau,97086
70091500,Haimhausen,09174121,Volksbank Raiffeisenbank Dachau,97086
70091500,Hebertshausen,09174122,Volksbank Raiffeisenbank Dachau,97086
70091500,Hilgertshausen-Tandern,09174147,Volksbank Raiffeisenbank Dachau,97086
70091500,Jetzendorf,09186132,Volksbank Raiffeisenbank Dachau,97086
70091500,Karlsfeld,09174126,Volksbank Raiffeisenbank Dachau,97086
70091500,Markt Indersdorf,09174131,Volksbank Raiffeisenbank Dachau,97086
70091500,München,09162000,Volksbank Raiffbk Dachau Zw München-Allach,97086
70091500,Odelzhausen,09174135,Volksbank Raiffeisenbank Dachau,97086
70091500,Petershausen,09174136,Volksbank Raiffeisenbank Dachau,97086
70091500,Reichertshausen,09186146,Volksbank Raiffeisenbank Dachau,97086
70091500,Röhrmoos,09174141,Volksbank Raiffeisenbank Dachau,97086
70091500,Schwabhausen,,Volksbank Raiffeisenbank Dachau,97086
70091500,Vierkirchen,,Volksbank Raiffeisenbank Dachau,97086
70091510,Dachau,09174115,Volksbank Raiffeisenbank Dachau (Gf GAA),
70091600,Landsberg am Lech,09181130,VR-Bank Landsberg-Ammersee,97091
70091600,Dießen am Ammersee,09181114,VR-Bank Landsberg-Ammersee,97091
70091600,Eching am Ammersee,09181115,VR-Bank Landsberg-Ammersee,97091
70091600,Eresing,09181118,VR-Bank Landsberg-Ammersee,97091
70091600,Finning,09181120,VR-Bank Landsberg-Ammersee,97091
70091600,Greifenberg,09181123,VR-Bank Landsberg-Ammersee,97091
70091600,Hofstetten,,VR-Bank Landsberg-Ammersee,97091
70091600,Kaufering,09181128,VR-Bank Landsberg-Ammersee,97091
70091600,Landsberg am Lech,09181130,VR-Bank Landsberg-Ammersee (Gf P2),87091
70091600,Penzing,09181132,VR-Bank Landsberg-Ammersee,97091
70091600,Schondorf am Ammersee,09181139,VR-Bank Landsberg-Ammersee,97091
70091600,Utting am Ammersee,09181144,VR-Bank Landsberg-Ammersee,97091
70091600,Weil,09181145,VR-Bank Landsberg-Ammersee,97091
70091600,Windach,09181146,VR-Bank Landsberg-Ammersee,97091
70091900,Erding,09177117,VR-Bank Erding -alt-,97104
70091900,Erding,09177117,VR-Bank Erding (Gf P2),87104
70093200,Starnberg,09188139,VR Bank Starnberg-Zugspitze,97121
70093200,Andechs,09188117,VR Bank Starnberg-Zugspitze,97121
70093200,Berg,,VR Bank Starnberg-Zugspitze,97121
70093200,Feldafing,09188118,VR Bank Starnberg-Zugspitze,97121
70093200,Gauting,09188120,VR Bank Starnberg-Zugspitze,97121
70093200,Gilching,09188121,VR Bank Starnberg-Zugspitze,97121
70093200,Herrsching a.Ammersee,,VR Bank Starnberg-Zugspitze,97121
70093200,Inning a. Ammersee,,VR Bank Starnberg-Zugspitze,97121
70093200,Kaufering,09181128,VR Bank Starnberg-Zugspitze,97121
70093200,Krailling,09188127,VR Bank Starnberg-Zugspitze,97121
70093200,Landsberg am Lech,09181130,VR Bank Starnberg-Zugspitze,97121
70093200,Pöcking,09188137,VR Bank Starnberg-Zugspitze,97121
70070024,Planegg,09184138,Deutsche Bank,21220
70070024,Rosenheim,,Deutsche Bank,21220
70070024,Rottach-Egern,09182129,Deutsche Bank,21220
70070024,Starnberg,09188139,Deutsche Bank,21220
70070024,Waldkraiburg,09183148,Deutsche Bank,21220
70070024,Weilheim i. OB,,Deutsche Bank,21220
70070324,München,09162000,Postbank/DSL Ndl der Deutsche Bank,21362
70070362,München,09162000,Postbank/DSL Ndl der Deutsche Bank,27362
70080000,München,09162000,Commerzbank vormals Dresdner Bank,28700
70080000,Altötting,09171111,Commerzbank vormals Dresdner Bank,28700
70080000,Bad Reichenhall,09172114,Commerzbank vormals Dresdner Bank,28700
70080000,Bad Tölz,09173112,Commerzbank vormals Dresdner Bank,28700
70080000,Cham,09372116,Commerzbank vormals Dresdner Bank,28700
70080000,Dachau,09174115,Commerzbank vormals Dresdner Bank,28700
70080000,Donauwörth,09779131,Commerzbank vormals Dresdner Bank,28700
70080000,Eggenfelden,09277116,Commerzbank vormals Dresdner Bank,28700
70080000,Erding,09177117,Commerzbank vormals Dresdner Bank,28700
70080000,Freilassing,09172118,Commerzbank vormals Dresdner Bank,28700
70080000,Freising,09178124,Commerzbank vormals Dresdner Bank,28700
70080000,Fürstenfeldbruck,09179121,Commerzbank vormals Dresdner Bank,28700
70080000,Füssen,09777129,Commerzbank vormals Dresdner Bank,28700
70080000,Geretsried,09173126,Commerzbank vormals Dresdner Bank,28700
70080000,Germering,09179123,Commerzbank vormals Dresdner Bank,28700
70080000,Grünwald,09184122,Commerzbank vormals Dresdner Bank,28700
70080000,Gräfelfing,09184120,Commerzbank vormals Dresdner Bank,28700
70080000,Günzburg,09774135,Commerzbank vormals Dresdner Bank,28700
70080000,Landau a.d.Isar,,Commerzbank vormals Dresdner Bank,28700
70080000,Landsberg am Lech,09181130,Commerzbank vormals Dresdner Bank,28700
70080000,Miesbach,09182125,Commerzbank vormals Dresdner Bank,28700
70080000,Oberschleißheim,09184135,Commerzbank vormals Dresdner Bank,28700
70080000,Ottobrunn,09184136,Commerzbank vormals Dresdner Bank,28700
70080000,Passau,09262000,Commerzbank vormals Dresdner Bank,28700
70080000,Rottach-Egern,09182129,Commerzbank vormals Dresdner Bank,28700
70080000,Starnberg,09188139,Commerzbank vormals Dresdner Bank,28700
70080000,Straubing,09263000,Commerzbank vormals Dresdner Bank,28700
70080000,Traunstein,09189155,Commerzbank vormals Dresdner Bank,28700
70080000,Unterhaching,09184148,Commerzbank vormals Dresdner Bank,28700
70080000,Waldkraiburg,09183148,Commerzbank vormals Dresdner Bank,28700
70080000,Weilheim i. OB,,Commerzbank vormals Dresdner Bank,28700
70080056,München,09162000,Commerzbank vormals Dresdner Bank Zw 56,28701
70080057,München,09162000,Commerzbank vormals Dresdner Bank Gf ZW 57,28702
70080085,München,09162000,Commerzbank vormals Dresdner Bank Gf PCC DCC-ITGK 3,
70080086,München,09162000,"Commerzbank vormals Dresdner Bank, PCC DCC-ITGK 4",
70080087,München,09162000,"Commerzbank vormals Dresdner Bank, PCC DCC-ITGK 5",
70080088,München,09162000,"Commerzbank vormals Dresdner Bank, PCC DCC-ITGK 6",
70089470,München,09162000,Commerzbank vormals Dresdner Bank ITGK,
70089472,München,09162000,Commerzbank vormals Dresdner Bank ITGK,
70090100,München,09162000,Hausbank München,97034
70090100,München,09162000,Hausbank München (Gf P2),87034
70090124,München,09162000,Hausbank München,
70053070,Jesenwang,09179130,Sparkasse Fürstenfeldbruck,57182
70053070,Maisach,09179134,Sparkasse Fürstenfeldbruck,57182
70053070,Mammendorf,09179136,Sparkasse Fürstenfeldbruck,57182
70053070,Moorenweis,09179138,Sparkasse Fürstenfeldbruck,57182
70053070,Olching,09179142,Sparkasse Fürstenfeldbruck,57182
70053070,Puchheim,09179145,Sparkasse Fürstenfeldbruck,57182
70053070,Türkenfeld,09179149,Sparkasse Fürstenfeldbruck,57182
70054306,Bad Tölz,09173112,Sparkasse Bad Tölz-Wolfratshausen,57154
70054306,Benediktbeuern,09173113,Sparkasse Bad Tölz-Wolfratshausen,57154
70054306,Geretsried,09173126,Sparkasse Bad Tölz-Wolfratshausen,57154
70054306,Kochel a. See,,Sparkasse Bad Tölz-Wolfratshausen,57154
70054306,Lenggries,09173135,Sparkasse Bad Tölz-Wolfratshausen,57154
70054306,Münsing,09173137,Sparkasse Bad Tölz-Wolfratshausen,57154
70054306,Wolfratshausen,09173147,Sparkasse Bad Tölz-Wolfratshausen,57154
70070010,München,09162000,Deutsche Bank,27220
70070010,Bad Reichenhall,09172114,Deutsche Bank,27220
70070010,Bad Tölz,09173112,Deutsche Bank,27220
70070010,Dachau,09174115,Deutsche Bank,27220
70070010,Erding,09177117,Deutsche Bank,27220
70070010,Freising,09178124,Deutsche Bank,27220
70070010,Fürstenfeldbruck,09179121,Deutsche Bank,27220
70070010,Garmisch-Partenkirchen,09180117,Deutsche Bank,27220
70070010,Germering,09179123,Deutsche Bank,27220
70070010,Gilching,09188121,Deutsche Bank,27220
70070010,Grünwald,09184122,Deutsche Bank,27220
70070010,Landsberg am Lech,09181130,Deutsche Bank,27220
70070010,Landshut,09261000,Deutsche Bank,27220
70070010,Mühldorf a. Inn,09183128,Deutsche Bank,27220
70070010,Ottobrunn,09184136,Deutsche Bank,27220
70070010,Planegg,09184138,Deutsche Bank,27220
70070010,Rosenheim,,Deutsche Bank,27220
70070010,Rottach-Egern,09182129,Deutsche Bank,27220
70070010,Starnberg,09188139,Deutsche Bank,27220
70070010,Waldkraiburg,09183148,Deutsche Bank,27220
70070010,Weilheim i. OB,,Deutsche Bank,27220
70070024,München,09162000,Deutsche Bank,21220
70070024,Bad Reichenhall,09172114,Deutsche Bank,21220
70070024,Bad Tölz,09173112,Deutsche Bank,21220
70070024,Dachau,09174115,Deutsche Bank,21220
70070024,Erding,09177117,Deutsche Bank,21220
70070024,Freising,09178124,Deutsche Bank,21220
70070024,Fürstenfeldbruck,09179121,Deutsche Bank,21220
70070024,Garmisch-Partenkirchen,09180117,Deutsche Bank,21220
70070024,Germering,09179123,Deutsche Bank,21220
70070024,Gilching,09188121,Deutsche Bank,21220
70070024,Grünwald,09184122,Deutsche Bank,21220
70070024,Landsberg am Lech,09181130,Deutsche Bank,21220
70070024,Landshut,09261000,Deutsche Bank,21220
70070024,Mühldorf a. Inn,09183128,Deutsche Bank,21220
70070024,Ottobrunn,09184136,Deutsche Bank,21220
70040048,Rottach-Egern,09182129,Commerzbank,24748
70040048,Starnberg,09188139,Commerzbank,24748
70040048,Traunstein,09189155,Commerzbank,24748
70040048,Unterhaching,09184148,Commerzbank,24748
70040048,Weilheim i. OB,,Commerzbank,24748
70040060,München,09162000,Commerzbank Gf 860,24701
70040061,München,09162000,Commerzbank Gf 861,24702
70040062,München,09162000,Commerzbank CC,
70040063,München,09162000,Commerzbank CC,
70040070,München,09162000,"Commerzbank, CC SP",
70045050,München,09162000,Commerzbank Service-BZ,
70050000,München,09162000,Bayerische Landesbank,57166
70051003,Freising,09178124,Sparkasse Freising Moosburg,57102
70051003,Allershausen,09178113,Sparkasse Freising Moosburg,57102
70051003,Eching,,Sparkasse Freising Moosburg,57102
70051003,Hallbergmoos,09178130,Sparkasse Freising Moosburg,57102
70051003,Marzling,09178140,Sparkasse Freising Moosburg,57102
70051003,Neufahrn b. Freising,,Sparkasse Freising Moosburg,57102
70051003,Zolling,09178157,Sparkasse Freising Moosburg,57102
70051540,Dachau,09174115,Sparkasse Dachau,57183
70051540,Bergkirchen,09174113,Sparkasse Dachau,57183
70051540,Erdweg,09174118,Sparkasse Dachau,57183
70051540,Haimhausen,09174121,Sparkasse Dachau,57183
70051540,Hebertshausen,09174122,Sparkasse Dachau,57183
70051540,Karlsfeld,09174126,Sparkasse Dachau,57183
70051540,Markt Indersdorf,09174131,Sparkasse Dachau,57183
70051540,Odelzhausen,09174135,Sparkasse Dachau,57183
70051540,Petershausen,09174136,Sparkasse Dachau,57183
70051540,Röhrmoos,09174141,Sparkasse Dachau,57183
70051540,Schwabhausen,,Sparkasse Dachau,57183
70051540,Sulzemoos,09174146,Sparkasse Dachau,57183
70051540,Vierkirchen,,Sparkasse Dachau,57183
70051540,Weichs,09174151,Sparkasse Dachau,57183
70051995,Erding,09177117,Kreis- und Stadtsparkasse Erding-Dorfen,57142
70051995,Dorfen,09177115,Kreis- und Stadtsparkasse Erding-Dorfen,57142
70051995,Finsing,09177118,Kreis- und Stadtsparkasse Erding-Dorfen,57142
70051995,Forstern,09177119,Kreis- und Stadtsparkasse Erding-Dorfen,57142
70051995,Hallbergmoos,09178130,Kreis- und Stadtsparkasse Erding-Dorfen,57142
70051995,München-Flughafen,,Kreis- und Stadtsparkasse Erding-Dorfen,57142
70051995,Taufkirchen (Vils),,Kreis- und Stadtsparkasse Erding-Dorfen,57142
70051995,Wartenberg,,Kreis- und Stadtsparkasse Erding-Dorfen,57142
70052060,Landsberg am Lech,09181130,Sparkasse Landsberg-Dießen,57151
70053070,Fürstenfeldbruck,09179121,Sparkasse Fürstenfeldbruck,57182
70053070,Alling,09179113,Sparkasse Fürstenfeldbruck,57182
70053070,Althegnenberg,09179114,Sparkasse Fürstenfeldbruck,57182
70053070,Eichenau,09179118,Sparkasse Fürstenfeldbruck,57182
70053070,Emmering,,Sparkasse Fürstenfeldbruck,57182
70053070,Germering,09179123,Sparkasse Fürstenfeldbruck,57182
70053070,Grafrath,09179125,Sparkasse Fürstenfeldbruck,57182
70053070,Gröbenzell,09179126,Sparkasse Fürstenfeldbruck,57182
70020270,Holzkirchen,,UniCredit Bank - HypoVereinsbank,22000
70020270,Ottobrunn,09184136,UniCredit Bank - HypoVereinsbank,22000
70020270,Starnberg,09188139,UniCredit Bank - HypoVereinsbank,22000
70020270,Unterhaching,09184148,UniCredit Bank - HypoVereinsbank,22000
70020270,Unterschleißheim,09184149,UniCredit Bank - HypoVereinsbank,22000
70020270,Vaterstetten,09175132,UniCredit Bank - HypoVereinsbank,22000
70020300,München,09162000,BNP Paribas NL Deutschland,25643
70020300,München,09162000,BNP Paribas NL Deutschland (Gf P2),26810
70020300,München,09162000,BNP Paribas NL Deutschland (Gf P3),26811
70020500,München,09162000,SozialBank,25014
70020500,Nürnberg,09564000,SozialBank,25014
70020570,München,09162000,SozialBank,
70020800,München,09162000,INTESA SANPAOLO,29711
70021180,Freising,09178124,UniCredit Bank - HypoVereinsbank,22028
70022424,München,09162000,Scalable Capital Bank,
70025175,Bad Tölz,09173112,UniCredit Bank - HypoVereinsbank,22011
70025175,Penzberg,09190141,UniCredit Bank - HypoVereinsbank,22011
70030300,München,09162000,Bankhaus Reuschel & Co -alt-,28903
70030400,München,09162000,Merck Finck A Quintet Private Bank,26247
70031000,Freising,09178124,Bankhaus Ludwig Sperrer,26350
70032500,München,09162000,St.Galler Kantonalbank Deutschland,
70033100,Unterschleißheim,09184149,Baader Bank,
70035000,Oldenburg (Oldb),,Oldenburgische Landesbank AG,26610
70040041,München,09162000,Commerzbank,24700
70040041,Dachau,09174115,Commerzbank,24700
70040041,Freising,09178124,Commerzbank,24700
70040041,Fürstenfeldbruck,09179121,Commerzbank,24700
70040041,Garmisch-Partenkirchen,09180117,Commerzbank,24700
70040041,Ottobrunn,09184136,Commerzbank,24700
70040041,Pullach i. Isartal,,Commerzbank,24700
70040041,Unterföhring,09184147,Commerzbank,24700
70040045,München,09162000,"Commerzbank, Filiale München 2",24005
70040048,München,09162000,Commerzbank GF-M48,24748
70040048,Altötting,09171111,Commerzbank,24748
70040048,Bad Reichenhall,09172114,Commerzbank,24748
70040048,Bad Tölz,09173112,Commerzbank,24748
70040048,Donauwörth,09779131,Commerzbank,24748
70040048,Eggenfelden,09277116,Commerzbank,24748
70040048,Erding,09177117,Commerzbank,24748
70040048,Freilassing,09172118,Commerzbank,24748
70040048,Füssen,09777129,Commerzbank,24748
70040048,Geretsried,09173126,Commerzbank,24748
70040048,Germering,09179123,Commerzbank,24748
70040048,Grünwald,09184122,Commerzbank,24748
70040048,Gräfelfing,09184120,Commerzbank,24748
70040048,Günzburg,09774135,Commerzbank,24748
70040048,Landau a.d.Isar,,Commerzbank,24748
70040048,Landsberg am Lech,09181130,Commerzbank,24748
70040048,Miesbach,09182125,Commerzbank,24748
70040048,Oberschleißheim,09184135,Commerzbank,24748
69490000,Löffingen,08315070,Volksbank Schwarzwald Baar Hegau,96016
69490000,Mühlhausen-Ehingen,08335097,Volksbank Schwarzwald Baar Hegau,96016
69490000,Mönchweiler,08326037,Volksbank Schwarzwald Baar Hegau,96016
69490000,Niedereschach,08326041,Volksbank Schwarzwald Baar Hegau,96016
69490000,Rielasingen-Worblingen,08335100,Volksbank Schwarzwald Baar Hegau,96016
69490000,Singen (Hohentwiel),08335075,Volksbank Schwarzwald Baar Hegau,96016
69490000,St. Georgen im Schwarzwald,08326052,Volksbank Schwarzwald Baar Hegau,96016
69490000,Tengen,08335080,Volksbank Schwarzwald Baar Hegau,96016
69490000,Unterkirnach,08326065,Volksbank Schwarzwald Baar Hegau,96016
69490000,Villingen-Schwenningen,08326074,Volksbank Schwarzwald Baar Hegau (Gf P2),86016
69490000,Vöhrenbach,08326068,Volksbank Schwarzwald Baar Hegau,96016
69490000,Wutach,08337127,Volksbank Schwarzwald Baar Hegau,96016
69491700,Triberg im Schwarzwald,08326060,Volksbank Triberg -alt-,96151
69491700,Triberg im Schwarzwald,08326060,Volksbank Triberg (Gf P2),86151
70000000,München,09162000,Bundesbank,20700
70010080,München,09162000,Postbank Ndl der Deutsche Bank,10080
70010424,Wiesbaden,06414000,Aareal Bank ehem. Filiale München,26918
70010500,Garching b. München,,Deutsche Pfandbriefbank,26700
70010555,Garching b. München,,Deutsche Pfandbriefbank,
70010570,Garching b. München,,Deutsche Pfandbriefbank,
70010800,München,09162000,"Middle East Bank, Munich Branch",
70011200,München,09162000,Bank Vontobel Europe,
70011400,Mannheim,08222000,BfW - Bank für Wohnungswirtschaft,
70011500,München,09162000,SIEMENS BANK,
70011600,Ottobrunn,09184136,TEN31 Bank,23972
70011900,Aschheim,09184112,VERIFONE PAYMENTS,
70012000,München,09162000,"UniCredit Family Financing Bank, Ndl der UniCredit",25290
70012300,München,09162000,V-Bank,
70012600,München,09162000,Südtiroler Sparkasse Niederlassung München,99043
70012700,München,09162000,VZ VermögensZentrum Bank,
70012900,München,09162000,"IBAN FIRST, Zweigniederlassung München",
70013000,Aschheim,09184112,FNZ Bank,
70013010,Aschheim,09184112,FNZ Bank,
70013400,Taufkirchen,,IC Cash Services,
70013500,München,09162000,Bankhaus Herzogpark,
70015000,Planegg,09184138,transact Elektronische Zahlungssysteme,23966
70015015,Planegg,09184138,transact Elektronische Zahlungssysteme,23967
70015025,Planegg,09184138,transact Elektronische Zahlungssysteme,
70015035,Planegg,09184138,transact Elektronische Zahlungssysteme,
70017000,Freising,09178124,PayCenter,23969
70020270,München,09162000,UniCredit Bank - HypoVereinsbank,22000
70020270,Dachau,09174115,UniCredit Bank - HypoVereinsbank,22000
70020270,Ebersberg,09175115,UniCredit Bank - HypoVereinsbank,22000
70020270,Erding,09177117,UniCredit Bank - HypoVereinsbank,22000
70020270,Fürstenfeldbruck,09179121,UniCredit Bank - HypoVereinsbank,22000
70020270,Geretsried,09173126,UniCredit Bank - HypoVereinsbank,22000
70020270,Germering,09179123,UniCredit Bank - HypoVereinsbank,22000
70020270,Grünwald,09184122,UniCredit Bank - HypoVereinsbank,22000
70020270,Gräfelfing,09184120,UniCredit Bank - HypoVereinsbank,22000
70020270,Gröbenzell,09179126,UniCredit Bank - HypoVereinsbank,22000
69440007,Bad Dürrheim,08326003,Commerzbank,24690
69440007,Freudenstadt,08237028,Commerzbank,24690
69440007,Tuttlingen,08327050,Commerzbank,24690
69440060,Villingen-Schwenningen,08326074,Commerzbank CC,
69450065,Villingen-Schwenningen,08326074,Sparkasse Schwarzwald-Baar,56913
69450065,Bad Dürrheim,08326003,Sparkasse Schwarzwald-Baar,56913
69450065,Blumberg,08326005,Sparkasse Schwarzwald-Baar,56913
69450065,Brigachtal,08326075,Sparkasse Schwarzwald-Baar,56913
69450065,Bräunlingen,08326006,Sparkasse Schwarzwald-Baar,56913
69450065,Dauchingen,08326010,Sparkasse Schwarzwald-Baar,56913
69450065,Donaueschingen,08326012,Sparkasse Schwarzwald-Baar,56913
69450065,Furtwangen im Schwarzwald,08326017,Sparkasse Schwarzwald-Baar,56913
69450065,Geisingen,08327018,Sparkasse Schwarzwald-Baar,56913
69450065,Gütenbach,08326020,Sparkasse Schwarzwald-Baar,56913
69450065,Hüfingen,08326027,Sparkasse Schwarzwald-Baar,56913
69450065,Königsfeld im Schwarzwald,08326031,Sparkasse Schwarzwald-Baar,56913
69450065,Mönchweiler,08326037,Sparkasse Schwarzwald-Baar,56913
69450065,Niedereschach,08326041,Sparkasse Schwarzwald-Baar,56913
69450065,Schonach im Schwarzwald,08326055,Sparkasse Schwarzwald-Baar,56913
69450065,Schönwald im Schwarzwald,08326054,Sparkasse Schwarzwald-Baar,56913
69450065,St. Georgen im Schwarzwald,08326052,Sparkasse Schwarzwald-Baar,56913
69450065,Triberg im Schwarzwald,08326060,Sparkasse Schwarzwald-Baar,56913
69450065,Unterkirnach,08326065,Sparkasse Schwarzwald-Baar,56913
69450065,Vöhrenbach,08326068,Sparkasse Schwarzwald-Baar,56913
69470024,Villingen-Schwenningen,08326074,Deutsche Bank,21142
69470024,Donaueschingen,08326012,Deutsche Bank,21142
69470024,Rottweil,08325049,Deutsche Bank,21142
69470024,Spaichingen,08327046,Deutsche Bank,21142
69470024,St. Georgen im Schwarzwald,08326052,Deutsche Bank,21142
69470024,Triberg im Schwarzwald,08326060,Deutsche Bank,21142
69470039,Villingen-Schwenningen,08326074,Deutsche Bank,27142
69470039,Donaueschingen,08326012,Deutsche Bank,27142
69470039,Rottweil,08325049,Deutsche Bank,27142
69470039,Spaichingen,08327046,Deutsche Bank,27142
69470039,St. Georgen im Schwarzwald,08326052,Deutsche Bank,27142
69470039,Triberg im Schwarzwald,08326060,Deutsche Bank,27142
69490000,Villingen-Schwenningen,08326074,Volksbank Schwarzwald Baar Hegau -alt-,96016
69490000,Aach,,Volksbank Schwarzwald Baar Hegau,96016
69490000,Bad Dürrheim,08326003,Volksbank Schwarzwald Baar Hegau,96016
69490000,Blumberg,08326005,Volksbank Schwarzwald Baar Hegau,96016
69490000,Brigachtal,08326075,Volksbank Schwarzwald Baar Hegau,96016
69490000,Bräunlingen,08326006,Volksbank Schwarzwald Baar Hegau,96016
69490000,Donaueschingen,08326012,Volksbank Schwarzwald Baar Hegau,96016
69490000,Eigeltingen,08335021,Volksbank Schwarzwald Baar Hegau,96016
69490000,Engen,08335022,Volksbank Schwarzwald Baar Hegau,96016
69490000,Gailingen am Hochrhein,08335026,Volksbank Schwarzwald Baar Hegau,96016
69490000,Geisingen,08327018,Volksbank Schwarzwald Baar Hegau,96016
69490000,Gottmadingen,08335028,Volksbank Schwarzwald Baar Hegau,96016
69490000,Hüfingen,08326027,Volksbank Schwarzwald Baar Hegau,96016
69490000,Königsfeld im Schwarzwald,08326031,Volksbank Schwarzwald Baar Hegau,96016
69251445,Gailingen am Hochrhein,08335026,Sparkasse Engen-Gottmadingen,56909
69251445,Gottmadingen,08335028,Sparkasse Engen-Gottmadingen,56909
69251445,Hilzingen,08335035,Sparkasse Engen-Gottmadingen,56909
69251445,Immendingen,08327025,Sparkasse Engen-Gottmadingen,56909
69251445,Mühlhausen-Ehingen,08335097,Sparkasse Engen-Gottmadingen,56909
69251445,Tengen,08335080,Sparkasse Engen-Gottmadingen,56909
69251755,Stockach,08335079,Sparkasse Stockach -alt-,56911
69251755,Bodman-Ludwigshafen,08335098,Sparkasse Stockach,56911
69251755,Eigeltingen,08335021,Sparkasse Stockach,56911
69251755,Mühlingen,08335057,Sparkasse Stockach,56911
69251755,Orsingen-Nenzingen,08335099,Sparkasse Stockach,56911
69270024,Singen (Hohentwiel),08335075,Deutsche Bank,21139
69270024,Radolfzell am Bodensee,08335063,Deutsche Bank,21139
69270038,Singen (Hohentwiel),08335075,Deutsche Bank,27139
69270038,Radolfzell am Bodensee,08335063,Deutsche Bank,27139
69280035,Singen (Hohentwiel),08335075,Commerzbank vormals Dresdner Bank,28692
69280035,Donaueschingen,08326012,Commerzbank vormals Dresdner Bank,28692
69280035,Konstanz,08335043,Commerzbank vormals Dresdner Bank,28692
69280035,Schramberg,08325053,Commerzbank vormals Dresdner Bank,28692
69280035,Villingen-Schwenningen,08326074,Commerzbank vorm. Dresdner Bk Fil Villingen u Schwenningen,28692
69280035,Überlingen,08435059,Commerzbank vormals Dresdner Bank,28692
69290000,Singen (Hohentwiel),08335075,Volksbank Hegau -alt-,96015
69290000,Aach,,Volksbank Hegau,96015
69290000,Eigeltingen,08335021,Volksbank Hegau,96015
69290000,Engen,08335022,Volksbank Hegau,96015
69290000,Gailingen am Hochrhein,08335026,Volksbank Hegau,96015
69290000,Gottmadingen,08335028,Volksbank Hegau,96015
69290000,Mühlhausen-Ehingen,08335097,Volksbank Hegau,96015
69290000,Rielasingen-Worblingen,08335100,Volksbank Hegau,96015
69290000,Singen (Hohentwiel),08335075,Volksbank Hegau (Gf P2),86015
69290000,Tengen,08335080,Volksbank Hegau,96015
69291000,Konstanz,08335043,Volksbank,96059
69291000,Allensbach,08335002,Volksbank,96059
69291000,Gaienhofen,08335025,Volksbank,96059
69291000,Hilzingen,08335035,Volksbank,96059
69291000,Konstanz,08335043,Volksbank (Gf P2),86059
69291000,Radolfzell am Bodensee,08335063,Volksbank,96059
69291000,Steißlingen,08335077,Volksbank,96059
69291000,Volkertshausen,08335081,Volksbank,96059
69291099,Konstanz,08335043,Volksbank Gf GA,
69362032,Meßkirch,08437078,Volksbank Meßkirch -alt-,66142
69362032,Beuron,08437005,Volksbank Meßkirch Raiffeisenbank,66142
69362032,Inzigkofen,08437059,Volksbank Meßkirch Raiffeisenbank,66142
69362032,Krauchenwies,08437065,Volksbank Meßkirch Raiffeisenbank,66142
69362032,Leibertingen,08437072,Volksbank Meßkirch Raiffeisenbank,66142
69362032,Meßkirch,08437078,Volksbank Meßkirch Raiffeisenbank (Gf P2),76142
69362032,Neuhausen ob Eck,08327038,Volksbank Meßkirch Raiffeisenbank,66142
69362032,Sauldorf,08437123,Volksbank Meßkirch Raiffeisenbank,66142
69400000,Villingen-Schwenningen,08326074,Bundesbank,20694
69440007,Villingen-Schwenningen,08326074,Commerzbank Villingen u Schwenningen,24690
69051410,Allensbach,08335002,Bezirkssparkasse Reichenau,56902
69051620,Pfullendorf,08437088,Sparkasse Pfullendorf-Meßkirch,56903
69051620,Herdwangen-Schönach,08437124,Sparkasse Pfullendorf-Meßkirch,56903
69051620,Illmensee,08437056,Sparkasse Pfullendorf-Meßkirch,56903
69051620,Meßkirch,08437078,Sparkasse Pfullendorf-Meßkirch,56903
69051620,Sauldorf,08437123,Sparkasse Pfullendorf-Meßkirch,56903
69051620,Stetten am kalten Markt,08437107,Sparkasse Pfullendorf-Meßkirch,56903
69051725,Salem,,Sparkasse Salem-Heiligenberg,56904
69051725,Bermatingen,08435005,Sparkasse Salem-Heiligenberg,56904
69051725,Deggenhausertal,08435067,Sparkasse Salem-Heiligenberg,56904
69051725,Frickingen,08435015,Sparkasse Salem-Heiligenberg,56904
69051725,Immenstaad am Bodensee,08435024,Sparkasse Salem-Heiligenberg,56904
69051725,Uhldingen-Mühlhofen,08435066,Sparkasse Salem-Heiligenberg,56904
69061800,Überlingen,08435059,Volksbank Überlingen,66121
69061800,Bodman-Ludwigshafen,08335098,Volksbank Überlingen,66121
69061800,Deggenhausertal,08435067,Volksbank Überlingen,66121
69061800,Eigeltingen,08335021,Volksbank Überlingen,66121
69061800,Immenstaad am Bodensee,08435024,Volksbank Überlingen,66121
69061800,Markdorf,08435034,Volksbank Überlingen,66121
69061800,Meersburg,08435036,Volksbank Überlingen,66121
69061800,Owingen,08435047,Volksbank Überlingen,66121
69061800,Salem,,Volksbank Überlingen,66121
69061800,Stockach,08335079,Volksbank Überlingen,66121
69061800,Uhldingen-Mühlhofen,08435066,Volksbank Überlingen,66121
69061800,Überlingen,08435059,Volksbank Überlingen (Gf P2),76121
69070024,Konstanz,08335043,Deutsche Bank,21132
69070024,Überlingen,08435059,Deutsche Bank,21132
69070032,Konstanz,08335043,Deutsche Bank,27132
69070032,Überlingen,08435059,Deutsche Bank,27132
69091200,Hagnau am Bodensee,08435018,Hagnauer Volksbank,96083
69091200,Hagnau am Bodensee,08435018,Hagnauer Volksbank (Gf P2),86083
69091200,Immenstaad am Bodensee,08435024,Hagnauer Volksbank Zw Immenstaad,96083
69091600,Pfullendorf,08437088,Volksbank Pfullendorf,96145
69091600,Heiligenberg,08435020,Volksbank Pfullendorf Fil,96145
69091600,Pfullendorf,08437088,Volksbank Pfullendorf (Gf P2),86145
69220186,Singen (Hohentwiel),08335075,UniCredit Bank - HypoVereinsbank,22082
69240075,Singen (Hohentwiel),08335075,Commerzbank,24695
69240075,Donaueschingen,08326012,Commerzbank,24695
69240075,Schramberg,08325053,Commerzbank,24695
69240075,Überlingen,08435059,Commerzbank,24695
69250035,Singen (Hohentwiel),08335075,Sparkasse Hegau-Bodensee,56907
69250035,Gaienhofen,08335025,Sparkasse Hegau-Bodensee,56907
69250035,Moos,,Sparkasse Hegau-Bodensee,56907
69250035,Radolfzell am Bodensee,08335063,Sparkasse Hegau-Bodensee,56907
69250035,Rielasingen-Worblingen,08335100,Sparkasse Hegau-Bodensee,56907
69250035,Steißlingen,08335077,Sparkasse Hegau-Bodensee,56907
69250035,Volkertshausen,08335081,Sparkasse Hegau-Bodensee,56907
69250035,Öhningen,08335061,Sparkasse Hegau-Bodensee,56907
69251445,Engen,08335022,Sparkasse Engen-Gottmadingen,56909
69251445,Emmingen-Liptingen,08327057,Sparkasse Engen-Gottmadingen,56909
68391500,Schopfheim,08336081,VR Bank (Gf P2),86129
68452290,Waldshut-Tiengen,08337126,Sparkasse Hochrhein,56823
68452290,Albbruck,08337002,Sparkasse Hochrhein,56823
68452290,Bad Säckingen,08337096,Sparkasse Hochrhein,56823
68452290,Dogern,08337032,Sparkasse Hochrhein,56823
68452290,Görwihl,08337038,Sparkasse Hochrhein,56823
68452290,Herrischried,08337049,Sparkasse Hochrhein,56823
68452290,Hohentengen am Hochrhein,08337053,Sparkasse Hochrhein,56823
68452290,Jestetten,08337060,Sparkasse Hochrhein,56823
68452290,Klettgau,08337062,Sparkasse Hochrhein,56823
68452290,Küssaberg,08337125,Sparkasse Hochrhein,56823
68452290,Lauchringen,08337065,Sparkasse Hochrhein,56823
68452290,Laufenburg (Baden),08337066,Sparkasse Hochrhein,56823
68452290,Murg,08337076,Sparkasse Hochrhein,56823
68452290,Rickenbach,08337090,Sparkasse Hochrhein,56823
68452290,Wehr,,Sparkasse Hochrhein,56823
68452290,Wutöschingen,08337123,Sparkasse Hochrhein,56823
68462427,Wutöschingen,08337123,Volksbank Klettgau-Wutöschingen,66181
68462427,Klettgau,08337062,Volksbank Klettgau-Wutöschingen,66181
68462427,Weilheim,08337118,Volksbank Klettgau-Wutöschingen,66181
68462427,Wutöschingen,08337123,Volksbank Klettgau-Wutöschingen (Gf P2),76181
68490000,Bad Säckingen,08337096,Volksbank Rhein-Wehra -alt-,96013
68490000,Bad Säckingen,08337096,Volksbank Rhein-Wehra (Gf P2),86013
68490000,Bernau im Schwarzwald,08337013,Volksbank Rhein-Wehra,96013
68490000,Dogern,08337032,Volksbank Rhein-Wehra,96013
68490000,Görwihl,08337038,Volksbank Rhein-Wehra,96013
68490000,Laufenburg (Baden),08337066,Volksbank Rhein-Wehra,96013
68490000,Murg,08337076,Volksbank Rhein-Wehra,96013
68490000,Rheinfelden (Baden),08336069,Volksbank Rhein-Wehra,96013
68490000,Rickenbach,08337090,Volksbank Rhein-Wehra,96013
68490000,Todtmoos,08337108,Volksbank Rhein-Wehra,96013
68490000,Wehr,,Volksbank Rhein-Wehra,96013
68492200,Waldshut-Tiengen,08337126,Volksbank Hochrhein,96169
68492200,Waldshut-Tiengen,08337126,Volksbank Hochrhein (Gf P2),86169
69020190,Konstanz,08335043,UniCredit Bank - HypoVereinsbank,22045
69040045,Konstanz,08335043,Commerzbank,24693
69050001,Konstanz,08335043,Sparkasse Bodensee,56900
69050001,Eriskirch,08435013,Sparkasse Bodensee,56900
69050001,Friedrichshafen,08435016,Sparkasse Bodensee,56900
69050001,Kressbronn am Bodensee,08435029,Sparkasse Bodensee,56900
69050001,Langenargen,08435030,Sparkasse Bodensee,56900
69050001,Markdorf,08435034,Sparkasse Bodensee,56900
69050001,Meckenbeuren,08435035,Sparkasse Bodensee,56900
69050001,Meersburg,08435036,Sparkasse Bodensee,56900
69050001,Neukirch,,Sparkasse Bodensee,56900
69050001,Oberteuringen,08435045,Sparkasse Bodensee,56900
69050001,Owingen,08435047,Sparkasse Bodensee,56900
69050001,Tettnang,08435057,Sparkasse Bodensee,56900
69050001,Überlingen,08435059,Sparkasse Bodensee,56900
69051410,Reichenau,08335066,Bezirkssparkasse Reichenau,56902
68270024,Lahr,,Deutsche Bank,21133
68270033,Lahr,,Deutsche Bank,27133
68290000,Lahr,,Volksbank Lahr,96011
68290000,Lahr,,Volksbank Lahr (Gf P2),86011
68340058,Lörrach,08336050,Commerzbank,24682
68340058,Rheinfelden (Baden),08336069,Commerzbank,24682
68340058,Waldshut-Tiengen,08337126,Commerzbank,24682
68340058,Weil am Rhein,08336091,Commerzbank,24682
68350048,Lörrach,08336050,Sparkasse Lörrach-Rheinfelden,56816
68350048,Grenzach-Wyhlen,08336105,Sparkasse Lörrach-Rheinfelden,56816
68350048,Kandern,08336045,Sparkasse Lörrach-Rheinfelden,56816
68350048,Rheinfelden (Baden),08336069,Sparkasse Lörrach-Rheinfelden,56816
68350048,Schwörstadt,08336082,Sparkasse Lörrach-Rheinfelden,56816
68350048,Steinen,,Sparkasse Lörrach-Rheinfelden,56816
68351557,Schopfheim,08336081,Sparkasse Wiesental,56817
68351557,Kleines Wiesental,08336107,Sparkasse Wiesental,56817
68351557,Maulburg,08336057,Sparkasse Wiesental,56817
68351557,Schönau im Schwarzwald,08336079,Sparkasse Wiesental,56817
68351557,Todtnau,08336087,Sparkasse Wiesental,56817
68351557,Zell im Wiesental,08336103,Sparkasse Wiesental,56817
68351865,Weil am Rhein,08336091,Sparkasse Markgräflerland,56818
68370024,Lörrach,08336050,Deutsche Bank,21134
68370024,Bad Säckingen,08337096,Deutsche Bank,21134
68370024,Grenzach-Wyhlen,08336105,Deutsche Bank,21134
68370024,Rheinfelden (Baden),08336069,Deutsche Bank,21134
68370024,Schopfheim,08336081,Deutsche Bank,21134
68370024,Waldshut-Tiengen,08337126,Deutsche Bank,21134
68370024,Wehr,,Deutsche Bank,21134
68370024,Weil am Rhein,08336091,Deutsche Bank,21134
68370034,Lörrach,08336050,Deutsche Bank,27134
68370034,Bad Säckingen,08337096,Deutsche Bank,27134
68370034,Grenzach-Wyhlen,08336105,Deutsche Bank,27134
68370034,Rheinfelden (Baden),08336069,Deutsche Bank,27134
68370034,Schopfheim,08336081,Deutsche Bank,27134
68370034,Waldshut-Tiengen,08337126,Deutsche Bank,27134
68370034,Wehr,,Deutsche Bank,27134
68370034,Weil am Rhein,08336091,Deutsche Bank,27134
68390000,Lörrach,08336050,Volksbank Dreiländereck,96012
68390000,Binzen,08336008,Volksbank Dreiländereck,96012
68390000,Efringen-Kirchen,08336014,Volksbank Dreiländereck,96012
68390000,Grenzach-Wyhlen,08336105,Volksbank Dreiländereck,96012
68390000,Kandern,08336045,Volksbank Dreiländereck,96012
68390000,Lörrach,08336050,Volksbank Dreiländereck (Gf P2),86012
68390000,Maulburg,08336057,Volksbank Dreiländereck,96012
68390000,Schliengen,08336078,Volksbank Dreiländereck,96012
68390000,Schopfheim,08336081,Volksbank Dreiländereck,96012
68390000,Steinen,,Volksbank Dreiländereck,96012
68390000,Weil am Rhein,08336091,Volksbank Dreiländereck,96012
68390000,Zell im Wiesental,08336103,Volksbank Dreiländereck,96012
68391500,Schopfheim,08336081,VR Bank -alt-,96129
68080030,Bad Krozingen,08315006,Commerzbank vormals Dresdner Bank,28680
68080030,Bad Säckingen,08337096,Commerzbank vormals Dresdner Bank,28680
68080030,Kehl,08317057,Commerzbank vormals Dresdner Bank,28680
68080030,Lörrach,08336050,Commerzbank vormals Dresdner Bank,28680
68080030,Offenburg,08317096,Commerzbank vormals Dresdner Bank,28680
68080030,Rheinfelden (Baden),08336069,Commerzbank vormals Dresdner Bank,28680
68080030,Weil am Rhein,08336091,Commerzbank vormals Dresdner Bank,28680
68080031,Freiburg im Breisgau,08311000,Commerzbank vormals Dresdner Bank Zw Münsterstraße,
68080085,Freiburg im Breisgau,08311000,"Commerzbank vormals Dresdner Bank, PCC DCC-ITGK 1",
68080086,Freiburg im Breisgau,08311000,"Commerzbank vormals Dresdner Bank, PCC DCC-ITGK 2",
68090000,Freiburg im Breisgau,08311000,Volksbank Freiburg,96010
68090000,Endingen am Kaiserstuhl,,Volksbank Freiburg,96010
68090000,Freiburg im Breisgau,08311000,Volksbank Freiburg (Gf P2),86010
68090000,Gundelfingen,08315047,Volksbank Freiburg Zw Gundelfingen,96010
68090000,Hinterzarten,08315052,Volksbank Freiburg,96010
68090000,Kirchzarten,08315064,Volksbank Kirchzarten Zndl d VB Freiburg,96010
68090000,Lenzkirch,08315068,Volksbank Freiburg,96010
68090000,March,08315132,Volksbank Freiburg Zw March-Hugstetten,96010
68090000,Merzhausen,08315073,Volksbank Freiburg Zw Merzhausen,96010
68090000,Sasbach am Kaiserstuhl,08316038,Volksbank Freiburg,96010
68090000,Schallstadt,08315098,Volksbank Freiburg,96010
68090000,Schönau im Schwarzwald,08336079,Volksbank Schönau Zndl d Volksbank Freiburg,96010
68090000,St. Märgen,08315094,Volksbank Freiburg Zw Märgen,96010
68090000,St. Peter,08315095,Volksbank Freiburg Zw St. Peter,96010
68090000,Stegen,08315109,Volksbank Freiburg Zw Stegen,96010
68090000,Titisee-Neustadt,08315113,Volksbank Freiburg,96010
68090000,Todtnau,08336087,Volksbank Todtnau Zndl d Volksbank Freiburg,96010
68090000,Umkirch,08315115,Volksbank Freiburg Zw Umkirch,96010
68090900,Freiburg im Breisgau,08311000,PSD Bank RheinNeckarSaar,96057
68091900,Müllheim im Markgräflerland,08315074,Volksbank Müllheim -alt-,96158
68091900,Müllheim im Markgräflerland,08315074,Volksbank Müllheim (Gf P2),86158
68092000,Emmendingen,08316011,Volksbank Breisgau Nord,96160
68092000,Bötzingen,08315013,Volksbank Breisgau Nord,96160
68092000,Denzlingen,08316009,Volksbank Breisgau Nord,96160
68092000,Elzach,08316010,Volksbank Breisgau Nord,96160
68092000,Emmendingen,08316011,Volksbank Breisgau Nord (Gf P2),86160
68092000,Freiamt,08316054,Volksbank Breisgau Nord,96160
68092000,Kenzingen,08316020,Volksbank Breisgau Nord,96160
68092000,Malterdingen,08316024,Volksbank Breisgau Nord,96160
68092000,Simonswald,08316042,Volksbank Breisgau Nord,96160
68092000,Teningen,08316043,Volksbank Breisgau Nord,96160
68092000,Waldkirch,08316056,Volksbank Breisgau Nord,96160
68092300,Staufen im Breisgau,08315108,Volksbank Staufen,96175
68092300,Bad Krozingen,08315006,Volksbank Bad Krozingen Zw d VB Staufen,96175
68092300,Ballrechten-Dottingen,08315008,Volksbank Staufen Zw Ballrechten-Dottingen,96175
68092300,Ehrenkirchen,08315131,Volksbank Staufen Zw Ehrenkirchen,96175
68092300,Heitersheim,08315050,Volksbank Heitersheim Zw d VB Staufen,96175
68092300,Münstertal,08315130,Volksbank Münstertal Zw d VB Staufen,96175
68092300,Staufen im Breisgau,08315108,Volksbank Staufen (Gf P2),86175
68092300,Sulzburg,08315111,Volksbank Staufen Zw Sulzburg,96175
68052328,Staufen im Breisgau,08315108,Sparkasse Staufen-Breisach,56810
68052328,Bad Krozingen,08315006,Sparkasse Staufen-Breisach,56810
68052328,Breisach am Rhein,08315015,Sparkasse Staufen-Breisach,56810
68052328,Ehrenkirchen,08315131,Sparkasse Staufen-Breisach,56810
68052328,Heitersheim,08315050,Sparkasse Staufen-Breisach,56810
68052328,Ihringen,08315059,Sparkasse Staufen-Breisach,56810
68052328,Schallstadt,08315098,Sparkasse Staufen-Breisach,56810
68052863,Todtnau,08336087,Sparkasse Schönau-Todtnau -alt-,56813
68052863,Schönau im Schwarzwald,08336079,Sparkasse Schönau-Todtnau,56813
68061505,Eschbach,,Volksbank Breisgau-Markgräflerland,66097
68061505,Bad Krozingen,08315006,Volksbank Breisgau-Markgräflerland,66097
68061505,Badenweiler,08315007,Volksbank Breisgau-Markgräflerland,66097
68061505,Breisach am Rhein,08315015,Volksbank Breisgau-Markgräflerland,66097
68061505,Buggingen,08315022,Volksbank Breisgau-Markgräflerland,66097
68061505,Ehrenkirchen,08315131,Volksbank Breisgau-Markgräflerland,66097
68061505,Eschbach,,Volksbank Breisgau-Markgräflerland (Gf P2),76097
68061505,Freiburg im Breisgau,08311000,Volksbank Breisgau-Markgräflerland,66097
68061505,Heitersheim,08315050,Volksbank Breisgau-Markgräflerland,66097
68061505,Ihringen,08315059,Volksbank Breisgau-Markgräflerland,66097
68061505,Müllheim im Markgräflerland,08315074,Volksbank Breisgau-Markgräflerland,66097
68061505,Neuenburg am Rhein,08315076,Volksbank Breisgau-Markgräflerland,66097
68061505,Schliengen,08336078,Volksbank Breisgau-Markgräflerland,66097
68062105,Denzlingen,08316009,Raiffeisenbank Denzlingen-Sexau,66146
68062105,Denzlingen,08316009,Raiffeisenbank Denzlingen-Sexau (Gf P2),76146
68062105,Sexau,08316039,Raiffeisenbank Denzlingen-Sexau,66146
68062730,Wyhl am Kaiserstuhl,,Raiffeisenbank Wyhl,66692
68062730,Wyhl am Kaiserstuhl,,Raiffeisenbank Wyhl (Gf P2),76692
68063479,Vogtsburg im Kaiserstuhl,08315133,Raiffeisenbank Kaiserstuhl,66241
68063479,Sasbach am Kaiserstuhl,08316038,Raiffeisenbank Kaiserstuhl Vogtsburg Zw,66241
68063479,Vogtsburg im Kaiserstuhl,08315133,Raiffeisenbank Kaiserstuhl (Gf P2),76241
68064222,Gundelfingen,08315047,Raiffeisenbank im Breisgau,66250
68064222,Endingen am Kaiserstuhl,,Raiffeisenbank im Breisgau,66250
68064222,Glottertal,08315041,Raiffeisenbank im Breisgau,66250
68064222,Gundelfingen,08315047,Raiffeisenbank im Breisgau (Gf P2),76250
68064222,March,08315132,Raiffeisenbank im Breisgau,66250
68064222,Reute,08316036,Raiffeisenbank im Breisgau,66250
68064222,Sasbach am Kaiserstuhl,08316038,Raiffeisenbank im Breisgau,66250
68070024,Freiburg im Breisgau,08311000,Deutsche Bank,21130
68070024,Emmendingen,08316011,Deutsche Bank,21130
68070024,Müllheim im Markgräflerland,08315074,Deutsche Bank,21130
68070024,Titisee-Neustadt,08315113,Deutsche Bank,21130
68070024,Waldkirch,08316056,Deutsche Bank,21130
68070030,Freiburg im Breisgau,08311000,Deutsche Bank,27130
68070030,Emmendingen,08316011,Deutsche Bank,27130
68070030,Müllheim im Markgräflerland,08315074,Deutsche Bank,27130
68070030,Titisee-Neustadt,08315113,Deutsche Bank,27130
68070030,Waldkirch,08316056,Deutsche Bank,27130
68070212,Freiburg im Breisgau,08311000,Postbank/DSL Ndl der Deutsche Bank,27212
68070224,Freiburg im Breisgau,08311000,Postbank/DSL Ndl der Deutsche Bank,21212
68080030,Freiburg im Breisgau,08311000,Commerzbank vormals Dresdner Bank,28680
67450048,Ravenstein,08225114,Sparkasse Neckartal-Odenwald,56716
67450048,Seckach,08225091,Sparkasse Neckartal-Odenwald,56716
67450048,Waldbrunn,,Sparkasse Neckartal-Odenwald,56716
67450048,Walldürn,08225109,Sparkasse Neckartal-Odenwald,56716
67460041,Mosbach,08225058,Volksbank Mosbach -alt-,66005
67460041,Mosbach,08225058,Volksbank Mosbach (Gf P2),76005
67461424,Buchen (Odenwald),08225014,Volksbank Franken,66089
67461424,Adelsheim,08225001,Volksbank Franken Zw,66089
67461424,Buchen (Odenwald),08225014,Volksbank Franken (Gf P2),76089
67461424,Hardheim,08225032,Volksbank Franken,66089
67461424,Höpfingen,08225039,Volksbank Franken,66089
67461424,Mudau,08225060,Volksbank Franken,66089
67461424,Osterburken,08225075,Volksbank Franken Zw,66089
67461424,Walldürn,08225109,Volksbank Franken,66089
67461733,Rosenberg,,Volksbank Kirnau-Krautheim,66115
67461733,Rosenberg,,Volksbank Kirnau-Krautheim (Gf P2),76115
67462368,Limbach,,Volksbank Limbach,66172
67462368,Limbach,,Volksbank Limbach (Gf P2),76172
68000000,Freiburg im Breisgau,08311000,Bundesbank,20680
68020186,Freiburg im Breisgau,08311000,UniCredit Bank - HypoVereinsbank,22121
68020186,Offenburg,08317096,UniCredit Bank - HypoVereinsbank,22121
68030000,Freiburg im Breisgau,08311000,Bankhaus E. Mayer,99031
68030000,Freiburg im Breisgau,08311000,Bankhaus E. Mayer (GF P2),89031
68040007,Freiburg im Breisgau,08311000,Commerzbank,24680
68040007,Bad Krozingen,08315006,Commerzbank,24680
68040007,Bad Säckingen,08337096,Commerzbank,24680
68040007,Emmendingen,08316011,Commerzbank,24680
68040007,Kehl,08317057,Commerzbank,24680
68040007,Lahr,,Commerzbank,24680
68050101,Freiburg im Breisgau,08311000,Sparkasse Freiburg-Nördlicher Breisgau,56801
68050101,Elzach,08316010,Sparkasse Freiburg-Nördlicher Breisgau,56801
68050101,Emmendingen,08316011,Sparkasse Freiburg-Nördlicher Breisgau,56801
68050101,Kenzingen,08316020,Sparkasse Freiburg-Nördlicher Breisgau,56801
68050101,Waldkirch,08316056,Sparkasse Freiburg-Nördlicher Breisgau,56801
68051004,Titisee-Neustadt,08315113,Sparkasse Hochschwarzwald,56802
68051004,Kirchzarten,08315064,Sparkasse Hochschwarzwald,56802
68051004,Lenzkirch,08315068,Sparkasse Hochschwarzwald,56802
68051004,Löffingen,08315070,Sparkasse Hochschwarzwald,56802
68051207,Bonndorf im Schwarzwald,08337022,Sparkasse Bonndorf-Stühlingen,56803
68051207,Eggingen,08337124,Sparkasse Bonndorf-Stühlingen,56803
68051207,Grafenhausen,08337039,Sparkasse Bonndorf-Stühlingen,56803
68051207,Stühlingen,08337106,Sparkasse Bonndorf-Stühlingen,56803
68051207,Wutach,08337127,Sparkasse Bonndorf-Stühlingen,56803
68051207,Ühlingen-Birkendorf,08337128,Sparkasse Bonndorf-Stühlingen,56803
68052230,St. Blasien,08337097,Sparkasse St. Blasien,56809
68052230,Bernau im Schwarzwald,08337013,Sparkasse St. Blasien,56809
68052230,Dachsberg (Südschwarzwald),08337027,Sparkasse St. Blasien,56809
68052230,Häusern,08337045,Sparkasse St. Blasien,56809
68052230,Höchenschwand,08337051,Sparkasse St. Blasien,56809
68052230,Schluchsee,08315102,Sparkasse St. Blasien,56809
67292200,Wiesloch,08226098,Volksbank Kraichgau (Gf P2),86167
67352565,Tauberbischofsheim,08128115,Sparkasse Tauberfranken,56714
67352565,Assamstadt,08128006,Sparkasse Tauberfranken,56714
67352565,Bad Mergentheim,08128007,Sparkasse Tauberfranken,56714
67352565,Boxberg,,Sparkasse Tauberfranken,56714
67352565,Creglingen,08128020,Sparkasse Tauberfranken,56714
67352565,Freudenberg,,Sparkasse Tauberfranken,56714
67352565,Großrinderfeld,08128045,Sparkasse Tauberfranken,56714
67352565,Grünsfeld,08128047,Sparkasse Tauberfranken,56714
67352565,Hardheim,08225032,Sparkasse Tauberfranken,56714
67352565,Höpfingen,08225039,Sparkasse Tauberfranken,56714
67352565,Igersheim,08128058,Sparkasse Tauberfranken,56714
67352565,Külsheim,08128064,Sparkasse Tauberfranken,56714
67352565,Königheim,08128061,Sparkasse Tauberfranken,56714
67352565,Lauda-Königshofen,08128139,Sparkasse Tauberfranken,56714
67352565,Niederstetten,08128082,Sparkasse Tauberfranken,56714
67352565,Weikersheim,08128126,Sparkasse Tauberfranken,56714
67352565,Werbach,08128128,Sparkasse Tauberfranken,56714
67352565,Wertheim,08128131,Sparkasse Tauberfranken,56714
67352565,Wittighausen,08128137,Sparkasse Tauberfranken,56714
67390000,Wertheim,08128131,Ihre Volksbank Neckar Odenwald Main Tauber,96009
67390000,Bad Mergentheim,08128007,Ihre Volksbank Neckar Odenwald Main Tauber,96009
67390000,Boxberg,,Ihre Volksbank Neckar Odenwald Main Tauber,96009
67390000,Creglingen,08128020,Ihre Volksbank Neckar Odenwald Main Tauber,96009
67390000,Großrinderfeld,08128045,Ihre Volksbank Neckar Odenwald Main Tauber,96009
67390000,Grünsfeld,08128047,Ihre Volksbank Neckar Odenwald Main Tauber,96009
67390000,Igersheim,08128058,Ihre Volksbank Neckar Odenwald Main Tauber,96009
67390000,Kreuzwertheim,09677151,Ihre Volksbank Neckar Odenwald Main Tauber,96009
67390000,Külsheim,08128064,Ihre Volksbank Neckar Odenwald Main Tauber,96009
67390000,Königheim,08128061,Ihre Volksbank Neckar Odenwald Main Tauber,96009
67390000,Lauda-Königshofen,08128139,Ihre Volksbank Neckar Odenwald Main Tauber,96009
67390000,Niederstetten,08128082,Ihre Volksbank Neckar Odenwald Main Tauber,96009
67390000,Tauberbischofsheim,08128115,Ihre Volksbank Neckar Odenwald Main Tauber,96009
67390000,Weikersheim,08128126,Ihre Volksbank Neckar Odenwald Main Tauber,96009
67390000,Werbach,08128128,Ihre Volksbank Neckar Odenwald Main Tauber,96009
67390000,Wertheim,08128131,Ihre Volksbank Neckar Odenwald Main Tauber (Gf P2),86009
67450048,Mosbach,08225058,Sparkasse Neckartal-Odenwald,56716
67450048,Adelsheim,08225001,Sparkasse Neckartal-Odenwald,56716
67450048,Aglasterhausen,08225002,Sparkasse Neckartal-Odenwald,56716
67450048,Billigheim,08225009,Sparkasse Neckartal-Odenwald,56716
67450048,Buchen (Odenwald),08225014,Sparkasse Neckartal-Odenwald,56716
67450048,Eberbach,08226013,Sparkasse Neckartal-Odenwald,56716
67450048,Elztal,08225117,Sparkasse Neckartal-Odenwald,56716
67450048,Fahrenbach,08225024,Sparkasse Neckartal-Odenwald,56716
67450048,Haßmersheim,08225033,Sparkasse Neckartal-Odenwald,56716
67450048,Krautheim,08126045,Sparkasse Neckartal-Odenwald,56716
67450048,Limbach,,Sparkasse Neckartal-Odenwald,56716
67450048,Mudau,08225060,Sparkasse Neckartal-Odenwald,56716
67450048,Obrigheim,08225074,Sparkasse Neckartal-Odenwald,56716
67450048,Osterburken,08225075,Sparkasse Neckartal-Odenwald,56716
67262550,St. Leon-Rot,08226103,Volksbank Rot (Gf P2),76194
67270003,Heidelberg,08221000,Deutsche Bank,27189
67270003,Mosbach,08225058,Deutsche Bank,27189
67270003,Wiesloch,08226098,Deutsche Bank,27189
67270024,Heidelberg,08221000,Deutsche Bank,21189
67270024,Mosbach,08225058,Deutsche Bank,21189
67270024,Wiesloch,08226098,Deutsche Bank,21189
67280051,Heidelberg,08221000,Commerzbank vormals Dresdner Bank,28672
67280051,Eppelheim,08226018,Commerzbank vormals Dresdner Bank,28672
67290000,Heidelberg,08221000,Heidelberger Volksbank -alt-,96008
67290000,Dossenheim,08226012,Heidelberger Volksbank,96008
67290000,Eppelheim,08226018,Heidelberger Volksbank,96008
67290000,Heidelberg,08221000,Heidelberger Volksbank (Gf P2),86008
67290100,Heidelberg,08221000,Volksbank Kurpfalz -alt-,96023
67290100,Heidelberg,08221000,Volksbank Kurpfalz (Gf P2),86023
67291700,Heidelberg,08221000,Volksbank Heidelberg-Neckartal,96148
67291700,Aglasterhausen,08225002,Volksbank Heidelberg-Neckartal,96148
67291700,Bammental,08226006,Volksbank Heidelberg-Neckartal,96148
67291700,Eberbach,08226013,Volksbank Heidelberg-Neckartal (Gf P2),86148
67291700,Epfenbach,08226017,Volksbank Heidelberg-Neckartal,96148
67291700,Eschelbronn,08226020,Volksbank Heidelberg-Neckartal,96148
67291700,Gaiberg,08226022,Volksbank Heidelberg-Neckartal,96148
67291700,Helmstadt-Bargen,08226106,Volksbank Heidelberg-Neckartal,96148
67291700,Hirschhorn (Neckar),,Volksbank Heidelberg-Neckartal,96148
67291700,Leimen,,Volksbank Heidelberg-Neckartal,96148
67291700,Lobbach,08226104,Volksbank Heidelberg-Neckartal,96148
67291700,Mauer,08226048,Volksbank Heidelberg-Neckartal,96148
67291700,Meckesheim,08226049,Volksbank Heidelberg-Neckartal,96148
67291700,Neckarbischofsheim,08226055,Volksbank Heidelberg-Neckartal,96148
67291700,Neckargemünd,08226056,Volksbank Heidelberg-Neckartal,96148
67291700,Neckargerach,08225064,Volksbank Heidelberg-Neckartal,96148
67291700,Neckarsteinach,06431018,Volksbank Heidelberg-Neckartal,96148
67291700,Neidenstein,08226058,Volksbank Heidelberg-Neckartal,96148
67291700,Neunkirchen,,Volksbank Heidelberg-Neckartal,96148
67291700,Obrigheim,08225074,Volksbank Heidelberg-Neckartal,96148
67291700,Reichartshausen,08226066,Volksbank Heidelberg-Neckartal,96148
67291700,Schönau,,Volksbank Heidelberg-Neckartal,96148
67291700,Schönbrunn,08226081,Volksbank Heidelberg-Neckartal,96148
67291700,Spechbach,08226086,Volksbank Heidelberg-Neckartal,96148
67291700,Waibstadt,08226091,Volksbank Heidelberg-Neckartal,96148
67291700,Wald-Michelbach,06431021,Volksbank Heidelberg-Neckartal,96148
67291700,Waldbrunn,,Volksbank Heidelberg-Neckartal,96148
67291700,Wiesenbach,,Volksbank Heidelberg-Neckartal,96148
67291700,Zuzenhausen,08226101,Volksbank Heidelberg-Neckartal,96148
67291900,Sinsheim,08226085,Volksbank Kraichgau -alt-,96157
67291900,Sinsheim,08226085,Volksbank Kraichgau (Gf P2),86157
67292200,Wiesloch,08226098,Volksbank Kraichgau,96167
67292200,Kirchardt,08125049,Volksbank Kraichgau,96167
67292200,Oberhausen-Rheinhausen,08215107,Volksbank Kraichgau,96167
67292200,Sinsheim,08226085,Volksbank Kraichgau,96167
67092300,Eppelheim,08226018,Volksbank Kurpfalz,96174
67092300,Heidelberg,08221000,Volksbank Kurpfalz (Gf P2),86174
67092300,Hemsbach,08226031,Volksbank Kurpfalz,96174
67092300,Hirschberg an der Bergstraße,08226107,Volksbank Kurpfalz,96174
67092300,Ladenburg,08226038,Volksbank Kurpfalz,96174
67092300,Leimen,,Volksbank Kurpfalz,96174
67092300,Mörlenbach,06431017,Volksbank Kurpfalz,96174
67092300,Sandhausen,08226076,Volksbank Kurpfalz,96174
67092300,Schriesheim,08226082,Volksbank Kurpfalz,96174
67092300,Wald-Michelbach,06431021,Volksbank Kurpfalz,96174
67092300,Weinheim,08226096,Volksbank Kurpfalz,96174
67092300,Wilhelmsfeld,08226099,Volksbank Kurpfalz,96174
67220286,Heidelberg,08221000,UniCredit Bank - HypoVereinsbank,22036
67230000,Wiesloch,08226098,MLP Banking,29102
67230001,Wiesloch,08226098,MLP Banking Zw CS,99008
67230001,Wiesloch,08226098,MLP Banking Zw CS (Gf P2),89008
67240039,Heidelberg,08221000,Commerzbank,24671
67240039,Eppelheim,08226018,Commerzbank,24671
67250020,Heidelberg,08221000,Sparkasse Heidelberg,56705
67250020,Bammental,08226006,Sparkasse Heidelberg,56705
67250020,Brühl,,Sparkasse Heidelberg,56705
67250020,Dielheim,08226010,Sparkasse Heidelberg,56705
67250020,Dossenheim,08226012,Sparkasse Heidelberg,56705
67250020,Eppelheim,08226018,Sparkasse Heidelberg,56705
67250020,Gaiberg,08226022,Sparkasse Heidelberg,56705
67250020,Heddesbach,08226027,Sparkasse Heidelberg,56705
67250020,Heiligkreuzsteinach,08226029,Sparkasse Heidelberg,56705
67250020,Ketsch,08226037,Sparkasse Heidelberg,56705
67250020,Leimen,,Sparkasse Heidelberg,56705
67250020,Lobbach,08226104,Sparkasse Heidelberg,56705
67250020,Malsch,,Sparkasse Heidelberg,56705
67250020,Mauer,08226048,Sparkasse Heidelberg,56705
67250020,Meckesheim,08226049,Sparkasse Heidelberg,56705
67250020,Mühlhausen,,Sparkasse Heidelberg,56705
67250020,Nußloch,08226060,Sparkasse Heidelberg,56705
67250020,Oftersheim,08226062,Sparkasse Heidelberg,56705
67250020,Plankstadt,08226063,Sparkasse Heidelberg,56705
67250020,Rauenberg,08226065,Sparkasse Heidelberg,56705
67250020,Sandhausen,08226076,Sparkasse Heidelberg,56705
67250020,Schwetzingen,08226084,Sparkasse Heidelberg,56705
67250020,Schönau,,Sparkasse Heidelberg,56705
67250020,St. Leon-Rot,08226103,Sparkasse Heidelberg,56705
67250020,Walldorf,08226095,Sparkasse Heidelberg,56705
67250020,Wiesenbach,,Sparkasse Heidelberg,56705
67250020,Wiesloch,08226098,Sparkasse Heidelberg,56705
67250020,Wilhelmsfeld,08226099,Sparkasse Heidelberg,56705
67262243,Wiesloch,08226098,Raiffeisenbank Baiertal,66160
67262243,Dielheim,08226010,Raiffeisenbank Baiertal,66160
67262243,Wiesloch,08226098,Raiffeisenbank Baiertal (Gf P2),76160
67262550,St. Leon-Rot,08226103,Volksbank Rot,66194
67040060,Mannheim,08222000,Commerzbank CC,
67040061,Mannheim,08222000,Commerzbank CC,
67040085,Mannheim,08222000,"Commerzbank, Gf Web-K",
67050505,Mannheim,08222000,Sparkasse Rhein Neckar Nord,56799
67051203,Hockenheim,08226032,Sparkasse Hockenheim,56702
67051203,Altlußheim,08226003,Sparkasse Hockenheim,56702
67051203,Neulußheim,08226059,Sparkasse Hockenheim,56702
67051203,Reilingen,08226068,Sparkasse Hockenheim,56702
67060031,Mannheim,08222000,Volksbank Sandhofen,66004
67060031,Mannheim,08222000,Volksbank Sandhofen (Gf P2),76004
67070010,Mannheim,08222000,Deutsche Bank,27180
67070010,Hockenheim,08226032,Deutsche Bank,27180
67070010,Schwetzingen,08226084,Deutsche Bank,27180
67070010,Viernheim,06431020,Deutsche Bank,27180
67070010,Weinheim,08226096,Deutsche Bank,27180
67070024,Mannheim,08222000,Deutsche Bank,21180
67070024,Hockenheim,08226032,Deutsche Bank,21180
67070024,Schwetzingen,08226084,Deutsche Bank,21180
67070024,Viernheim,06431020,Deutsche Bank,21180
67070024,Weinheim,08226096,Deutsche Bank,21180
67080050,Mannheim,08222000,Commerzbank vormals Dresdner Bank,28670
67080050,Frankenthal (Pfalz),07311000,Commerzbank vormals Dresdner Bank,28670
67080050,Grünstadt,07332024,Commerzbank vormals Dresdner Bank,28670
67080050,Ladenburg,08226038,Commerzbank vormals Dresdner Bank,28670
67080050,Lampertheim,06431013,Commerzbank vormals Dresdner Bank,28670
67080050,Landau in der Pfalz,07313000,Commerzbank vormals Dresdner Bank,28670
67080050,Mosbach,08225058,Commerzbank vormals Dresdner Bank,28670
67080050,Speyer,07318000,Commerzbank vormals Dresdner Bank,28670
67080050,Viernheim,06431020,Commerzbank vormals Dresdner Bank,28670
67080050,Walldorf,08226095,Commerzbank vormals Dresdner Bank,28670
67080050,Weinheim,08226096,Commerzbank vormals Dresdner Bank,28670
67080050,Worms,07319000,Commerzbank vormals Dresdner Bank,28670
67080085,Mannheim,08222000,"Commerzbank vormals Dresdner Bank, PCC DCC-ITGK 2",
67080086,Mannheim,08222000,"Commerzbank vormals Dresdner Bank, PCC DCC-ITGK 3",
67089440,Stuttgart,08111000,Commerzbank vormals Dresdner Bank ITGK,
67090000,Mannheim,08222000,VR Bank Rhein-Neckar,96007
67090000,Altrip,07338001,VR Bank Rhein-Neckar,96007
67090000,Dannstadt-Schauernheim,07338006,VR Bank Rhein-Neckar,96007
67090000,Edingen-Neckarhausen,08226105,VR Bank Rhein-Neckar,96007
67090000,Fußgönheim,07338008,VR Bank Rhein-Neckar,96007
67090000,Heddesheim,08226028,VR Bank Rhein-Neckar,96007
67090000,Hochdorf-Assenheim,07338014,VR Bank Rhein-Neckar,96007
67090000,Ilvesheim,08226036,VR Bank Rhein-Neckar,96007
67090000,Limburgerhof,07338017,VR Bank Rhein-Neckar,96007
67090000,Ludwigshafen am Rhein,07314000,VR Bank Rhein-Neckar,96007
67090000,Mannheim,08222000,VR Bank Rhein-Neckar (Gf P2),86007
67090000,Mutterstadt,07338019,VR Bank Rhein-Neckar,96007
67090000,Neuhofen,07338020,VR Bank Rhein-Neckar,96007
67092300,Heidelberg,08221000,Volksbank Kurpfalz,96174
67092300,Birkenau,06431004,Volksbank Kurpfalz,96174
66562300,Hügelsheim,08216022,VR-Bank in Mittelbaden,66164
66562300,Iffezheim,08216023,VR-Bank in Mittelbaden (Gf P2),76164
66562300,Muggensturm,08216033,VR-Bank in Mittelbaden,66164
66562300,Rastatt,08216043,VR-Bank in Mittelbaden,66164
66562300,Rheinmünster,08216063,VR-Bank in Mittelbaden,66164
66562300,Sinzheim,08216049,VR-Bank in Mittelbaden,66164
66562300,Steinmauern,08216052,VR-Bank in Mittelbaden,66164
66562300,Ötigheim,08216039,VR-Bank in Mittelbaden,66164
66640035,Pforzheim,08231000,Commerzbank,24607
66640035,Mühlacker,08236040,Commerzbank,24607
66650085,Pforzheim,08231000,Sparkasse Pforzheim Calw,56624
66661244,Neulingen,08236073,Raiffeisenbank Bauschlott -alt-,66677
66661244,Neulingen,08236073,Raiffeisenbank Bauschlott (Gf P2),76677
66661329,Kieselbronn,08236031,Raiffeisenbank Kieselbronn,66074
66661329,Kieselbronn,08236031,Raiffeisenbank Kieselbronn (Gf P2),76074
66661454,Niefern-Öschelbronn,08236046,VR Bank im Enzkreis -alt-,66091
66661454,Niefern-Öschelbronn,08236046,VR Bank im Enzkreis (Gf P2),76091
66662155,Kämpfelbach,08236074,Raiffeisenbank Ersingen,66148
66662155,Kämpfelbach,08236074,Raiffeisenbank Ersingen (Gf P2),76148
66662220,Königsbach-Stein,08236076,Volksbank Stein Eisingen -alt-,66153
66662220,Königsbach-Stein,08236076,Volksbank Stein Eisingen (Gf P2),76153
66670006,Pforzheim,08231000,Deutsche Bank,27199
66670006,Mühlacker,08236040,Deutsche Bank,27199
66670024,Pforzheim,08231000,Deutsche Bank,21199
66670024,Mühlacker,08236040,Deutsche Bank,21199
66680013,Pforzheim,08231000,Commerzbank vormals Dresdner Bank,28666
66680013,Mühlacker,08236040,Commerzbank vormals Dresdner Bank,28666
66690000,Pforzheim,08231000,Volksbank Pforzheim -alt-,96006
66690000,Mühlacker,08236040,Volksbank Pforzheim Zw Mühlacker,96006
66690000,Pforzheim,08231000,Volksbank Pforzheim (Gf P2),86006
66692300,Remchingen,08236071,VR Bank Enz plus -alt-,96173
66692300,Remchingen,08236071,VR Bank Enz plus (Gf P2),86173
66762332,Kirchardt,08125049,Raiffeisenbank Kraichgau -alt-,66166
66762332,Kirchardt,08125049,Raiffeisenbank Kraichgau (Gf P2),76166
66762433,Neudenau,08125068,Raiffeisenbank Neudenau-Stein-Herbolzheim -alt-,66680
66762433,Neudenau,08125068,Raiffeisenbank Neudenau-Stein-Herbolzheim (Gf P2),76680
67020190,Mannheim,08222000,UniCredit Bank - HypoVereinsbank,22055
67040031,Mannheim,08222000,Commerzbank,24670
67040031,Grünstadt,07332024,Commerzbank,24670
67040031,Hockenheim,08226032,Commerzbank,24670
67040031,Ladenburg,08226038,Commerzbank,24670
67040031,Lampertheim,06431013,Commerzbank,24670
67040031,Landau in der Pfalz,07313000,Commerzbank,24670
67040031,Mosbach,08225058,Commerzbank,24670
67040031,Schwetzingen,08226084,Commerzbank,24670
67040031,Sinsheim,08226085,Commerzbank,24670
67040031,Viernheim,06431020,Commerzbank,24670
67040031,Walldorf,08226095,Commerzbank,24670
67040031,Weinheim,08226096,Commerzbank,24670
67040031,Wiesloch,08226098,Commerzbank,24670
66470024,Kehl,08317057,Deutsche Bank,21136
66470024,Oberkirch,08317089,Deutsche Bank,21136
66470035,Offenburg,08317096,Deutsche Bank,27136
66470035,Haslach im Kinzigtal,08317040,Deutsche Bank,27136
66470035,Kehl,08317057,Deutsche Bank,27136
66470035,Oberkirch,08317089,Deutsche Bank,27136
66490000,Offenburg,08317096,Volksbank - Die Gestalterbank,96004
66490000,Appenweier,08317005,Volksbank - Die Gestalterbank,96004
66490000,Bad Peterstal-Griesbach,08317008,Volksbank - Die Gestalterbank,96004
66490000,Durbach,08317021,Volksbank - Die Gestalterbank,96004
66490000,Neuried,,Volksbank - Die Gestalterbank,96004
66490000,Oberkirch,08317089,Volksbank - Die Gestalterbank,96004
66490000,Offenburg,08317096,Volksbank - Die Gestalterbank (Gf P2),86004
66490000,Oppenau,08317098,Volksbank - Die Gestalterbank,96004
66490000,Ortenberg,,Volksbank - Die Gestalterbank,96004
66490000,Schutterwald,08317122,Volksbank - Die Gestalterbank,96004
66490000,Willstätt,08317141,Volksbank - Die Gestalterbank,96004
66491800,Kehl,08317057,Volksbank Bühl Fil Kehl,96154
66491800,Willstätt,08317141,Volksbank Bühl Zw Willstätt,96154
66492600,Appenweier,08317005,Volksbank Appenweier-Urloffen Appenweier -alt-,96180
66492700,Wolfach,08317145,Volksbank Mittlerer Schwarzwald,96186
66492700,Aichhalden,08325001,Volksbank Mittlerer Schwarzwald,96186
66492700,Alpirsbach,08237002,Volksbank Mittlerer Schwarzwald,96186
66492700,Furtwangen im Schwarzwald,08326017,Volksbank Mittlerer Schwarzwald,96186
66492700,Gutach (Schwarzwaldbahn),08317039,Volksbank Mittlerer Schwarzwald,96186
66492700,Haslach im Kinzigtal,08317040,Volksbank Mittlerer Schwarzwald,96186
66492700,Hausach,08317041,Volksbank Mittlerer Schwarzwald,96186
66492700,Hornberg,08317051,Volksbank Mittlerer Schwarzwald,96186
66492700,Oberwolfach,08317093,Volksbank Mittlerer Schwarzwald,96186
66492700,Schenkenzell,08325050,Volksbank Mittlerer Schwarzwald,96186
66492700,Schiltach,08325051,Volksbank Mittlerer Schwarzwald,96186
66492700,Schonach im Schwarzwald,08326055,Volksbank Mittlerer Schwarzwald,96186
66492700,Schönwald im Schwarzwald,08326054,Volksbank Mittlerer Schwarzwald,96186
66492700,Steinach,,Volksbank Mittlerer Schwarzwald,96186
66492700,Triberg im Schwarzwald,08326060,Volksbank Mittlerer Schwarzwald,96186
66492700,Wolfach,08317145,Volksbank Mittlerer Schwarzwald (Gf P2),86186
66550070,Rastatt,08216043,Sparkasse Rastatt-Gernsbach,56619
66550070,Durmersheim,08216009,Sparkasse Rastatt-Gernsbach,56619
66550070,Forbach,08216013,Sparkasse Rastatt-Gernsbach,56619
66550070,Gernsbach,08216017,Sparkasse Rastatt-Gernsbach,56619
66550070,Hügelsheim,08216022,Sparkasse Rastatt-Gernsbach,56619
66550070,Iffezheim,08216023,Sparkasse Rastatt-Gernsbach,56619
66550070,Muggensturm,08216033,Sparkasse Rastatt-Gernsbach,56619
66562053,Durmersheim,08216009,Raiffeisenbank Südhardt Durmersheim,66144
66562053,Au am Rhein,08216002,Raiffeisenbank Südhardt Durmersheim,66144
66562053,Bietigheim,08216005,Raiffeisenbank Südhardt Durmersheim,66144
66562053,Durmersheim,08216009,Raiffeisenbank Südhardt Durmersheim (Gf P2),76144
66562053,Elchesheim-Illingen,08216012,Raiffeisenbank Südhardt Durmersheim,66144
66562300,Iffezheim,08216023,VR-Bank in Mittelbaden,66164
66562300,Baden-Baden,08211000,VR-Bank in Mittelbaden,66164
66350036,Walzbachtal,08215089,Sparkasse Kraichgau Bruchsal-Bretten-Sinsheim,56607
66350036,Östringen,08215064,Sparkasse Kraichgau Bruchsal-Bretten-Sinsheim,56607
66391200,Bretten,08215007,Volksbank Bruchsal-Bretten -alt-,96079
66391200,Bretten,08215007,Volksbank Bruchsal-Bretten (Gf P2),86079
66391600,Oberhausen-Rheinhausen,08215107,Volksbank Bruhrain-Kraich-Hardt -alt-,96143
66391600,Oberhausen-Rheinhausen,08215107,Volksbank Bruhrain-Kraich-Hardt (Gf P2),86143
66432700,Frankfurt am Main,06412000,Yapi Kredi Bank Deutschland,26066
66440084,Offenburg,08317096,Commerzbank,24683
66450050,Offenburg,08317096,Sparkasse Offenburg/Ortenau,56611
66450050,Achern,08317001,Sparkasse Offenburg/Ortenau,56611
66450050,Appenweier,08317005,Sparkasse Offenburg/Ortenau,56611
66450050,Bad Peterstal-Griesbach,08317008,Sparkasse Offenburg/Ortenau,56611
66450050,Durbach,08317021,Sparkasse Offenburg/Ortenau,56611
66450050,Ettenheim,08317026,Sparkasse Offenburg/Ortenau,56611
66450050,Friesenheim,,Sparkasse Offenburg/Ortenau,56611
66450050,Hohberg,08317047,Sparkasse Offenburg/Ortenau,56611
66450050,Kappel-Grafenhausen,08317152,Sparkasse Offenburg/Ortenau,56611
66450050,Kappelrodeck,08317056,Sparkasse Offenburg/Ortenau,56611
66450050,Kippenheim,08317059,Sparkasse Offenburg/Ortenau,56611
66450050,Lahr,,Sparkasse Offenburg/Ortenau,56611
66450050,Lautenbach,08317067,Sparkasse Offenburg/Ortenau,56611
66450050,Mahlberg,08317073,Sparkasse Offenburg/Ortenau,56611
66450050,Meißenheim,08317075,Sparkasse Offenburg/Ortenau,56611
66450050,Neuried,,Sparkasse Offenburg/Ortenau,56611
66450050,Oberkirch,08317089,Sparkasse Offenburg/Ortenau,56611
66450050,Oppenau,08317098,Sparkasse Offenburg/Ortenau,56611
66450050,Ortenberg,,Sparkasse Offenburg/Ortenau,56611
66450050,Ottenhöfen im Schwarzwald,08317102,Sparkasse Offenburg/Ortenau,56611
66450050,Renchen,08317110,Sparkasse Offenburg/Ortenau,56611
66450050,Ringsheim,08317113,Sparkasse Offenburg/Ortenau,56611
66450050,Rust,08317114,Sparkasse Offenburg/Ortenau,56611
66450050,Sasbach,08317116,Sparkasse Offenburg/Ortenau,56611
66450050,Sasbachwalden,08317118,Sparkasse Offenburg/Ortenau,56611
66450050,Schuttertal,08317121,Sparkasse Offenburg/Ortenau,56611
66450050,Schutterwald,08317122,Sparkasse Offenburg/Ortenau,56611
66450050,Schwanau,08317150,Sparkasse Offenburg/Ortenau,56611
66450050,Seelbach,,Sparkasse Offenburg/Ortenau,56611
66451346,Gengenbach,08317034,Sparkasse Gengenbach -alt-,56612
66451548,Haslach im Kinzigtal,08317040,Sparkasse Kinzigtal,56613
66451862,Kehl,08317057,Sparkasse Hanauerland,56615
66451862,Lichtenau,,Sparkasse Hanauerland,56615
66451862,Rheinau,,Sparkasse Hanauerland,56615
66451862,Willstätt,08317141,Sparkasse Hanauerland,56615
66452776,Wolfach,08317145,Sparkasse Wolfach,56617
66452776,Bad Rippoldsau-Schapbach,08237075,Sparkasse Wolfach,56617
66452776,Oberwolfach,08317093,Sparkasse Wolfach,56617
66452776,Schenkenzell,08325050,Sparkasse Wolfach,56617
66452776,Schiltach,08325051,Sparkasse Wolfach,56617
66470024,Offenburg,08317096,Deutsche Bank,21136
66470024,Haslach im Kinzigtal,08317040,Deutsche Bank,21136
66261092,Bühlertal,08216008,Spar- und Kreditbank (Gf P2),76669
66261416,Bühl,08216007,Raiffeisenbank Altschweier,66088
66261416,Bühl,08216007,Raiffeisenbank Altschweier (Gf P2),76088
66270001,Baden-Baden,08211000,Deutsche Bank,27182
66270001,Bühl,08216007,Deutsche Bank,27182
66270001,Gaggenau,08216015,Deutsche Bank,27182
66270001,Gernsbach,08216017,Deutsche Bank,27182
66270001,Rastatt,08216043,Deutsche Bank,27182
66270024,Baden-Baden,08211000,Deutsche Bank,21182
66270024,Bühl,08216007,Deutsche Bank,21182
66270024,Gaggenau,08216015,Deutsche Bank,21182
66270024,Gernsbach,08216017,Deutsche Bank,21182
66270024,Rastatt,08216043,Deutsche Bank,21182
66280053,Baden-Baden,08211000,Commerzbank vormals Dresdner Bank,28662
66280053,Bühl,08216007,Commerzbank vormals Dresdner Bank,28662
66280053,Rastatt,08216043,Commerzbank vormals Dresdner Bank,28662
66290000,Rastatt,08216043,Volksbank Baden-Baden Rastatt -alt-,96002
66290000,Baden-Baden,08211000,Volksbank Baden-Baden Rastatt,96002
66290000,Rastatt,08216043,Volksbank Baden-Baden Rastatt (Gf P2),86002
66291300,Achern,08317001,Volksbank Achern -alt-,96095
66291300,Achern,08317001,Volksbank Achern (Gf P2),86095
66291400,Bühl,08216007,Volksbank Bühl,96108
66291400,Baden-Baden,08211000,Volksbank Bühl Zw Steinbach,96108
66291400,Bühl,08216007,Volksbank Bühl (Gf P2),86108
66291400,Bühlertal,08216008,Volksbank Bühl Zw Bühlertal,96108
66291400,Kehl,08317057,Volksbank Bühl Fil Kehl,96108
66291400,Lichtenau,,Volksbank Bühl Fil Lichtenau,96108
66291400,Ottersweier,08216041,Volksbank Bühl Zw Ottersweier,96108
66291400,Rheinau,,Volksbank Bühl Fil Rheinau,96108
66291400,Rheinmünster,08216063,Volksbank Bühl Zw Rheinmünster,96108
66340018,Bruchsal,08215009,Commerzbank,24662
66350036,Bruchsal,08215009,Sparkasse Kraichgau Bruchsal-Bretten-Sinsheim,56607
66350036,Angelbachtal,08226102,Sparkasse Kraichgau Bruchsal-Bretten-Sinsheim,56607
66350036,Bad Rappenau,08125006,Sparkasse Kraichgau Bruchsal-Bretten-Sinsheim,56607
66350036,Bad Schönborn,08215100,Sparkasse Kraichgau Bruchsal-Bretten-Sinsheim,56607
66350036,Bretten,08215007,Sparkasse Kraichgau Bruchsal-Bretten-Sinsheim,56607
66350036,Eschelbronn,08226020,Sparkasse Kraichgau Bruchsal-Bretten-Sinsheim,56607
66350036,Forst,,Sparkasse Kraichgau Bruchsal-Bretten-Sinsheim,56607
66350036,Gondelsheim,08215025,Sparkasse Kraichgau Bruchsal-Bretten-Sinsheim,56607
66350036,Hambrücken,08215029,Sparkasse Kraichgau Bruchsal-Bretten-Sinsheim,56607
66350036,Helmstadt-Bargen,08226106,Sparkasse Kraichgau Bruchsal-Bretten-Sinsheim,56607
66350036,Karlsdorf-Neuthard,08215103,Sparkasse Kraichgau Bruchsal-Bretten-Sinsheim,56607
66350036,Kraichtal,08215097,Sparkasse Kraichgau Bruchsal-Bretten-Sinsheim,56607
66350036,Kronau,08215039,Sparkasse Kraichgau Bruchsal-Bretten-Sinsheim,56607
66350036,Neckarbischofsheim,08226055,Sparkasse Kraichgau Bruchsal-Bretten-Sinsheim,56607
66350036,Oberderdingen,08215059,Sparkasse Kraichgau Bruchsal-Bretten-Sinsheim,56607
66350036,Sinsheim,08226085,Sparkasse Kraichgau Bruchsal-Bretten-Sinsheim,56607
66350036,Ubstadt-Weiher,08215084,Sparkasse Kraichgau Bruchsal-Bretten-Sinsheim,56607
66350036,Waghäusel,08215106,Sparkasse Kraichgau Bruchsal-Bretten-Sinsheim,56607
66350036,Waibstadt,08226091,Sparkasse Kraichgau Bruchsal-Bretten-Sinsheim,56607
66090800,Lahr,,BBBank,96054
66090800,Ludwigshafen am Rhein,07314000,BBBank,96054
66090800,Lübeck,01003000,BBBank,96054
66090800,Lörrach,08336050,BBBank,96054
66090800,Mainz,07315000,BBBank,96054
66090800,Mannheim,08222000,BBBank,96054
66090800,Mosbach,08225058,BBBank,96054
66090800,München,09162000,BBBank,96054
66090800,Neumünster,01004000,BBBank,96054
66090800,Nürnberg,09564000,BBBank,96054
66090800,Offenbach am Main,06413000,BBBank,96054
66090800,Offenburg,08317096,BBBank,96054
66090800,Pforzheim,08231000,BBBank,96054
66090800,Rastatt,08216043,BBBank,96054
66090800,Rheinstetten,08215108,BBBank,96054
66090800,Sankt Augustin,05382056,BBBank,96054
66090800,Schwetzingen,08226084,BBBank,96054
66090800,Singen (Hohentwiel),08335075,BBBank,96054
66090800,Sinsheim,08226085,BBBank,96054
66090800,Stuttgart,08111000,BBBank,96054
66090800,Tauberbischofsheim,08128115,BBBank,96054
66090800,Villingen-Schwenningen,08326074,BBBank,96054
66090800,Waldshut-Tiengen,08337126,BBBank,96054
66090800,Weinheim,08226096,BBBank,96054
66090800,Wiesbaden,06414000,BBBank,96054
66090800,Wiesloch,08226098,BBBank,96054
66090800,Überlingen,08435059,BBBank,96054
66090900,Karlsruhe,08212000,PSD Bank Karlsruhe-Neustadt,96191
66090900,Karlsruhe,08212000,PSD Bank Karlsruhe-Neustadt (Gf P2),86191
66091200,Ettlingen,08215017,Volksbank Ettlingen,96078
66091200,Bad Herrenalb,08235033,Volksbank Ettlingen Zw Bad Herrenalb,96078
66091200,Ettlingen,08215017,Volksbank Ettlingen (Gf P2),86078
66091200,Karlsbad,08215096,Volksbank Ettlingen Zw Karlsbad,96078
66091200,Malsch,,Volksbank Ettlingen Zw Malsch,96078
66091200,Marxzell,08215047,Volksbank Ettlingen Zw Marxzell,96078
66091200,Waldbronn,08215110,Volksbank Ettlingen Zw Reichenbach,96078
66190000,Karlsruhe,08212000,Volksbank pur,96001
66190000,Karlsruhe,08212000,Volksbank pur (Gf P2),86001
66240002,Baden-Baden,08211000,Commerzbank,24661
66240002,Bühl,08216007,Commerzbank,24661
66250030,Baden-Baden,08211000,Sparkasse Baden-Baden Gaggenau,56604
66250030,Bischweier,08216006,Sparkasse Baden-Baden Gaggenau,56604
66250030,Gaggenau,08216015,Sparkasse Baden-Baden Gaggenau,56604
66250030,Kuppenheim,08216024,Sparkasse Baden-Baden Gaggenau,56604
66251434,Bühl,08216007,Sparkasse Bühl,56606
66251434,Bühlertal,08216008,Sparkasse Bühl,56606
66251434,Ottersweier,08216041,Sparkasse Bühl,56606
66251434,Rheinmünster,08216063,Sparkasse Bühl,56606
66251434,Sinzheim,08216049,Sparkasse Bühl,56606
66261092,Bühlertal,08216008,Spar- und Kreditbank,66669
66061724,Stutensee,08215109,Volksbank Stutensee-Weingarten -alt-,66114
66061724,Weingarten (Baden),,Volksbank Stutensee-Weingarten (Gf P2),76114
66062138,Eggenstein-Leopoldshafen,08215102,Spar- und Kreditbank Hardt -alt-,66663
66062138,Eggenstein-Leopoldshafen,08215102,Spar- und Kreditbank Hardt (Gf P2),76663
66062366,Dettenheim,08215111,Raiffeisenbank Hardt-Bruhrain,66357
66062366,Dettenheim,08215111,Raiffeisenbank Hardt-Bruhrain (Gf P2),76357
66062366,Graben-Neudorf,08215099,Raiffeisenbank Hardt-Bruhrain,66357
66062366,Philippsburg,08215066,Raiffeisenbank Hardt-Bruhrain,66357
66069103,Elztal,08225117,Raiffeisenbank Elztal,66270
66069103,Elztal,08225117,Raiffeisenbank Elztal (Gf P2),76270
66069104,Dauchingen,08326010,Spar- und Kreditbank -alt-,66271
66069104,Dauchingen,08326010,Spar- und Kreditbank (Gf P2),76271
66069342,Krautheim,08126045,Volksbank Krautheim -alt-,66346
66069342,Krautheim,08126045,Volksbank Krautheim (Gf P2),76346
66070004,Karlsruhe,08212000,Deutsche Bank,27192
66070004,Bretten,08215007,Deutsche Bank,27192
66070004,Bruchsal,08215009,Deutsche Bank,27192
66070004,Ettlingen,08215017,Deutsche Bank,27192
66070024,Karlsruhe,08212000,Deutsche Bank,21192
66070024,Bretten,08215007,Deutsche Bank,21192
66070024,Bruchsal,08215009,Deutsche Bank,21192
66070024,Ettlingen,08215017,Deutsche Bank,21192
66070213,Karlsruhe,08212000,Postbank/DSL Ndl der Deutsche Bank,27213
66070224,Karlsruhe,08212000,Postbank/DSL Ndl der Deutsche Bank,21213
66080052,Karlsruhe,08212000,Commerzbank vormals Dresdner Bank,28660
66080052,Bruchsal,08215009,Commerzbank vormals Dresdner Bank,28660
66080052,Ettlingen,08215017,Commerzbank vormals Dresdner Bank,28660
66090800,Karlsruhe,08212000,BBBank,96054
66090800,Baden-Baden,08211000,BBBank,96054
66090800,Bergisch Gladbach,05378004,BBBank,96054
66090800,Berlin,11000000,BBBank,96054
66090800,Bonn,05314000,BBBank,96054
66090800,Bruchsal,08215009,BBBank,96054
66090800,Darmstadt,06411000,BBBank,96054
66090800,Dresden,14612000,BBBank,96054
66090800,Eggenstein-Leopoldshafen,08215102,BBBank,96054
66090800,Emmendingen,08316011,BBBank,96054
66090800,Ettlingen,08215017,BBBank,96054
66090800,Flensburg,01001000,BBBank,96054
66090800,Frankfurt am Main,06412000,BBBank,96054
66090800,Freiburg im Breisgau,08311000,BBBank,96054
66090800,Heidelberg,08221000,BBBank,96054
66090800,Hürth,05362028,BBBank,96054
66090800,Karlsruhe,08212000,BBBank (Gf P2),86054
66090800,Kehl,08317057,BBBank,96054
66090800,Kiel,01002000,BBBank,96054
66090800,Koblenz,07111000,BBBank,96054
66090800,Konstanz,08335043,BBBank,96054
66090800,Kronshagen,01058092,BBBank,96054
66090800,Köln,05315000,BBBank,96054
65461878,Hochdorf,,Raiffeisenbank Biberach,66132
65461878,Laupheim,08426070,Raiffeisenbank Biberach,66132
65461878,Maselheim,08426071,Raiffeisenbank Biberach,66132
65461878,Mittelbiberach,08426074,Raiffeisenbank Biberach,66132
65461878,Ochsenhausen,08426087,Raiffeisenbank Biberach,66132
65461878,Steinhausen an der Rottum,08426113,Raiffeisenbank Biberach,66132
65461878,Ummendorf,,Raiffeisenbank Biberach (Gf P2),76132
65461878,Warthausen,08426128,Raiffeisenbank Biberach,66132
65462231,Erolzheim,08426044,Raiffeisenbank Illertal -alt-,66154
65462231,Erolzheim,08426044,Raiffeisenbank Illertal (Gf P2),76154
65491320,Laupheim,08426070,Volksbank Raiffeisenbank Laupheim-Illertal -alt-,96104
65491320,Achstetten,08426001,Volksbank Raiffeisenbank Laupheim-Illertal,96104
65491320,Berkheim,08426019,Volksbank Raiffeisenbank Laupheim-Illertal,96104
65491320,Burgrieden,08426028,Volksbank Raiffeisenbank Laupheim-Illertal,96104
65491320,Dettingen an der Iller,08426031,Volksbank Raiffeisenbank Laupheim-Illertal,96104
65491320,Erolzheim,08426044,Volksbank Raiffeisenbank Laupheim-Illertal,96104
65491320,Kirchberg an der Iller,08426065,Volksbank Raiffeisenbank Laupheim-Illertal,96104
65491320,Kirchdorf an der Iller,08426066,Volksbank Raiffeisenbank Laupheim-Illertal,96104
65491320,Laupheim,08426070,Volksbank Raiffeisenbank Laupheim-Illertal (Gf P2),86104
65491320,Mietingen,08426073,Volksbank Raiffeisenbank Laupheim-Illertal,96104
65491320,Rot an der Rot,08426100,Volksbank Raiffeisenbank Laupheim-Illertal,96104
65491320,Schwendi,08426108,Volksbank Raiffeisenbank Laupheim-Illertal,96104
65491320,Tannheim,08426117,Volksbank Raiffeisenbank Laupheim-Illertal,96104
65491320,Wain,08426125,Volksbank Raiffeisenbank Laupheim-Illertal,96104
65491510,Riedlingen,08426097,VR Bank Riedlingen-Federsee -alt-,96134
65491510,Riedlingen,08426097,VR Bank Riedlingen-Federsee (Gf P2),86134
66000000,Karlsruhe,08212000,Bundesbank,20660
66010075,Karlsruhe,08212000,Postbank Ndl der Deutsche Bank,10075
66010200,Karlsruhe,08212000,Deutsche Bausparkasse Badenia,
66010700,Karlsruhe,08212000,Landeskreditbank Baden-Württemberg Förderbank,25666
66010700,Stuttgart,08111000,Landeskreditbank Baden-Württemberg Förderbank,25666
66020020,Karlsruhe,08212000,Baden-Württembergische Bank,25061
66020286,Karlsruhe,08212000,UniCredit Bank - HypoVereinsbank,22041
66020286,Baden-Baden,08211000,UniCredit Bank - HypoVereinsbank,22041
66020500,Karlsruhe,08212000,SozialBank,25010
66020566,Karlsruhe,08212000,SozialBank,
66030600,Frankfurt am Main,06412000,Isbank eh Filiale Mannheim,29840
66040018,Karlsruhe,08212000,Commerzbank,24660
66040018,Ettlingen,08215017,Commerzbank,24660
66040018,Rastatt,08216043,Commerzbank,24660
66040026,Karlsruhe,08212000,Commerzbank/Kreditcenter Badenia,24664
66050000,Karlsruhe,08212000,Landesbank Baden-Württemberg,56600
66050101,Karlsruhe,08212000,Sparkasse Karlsruhe,56601
66051220,Ettlingen,08215017,Sparkasse Ettlingen -alt-,56602
66060000,Karlsruhe,08212000,DZ BANK,66002
66060000,Karlsruhe,08212000,DZ BANK (Gf P2),76002
66060300,Karlsruhe,08212000,Spar- und Kreditbank -alt-,66679
66060300,Karlsruhe,08212000,Spar- und Kreditbank (Gf P2),76679
66061407,Rheinstetten,08215108,Spar- und Kreditbank,66667
66061407,Rheinstetten,08215108,Spar- und Kreditbank (Gf P2),76667
65362499,Geislingen,08417022,Raiffeisenbank Geislingen-Rosenfeld (Gf P2),76189
65362499,Rosenfeld,08417054,Raiffeisenbank Geislingen-Rosenfeld,66189
65370024,Albstadt,08417079,Deutsche Bank,21243
65370024,Balingen,08417002,Deutsche Bank,21243
65370024,Tuttlingen,08327050,Deutsche Bank,21243
65370075,Albstadt,08417079,Deutsche Bank,27243
65370075,Balingen,08417002,Deutsche Bank,27243
65370075,Tuttlingen,08327050,Deutsche Bank,27243
65380003,Albstadt,08417079,Commerzbank vormals Dresdner Bank,28653
65390120,Balingen,08417002,Volksbank Zollernalb,96032
65390120,Balingen,08417002,Volksbank Zollernalb (Gf P2),86032
65391210,Balingen,08417002,Volksbank Balingen -alt-,96087
65391210,Balingen,08417002,Volksbank Balingen (Gf P2),86087
65392030,Albstadt,08417079,Volksbank Tailfingen -alt-,96164
65392030,Albstadt,08417079,Volksbank Tailfingen (Gf P2),86164
65440087,Biberach an der Riß,08426021,Commerzbank,24632
65450070,Biberach an der Riß,08426021,Kreissparkasse Biberach,56011
65450070,Achstetten,08426001,Kreissparkasse Biberach,56011
65450070,Altheim,,Kreissparkasse Biberach,56011
65450070,Bad Buchau,08426013,Kreissparkasse Biberach,56011
65450070,Bad Schussenried,08426014,Kreissparkasse Biberach,56011
65450070,Berkheim,08426019,Kreissparkasse Biberach,56011
65450070,Burgrieden,08426028,Kreissparkasse Biberach,56011
65450070,Dettingen an der Iller,08426031,Kreissparkasse Biberach,56011
65450070,Dürmentingen,08426035,Kreissparkasse Biberach,56011
65450070,Eberhardzell,08426038,Kreissparkasse Biberach,56011
65450070,Erolzheim,08426044,Kreissparkasse Biberach,56011
65450070,Ertingen,08426045,Kreissparkasse Biberach,56011
65450070,Kirchberg an der Iller,08426065,Kreissparkasse Biberach,56011
65450070,Kirchdorf an der Iller,08426066,Kreissparkasse Biberach,56011
65450070,Langenenslingen,08426067,Kreissparkasse Biberach,56011
65450070,Laupheim,08426070,Kreissparkasse Biberach,56011
65450070,Maselheim,08426071,Kreissparkasse Biberach,56011
65450070,Mietingen,08426073,Kreissparkasse Biberach,56011
65450070,Mittelbiberach,08426074,Kreissparkasse Biberach,56011
65450070,Ochsenhausen,08426087,Kreissparkasse Biberach,56011
65450070,Riedlingen,08426097,Kreissparkasse Biberach,56011
65450070,Rot an der Rot,08426100,Kreissparkasse Biberach,56011
65450070,Schemmerhofen,08426134,Kreissparkasse Biberach,56011
65450070,Schwendi,08426108,Kreissparkasse Biberach,56011
65450070,Tannheim,08426117,Kreissparkasse Biberach,56011
65450070,Ummendorf,,Kreissparkasse Biberach,56011
65450070,Unlingen,08426121,Kreissparkasse Biberach,56011
65450070,Uttenweiler,08426124,Kreissparkasse Biberach,56011
65450070,Wain,08426125,Kreissparkasse Biberach,56011
65450070,Warthausen,08426128,Kreissparkasse Biberach,56011
65461878,Ummendorf,,Raiffeisenbank Biberach -alt-,66132
65461878,Biberach an der Riß,08426021,Raiffeisenbank Biberach,66132
65461878,Eberhardzell,08426038,Raiffeisenbank Biberach,66132
65461878,Gutenzell-Hürbel,08426135,Raiffeisenbank Biberach,66132
65110200,Friedrichshafen,08435016,Internationales Bankhaus Bodensee,99012
65140072,Friedrichshafen,08435016,Commerzbank,24633
65140072,Lindau (Bodensee),09776116,Commerzbank,24633
65161497,Meckenbeuren,08435035,Genossenschaftsbank Meckenbeuren -alt-,66095
65161497,Meckenbeuren,08435035,Genossenschaftsbank Meckenbeuren (Gf P2),76095
65162832,Oberteuringen,08435045,Raiffeisenbank Oberteuringen-Meckenbeuren,66213
65162832,Oberteuringen,08435045,Raiffeisenbank Oberteuringen-Meckenbeuren (Gf P2),76213
65180005,Friedrichshafen,08435016,Commerzbank vormals Dresdner Bank,28651
65180005,Lindau (Bodensee),09776116,Commerzbank vormals Dresdner Bank,28651
65190110,Friedrichshafen,08435016,Volksbank Friedrichshafen -alt-,96029
65190110,Friedrichshafen,08435016,Volksbank Friedrichshafen (Gf P2),86029
65190110,Langenargen,08435030,Volksbank Friedrichshafen Ndl Langenargen,96029
65191500,Tettnang,08435057,Volksbank Bodensee-Oberschwaben,96125
65191500,Tettnang,08435057,Volksbank Bodensee-Oberschwaben (Gf P2),86125
65340004,Albstadt,08417079,Commerzbank,24691
65340004,Sigmaringen,08437104,Commerzbank,24691
65341204,Balingen,08417002,Commerzbank,24692
65351050,Sigmaringen,08437104,Hohenz Landesbank Kreissparkasse Sigmaringen,56012
65351050,Bad Saulgau,08437100,Hohenz Landesbank Kreissparkasse Sigmaringen,56012
65351050,Gammertingen,08437031,Hohenz Landesbank Kreissparkasse Sigmaringen,56012
65351050,Herbertingen,08437044,Hohenz Landesbank Kreissparkasse Sigmaringen,56012
65351050,Hohentengen,08437053,Hohenz Landesbank Kreissparkasse Sigmaringen,56012
65351050,Krauchenwies,08437065,Hohenz Landesbank Kreissparkasse Sigmaringen,56012
65351050,Mengen,08437076,Hohenz Landesbank Kreissparkasse Sigmaringen,56012
65351050,Ostrach,08437086,Hohenz Landesbank Kreissparkasse Sigmaringen,56012
65351050,Sigmaringendorf,08437105,Hohenz Landesbank Kreissparkasse Sigmaringen,56012
65351050,Veringenstadt,08437114,Hohenz Landesbank Kreissparkasse Sigmaringen,56012
65351050,Wald,,Hohenz Landesbank Kreissparkasse Sigmaringen,56012
65351260,Balingen,08417002,Sparkasse Zollernalb,56013
65351260,Albstadt,08417079,Sparkasse Zollernalb,56013
65351260,Bisingen,08417008,Sparkasse Zollernalb,56013
65351260,Bitz,08417010,Sparkasse Zollernalb,56013
65351260,Burladingen,08417013,Sparkasse Zollernalb,56013
65351260,Geislingen,08417022,Sparkasse Zollernalb,56013
65351260,Haigerloch,08417025,Sparkasse Zollernalb,56013
65351260,Hechingen,08417031,Sparkasse Zollernalb,56013
65351260,Jungingen,08417036,Sparkasse Zollernalb,56013
65351260,Nusplingen,08417045,Sparkasse Zollernalb,56013
65351260,Rangendingen,08417051,Sparkasse Zollernalb,56013
65351260,Rosenfeld,08417054,Sparkasse Zollernalb,56013
65351260,Schömberg,,Sparkasse Zollernalb,56013
65351260,Straßberg,08417063,Sparkasse Zollernalb,56013
65351260,Winterlingen,08417075,Sparkasse Zollernalb,56013
65361469,Meßstetten,08417044,Volksbank Heuberg -alt-,66092
65361469,Meßstetten,08417044,Volksbank Heuberg (Gf P2),76092
65361898,Meßstetten,08417044,VR Bank Heuberg-Winterlingen -alt-,66134
65361898,Meßstetten,08417044,VR Bank Heuberg-Winterlingen (Gf P2),76134
65361989,Albstadt,08417079,Onstmettinger Bank,66141
65361989,Albstadt,08417079,Onstmettinger Bank (Gf P2),76141
65362499,Geislingen,08417022,Raiffeisenbank Geislingen-Rosenfeld,66189
65070084,Wangen im Allgäu,08436081,Deutsche Bank,27252
65070084,Weingarten,,Deutsche Bank,27252
65080009,Ravensburg,08436064,Commerzbank vormals Dresdner Bank,28650
65080009,Bad Saulgau,08437100,Commerzbank vormals Dresdner Bank,28650
65080009,Isny im Allgäu,08436049,Commerzbank vormals Dresdner Bank,28650
65091040,Leutkirch im Allgäu,08436055,Volksbank Allgäu-Oberschwaben,96068
65091040,Aitrach,08436004,Volksbank Allgäu-Oberschwaben,96068
65091040,Argenbühl,08436094,Volksbank Allgäu-Oberschwaben,96068
65091040,Bad Waldsee,08436009,Volksbank Allgäu-Oberschwaben,96068
65091040,Bad Wurzach,08436010,Volksbank Allgäu-Oberschwaben,96068
65091040,Isny im Allgäu,08436049,Volksbank Allgäu-Oberschwaben,96068
65091040,Kißlegg,08436052,Volksbank Allgäu-Oberschwaben,96068
65091040,Leutkirch im Allgäu,08436055,Volksbank Allgäu-Oberschwaben (Gf P2),86068
65091040,Lindau (Bodensee),09776116,Volksbank Allgäu-Oberschwaben,96068
65091040,Vogt,08436078,Volksbank Allgäu-Oberschwaben,96068
65091040,Wangen im Allgäu,08436081,Volksbank Allgäu-Oberschwaben,96068
65091040,Wolfegg,08436085,Volksbank Allgäu-Oberschwaben,96068
65091300,Bad Waldsee,08436009,Bad Waldseer Bank -alt-,96094
65091300,Bad Waldsee,08436009,Bad Waldseer Bank (Gf P2),86094
65091600,Weingarten,,Volksbank Weingarten -alt-,96141
65091600,Weingarten,,Volksbank Weingarten (Gf P2),86141
65092010,Wangen im Allgäu,08436081,Volksbank Allgäu-West -alt-,96162
65092010,Wangen im Allgäu,08436081,Volksbank Allgäu-West (Gf P2),86162
65092200,Altshausen,08436005,Volksbank Altshausen -alt-.,96165
65092200,Altshausen,08436005,Volksbank Altshausen (Gf P2),86165
65093020,Bad Saulgau,08437100,VR Bank Donau-Oberschwaben,96184
65093020,Alleshausen,08426005,VR Bank Donau-Oberschwaben,96184
65093020,Altheim,,VR Bank Donau-Oberschwaben,96184
65093020,Aulendorf,08436008,VR Bank Donau-Oberschwaben,96184
65093020,Bad Buchau,08426013,VR Bank Donau-Oberschwaben,96184
65093020,Bad Saulgau,08437100,VR Bank Donau-Oberschwaben (Gf P2),86184
65093020,Dürmentingen,08426035,VR Bank Donau-Oberschwaben,96184
65093020,Ebersbach-Musbach,08436093,VR Bank Donau-Oberschwaben,96184
65093020,Ertingen,08426045,VR Bank Donau-Oberschwaben,96184
65093020,Fronreute,08436096,VR Bank Donau-Oberschwaben,96184
65093020,Herbertingen,08437044,VR Bank Donau-Oberschwaben,96184
65093020,Hohentengen,08437053,VR Bank Donau-Oberschwaben,96184
65093020,Krauchenwies,08437065,VR Bank Donau-Oberschwaben,96184
65093020,Langenenslingen,08426067,VR Bank Donau-Oberschwaben,96184
65093020,Mengen,08437076,VR Bank Donau-Oberschwaben,96184
65093020,Oggelshausen,08426090,VR Bank Donau-Oberschwaben,96184
65093020,Ostrach,08437086,VR Bank Donau-Oberschwaben,96184
65093020,Pfullendorf,08437088,VR Bank Donau-Oberschwaben,96184
65093020,Riedlingen,08426097,VR Bank Donau-Oberschwaben,96184
65093020,Sigmaringen,08437104,VR Bank Donau-Oberschwaben,96184
65093020,Sigmaringendorf,08437105,VR Bank Donau-Oberschwaben,96184
65093020,Unlingen,08426121,VR Bank Donau-Oberschwaben,96184
65093020,Uttenweiler,08426124,VR Bank Donau-Oberschwaben,96184
65093020,Wilhelmsdorf,,VR Bank Donau-Oberschwaben,96184
65093020,Wolpertswende,08436087,VR Bank Donau-Oberschwaben,96184
64390130,Spaichingen,08327046,Volksbank Schwarzwald-Donau-Neckar,96034
64390130,Tuningen,08326061,Volksbank Schwarzwald-Donau-Neckar,96034
64390130,Tuttlingen,08327050,Volksbank Schwarzwald-Donau-Neckar (Gf P2),86034
64390130,Villingen-Schwenningen,08326074,Volksbank Schwarzwald-Donau-Neckar,96034
64390130,Wehingen,08327051,Volksbank Schwarzwald-Donau-Neckar,96034
64390130,Wurmlingen,08327054,Volksbank Schwarzwald-Donau-Neckar,96034
65020186,Ravensburg,08436064,UniCredit Bank - HypoVereinsbank,22070
65040073,Ravensburg,08436064,Commerzbank,24635
65040073,Bad Saulgau,08437100,Commerzbank,24635
65040073,Isny im Allgäu,08436049,Commerzbank,24635
65050110,Ravensburg,08436064,Kreissparkasse Ravensburg,56016
65050110,Aitrach,08436004,Kreissparkasse Ravensburg,56016
65050110,Altshausen,08436005,Kreissparkasse Ravensburg,56016
65050110,Amtzell,08436006,Kreissparkasse Ravensburg,56016
65050110,Aulendorf,08436008,Kreissparkasse Ravensburg,56016
65050110,Bad Waldsee,08436009,Kreissparkasse Ravensburg,56016
65050110,Bad Wurzach,08436010,Kreissparkasse Ravensburg,56016
65050110,Baienfurt,08436011,Kreissparkasse Ravensburg,56016
65050110,Baindt,08436012,Kreissparkasse Ravensburg,56016
65050110,Berg,,Kreissparkasse Ravensburg,56016
65050110,Fronreute,08436096,Kreissparkasse Ravensburg,56016
65050110,Grünkraut,08436039,Kreissparkasse Ravensburg,56016
65050110,Horgenzell,08436095,Kreissparkasse Ravensburg,56016
65050110,Isny im Allgäu,08436049,Kreissparkasse Ravensburg,56016
65050110,Kißlegg,08436052,Kreissparkasse Ravensburg,56016
65050110,Leutkirch im Allgäu,08436055,Kreissparkasse Ravensburg,56016
65050110,Vogt,08436078,Kreissparkasse Ravensburg,56016
65050110,Waldburg,08436079,Kreissparkasse Ravensburg,56016
65050110,Wangen im Allgäu,08436081,Kreissparkasse Ravensburg,56016
65050110,Weingarten,,Kreissparkasse Ravensburg,56016
65050110,Wilhelmsdorf,,Kreissparkasse Ravensburg,56016
65050110,Wolfegg,08436085,Kreissparkasse Ravensburg,56016
65061219,Aulendorf,08436008,Raiffeisenbank Aulendorf -alt-,66059
65061219,Aulendorf,08436008,Raiffeisenbank Aulendorf (Gf P2),76059
65062577,Ravensburg,08436064,VR Bank Ravensburg-Weingarten -alt-,66670
65062577,Ravensburg,08436064,VR Bank Ravensburg-Weingarten (Gf P2),76670
65063086,Bad Saulgau,08437100,Raiffeisenbank Bad Saulgau,66673
65063086,Bad Saulgau,08437100,Raiffeisenbank Bad Saulgau (Gf P2),76673
65070024,Ravensburg,08436064,Deutsche Bank,21252
65070024,Friedrichshafen,08435016,Deutsche Bank,21252
65070024,Leutkirch im Allgäu,08436055,Deutsche Bank,21252
65070024,Lindau (Bodensee),09776116,Deutsche Bank,21252
65070024,Tettnang,08435057,Deutsche Bank,21252
65070024,Wangen im Allgäu,08436081,Deutsche Bank,21252
65070024,Weingarten,,Deutsche Bank,21252
65070084,Ravensburg,08436064,Deutsche Bank,27252
65070084,Friedrichshafen,08435016,Deutsche Bank,27252
65070084,Leutkirch im Allgäu,08436055,Deutsche Bank,27252
65070084,Lindau (Bodensee),09776116,Deutsche Bank,27252
65070084,Tettnang,08435057,Deutsche Bank,27252
64290120,Dietingen,08325011,Volksbank Rottweil,96031
64290120,Dornhan,08325012,Volksbank Rottweil,96031
64290120,Epfendorf,08325015,Volksbank Rottweil,96031
64290120,Frittlingen,08327017,Volksbank Rottweil,96031
64290120,Oberndorf am Neckar,08325045,Volksbank Rottweil,96031
64290120,Rottweil,08325049,Volksbank Rottweil (Gf P2),86031
64290120,Sulz am Neckar,08325057,Volksbank Rottweil,96031
64290120,Villingendorf,08325060,Volksbank Rottweil,96031
64290120,Vöhringen,,Volksbank Rottweil,96031
64290120,Wellendingen,08325064,Volksbank Rottweil,96031
64290120,Zimmern ob Rottweil,08325069,Volksbank Rottweil,96031
64291010,Freudenstadt,08237028,Volksbank Nordschwarzwald,96063
64291010,Freudenstadt,08237028,Volksbank Nordschwarzwald (Gf P2),86063
64291420,Deißlingen,08325072,Volksbank Deisslingen,96118
64291420,Deißlingen,08325072,Volksbank Deisslingen (Gf P2),86118
64292020,Schramberg,08325053,Volksbank Schwarzwald-Neckar -alt-,96163
64292020,Aichhalden,08325001,Volksbank Schwarzwald-Neckar,96163
64292020,Bösingen,08325009,Volksbank Schwarzwald-Neckar,96163
64292020,Dunningen,08325014,Volksbank Schwarzwald-Neckar,96163
64292020,Eschbronn,08325071,Volksbank Schwarzwald-Neckar,96163
64292020,Fluorn-Winzeln,08325070,Volksbank Schwarzwald-Neckar,96163
64292020,Lauterbach,,Volksbank Schwarzwald-Neckar,96163
64292020,Oberndorf am Neckar,08325045,Volksbank Schwarzwald-Neckar,96163
64292020,Schramberg,08325053,Volksbank Schwarzwald-Neckar (Gf P2),86163
64292310,Trossingen,08327049,Volksbank Trossingen,96176
64292310,Trossingen,08327049,Volksbank Trossingen (Gf P2),86176
64350070,Tuttlingen,08327050,Kreissparkasse Tuttlingen,56020
64361359,Mühlheim an der Donau,08327036,Raiffeisenbank Donau-Heuberg,66077
64361359,Fridingen an der Donau,08327016,Raiffeisenbank Donau Heuberg,66077
64361359,Kolbingen,08327030,Raiffeisenbank Donau-Heuberg,66077
64361359,Mühlheim an der Donau,08327036,Raiffeisenbank Donau-Heuberg (Gf P2),76077
64380011,Tuttlingen,08327050,Commerzbank vormals Dresdner Bank,28643
64380011,Trossingen,08327049,Commerzbank vormals Dresdner Bank,28643
64390130,Tuttlingen,08327050,Volksbank Schwarzwald-Donau-Neckar,96034
64390130,Aldingen,08327002,Volksbank Schwarzwald-Donau-Neckar,96034
64390130,Balgheim,08327005,Volksbank Schwarzwald-Donau-Neckar,96034
64390130,Bubsheim,08327007,Volksbank Schwarzwald-Donau-Neckar,96034
64390130,Böttingen,08327006,Volksbank Schwarzwald-Donau-Neckar,96034
64390130,Dauchingen,08326010,Volksbank Schwarzwald-Donau-Neckar,96034
64390130,Deilingen,08327009,Volksbank Schwarzwald-Donau-Neckar,96034
64390130,Dürbheim,08327011,Volksbank Schwarzwald-Donau-Neckar,96034
64390130,Emmingen-Liptingen,08327057,Volksbank Schwarzwald-Donau-Neckar,96034
64390130,Fridingen an der Donau,08327016,Volksbank Schwarzwald-Donau-Neckar,96034
64390130,Gosheim,08327019,Volksbank Schwarzwald-Donau-Neckar,96034
64390130,Hausen ob Verena,08327023,Volksbank Schwarzwald-Donau-Neckar,96034
64390130,Immendingen,08327025,Volksbank Schwarzwald-Donau-Neckar,96034
64390130,Mühlheim an der Donau,08327036,Volksbank Schwarzwald-Donau-Neckar,96034
64390130,Neuhausen ob Eck,08327038,Volksbank Schwarzwald-Donau-Neckar,96034
64390130,Rietheim-Weilheim,08327056,Volksbank Schwarzwald-Donau-Neckar,96034
64390130,Seitingen-Oberflacht,08327055,Volksbank Schwarzwald-Donau-Neckar,96034
64161397,Rottenburg am Neckar,08416036,Volksbank Raiffeisenbank AmmerGäu,66085
64161397,Ammerbuch,08416048,Volksbank Raiffeisenbank AmmerGäu,66085
64161397,Rottenburg am Neckar,08416036,Volksbank Raiffeisenbank Ammergäu (Gf P2),76085
64161397,Tübingen,08416041,Volksbank Raiffeisenbank AmmerGäu,66085
64161608,Kusterdingen,08416023,Raiffeisenbank Härten -alt-,66105
64161608,Kusterdingen,08416023,Raiffeisenbank Härten (Gf P2),76105
64161956,Mössingen,08416025,Volksbank Mössingen -alt-,66137
64161956,Bodelshausen,08416006,Volksbank,66137
64161956,Mössingen,08416025,Volksbank (Gf P2),76137
64163225,Balingen,08417002,Volksbank Hohenzollern-Balingen -alt-,66226
64163225,Balingen,08417002,Volksbank Hohenzollern-Balingen (Gf P2),76226
64180014,Tübingen,08416041,Commerzbank vormals Dresdner Bank,28641
64190110,Tübingen,08416041,Volksbank Tübingen -alt-,96028
64190110,Tübingen,08416041,Volksbank Tübingen (Gf P2),86028
64191030,Nagold,08235046,Volksbank Nagoldtal -alt-,96067
64191030,Nagold,08235046,Volksbank Nagoldtal (Gf P2),86067
64191700,Horb am Neckar,08237040,Volksbank Horb -alt-,96147
64191700,Horb am Neckar,08237040,Volksbank Horb (Gf P2),86147
64240048,Trossingen,08327049,Commerzbank,24948
64240071,Rottweil,08325049,Commerzbank,24694
64250040,Rottweil,08325049,Kreissparkasse Rottweil,56017
64250040,Aichhalden,08325001,Kreissparkasse Rottweil,56017
64250040,Deißlingen,08325072,Kreissparkasse Rottweil,56017
64250040,Dietingen,08325011,Kreissparkasse Rottweil,56017
64250040,Dornhan,08325012,Kreissparkasse Rottweil,56017
64250040,Dunningen,08325014,Kreissparkasse Rottweil,56017
64250040,Epfendorf,08325015,Kreissparkasse Rottweil,56017
64250040,Fluorn-Winzeln,08325070,Kreissparkasse Rottweil,56017
64250040,Hardt,,Kreissparkasse Rottweil,56017
64250040,Oberndorf am Neckar,08325045,Kreissparkasse Rottweil,56017
64250040,Schramberg,08325053,Kreissparkasse Rottweil,56017
64250040,Sulz am Neckar,08325057,Kreissparkasse Rottweil,56017
64250040,Villingendorf,08325060,Kreissparkasse Rottweil,56017
64250040,Vöhringen,,Kreissparkasse Rottweil,56017
64250040,Wellendingen,08325064,Kreissparkasse Rottweil,56017
64250040,Zimmern ob Rottweil,08325069,Kreissparkasse Rottweil,56017
64251060,Freudenstadt,08237028,Kreissparkasse Freudenstadt,56015
64261363,Baiersbronn,08237004,Volksbank Baiersbronn Murgtal -alt-,66078
64261363,Baiersbronn,08237004,Volksbank Baiersbronn Murgtal (Gf P2),76078
64261626,Baiersbronn,08237004,Murgtalbank Mitteltal - Obertal -alt-,66108
64261853,Pfalzgrafenweiler,08237054,Volksbank Nordschwarzwald -alt-,66129
64261853,Pfalzgrafenweiler,08237054,Volksbank Nordschwarzwald (Gf P2),76129
64262408,Dornstetten,08237019,VR-Bank Dornstetten-Horb -alt-,66179
64262408,Dornstetten,08237019,VR-Bank Dornstetten-Horb (Gf P2),76179
64262408,Dornstetten,08237019,VR-Bank Dornstetten-Horb (Gf P3),86179
64262408,Loßburg,08237045,VR-Bank Dornstetten-Horb,66179
64262408,Schopfloch,,VR-Bank Dornstetten-Horb,66179
64262408,Waldachtal,08237074,VR-Bank Dornstetten-Horb,66179
64290120,Rottweil,08325049,Volksbank Rottweil,96031
64290120,Denkingen,08327010,Volksbank Rottweil,96031
64061854,Kusterdingen,08416023,VR Bank Tübingen,66694
64061854,Mössingen,08416025,VR Bank Tübingen,66694
64061854,Nehren,,VR Bank Tübingen,66694
64061854,Ofterdingen,08416031,VR Bank Tübingen,66694
64061854,Reutlingen,08415061,VR Bank Tübingen,66694
64061854,Tübingen,08416041,VR Bank Tübingen (Gf P2),76694
64070024,Reutlingen,08415061,Deutsche Bank,21253
64070024,Freudenstadt,08237028,Deutsche Bank,21253
64070024,Metzingen,08415050,Deutsche Bank,21253
64070024,Nagold,08235046,Deutsche Bank,21253
64070024,Pfullingen,08415059,Deutsche Bank,21253
64070024,Rottenburg am Neckar,08416036,Deutsche Bank,21253
64070024,Tübingen,08416041,Deutsche Bank,21253
64070085,Reutlingen,08415061,Deutsche Bank,27253
64070085,Freudenstadt,08237028,Deutsche Bank,27253
64070085,Metzingen,08415050,Deutsche Bank,27253
64070085,Nagold,08235046,Deutsche Bank,27253
64070085,Pfullingen,08415059,Deutsche Bank,27253
64070085,Rottenburg am Neckar,08416036,Deutsche Bank,27253
64070085,Tübingen,08416041,Deutsche Bank,27253
64070215,Tübingen,08416041,Postbank/DSL Ndl der Deutsche Bank,27215
64070224,Tübingen,08416041,Postbank/DSL Ndl der Deutsche Bank,21215
64080014,Reutlingen,08415061,Commerzbank vormals Dresdner Bank,28640
64090100,Reutlingen,08415061,Volksbank Reutlingen -alt-,96020
64090100,Reutlingen,08415061,Volksbank Reutlingen (Gf P2),86020
64091200,Metzingen,08415050,Volksbank Ermstal-Alb,96077
64091200,Bad Urach,08415078,Volksbank Ermstal-Alb,96077
64091200,Dettingen an der Erms,08415014,Volksbank Ermstal-Alb,96077
64091200,Metzingen,08415050,Volksbank Ermstal-Alb (Gf P2),86077
64091200,Reutlingen,08415061,Volksbank Ermstal-Alb,96077
64091200,Riederich,08415062,Volksbank Ermstal-Alb,96077
64091200,St. Johann,08415093,Volksbank Ermstal-Alb,96077
64091300,Münsingen,08415053,Volksbank Münsingen,96093
64091300,Münsingen,08415053,Volksbank Münsingen (Gf P2),86093
64140036,Tübingen,08416041,Commerzbank Tübingen,24612
64150020,Tübingen,08416041,Kreissparkasse Tübingen,56008
64150020,Ammerbuch,08416048,Kreissparkasse Tübingen,56008
64150020,Bodelshausen,08416006,Kreissparkasse Tübingen,56008
64150020,Dettenhausen,08416009,Kreissparkasse Tübingen,56008
64150020,Dußlingen,08416011,Kreissparkasse Tübingen,56008
64150020,Gomaringen,08416015,Kreissparkasse Tübingen,56008
64150020,Hirrlingen,08416018,Kreissparkasse Tübingen,56008
64150020,Kirchentellinsfurt,08416022,Kreissparkasse Tübingen,56008
64150020,Kusterdingen,08416023,Kreissparkasse Tübingen,56008
64150020,Mössingen,08416025,Kreissparkasse Tübingen,56008
64150020,Nehren,,Kreissparkasse Tübingen,56008
64150020,Neustetten,08416049,Kreissparkasse Tübingen,56008
64150020,Ofterdingen,08416031,Kreissparkasse Tübingen,56008
64150020,Rottenburg am Neckar,08416036,Kreissparkasse Tübingen,56008
64150020,Starzach,08416050,Kreissparkasse Tübingen,56008
63250030,Dischingen,08135010,Kreissparkasse Heidenheim,56023
63250030,Gerstetten,08135015,Kreissparkasse Heidenheim,56023
63250030,Giengen an der Brenz,08135016,Kreissparkasse Heidenheim,56023
63250030,Herbrechtingen,08135020,Kreissparkasse Heidenheim,56023
63250030,Hermaringen,08135021,Kreissparkasse Heidenheim,56023
63250030,Königsbronn,08135025,Kreissparkasse Heidenheim,56023
63250030,Nattheim,08135026,Kreissparkasse Heidenheim,56023
63250030,Niederstotzingen,08135027,Kreissparkasse Heidenheim,56023
63250030,Sontheim an der Brenz,08135031,Kreissparkasse Heidenheim,56023
63250030,Steinheim am Albuch,08135032,Kreissparkasse Heidenheim,56023
63290110,Heidenheim an der Brenz,08135019,Heidenheimer Volksbank,96027
63290110,Dischingen,08135010,Heidenheimer Volksbank,96027
63290110,Gerstetten,08135015,Heidenheimer Volksbank,96027
63290110,Heidenheim an der Brenz,08135019,Heidenheimer Volksbank (Gf P2),86027
63290110,Herbrechtingen,08135020,Heidenheimer Volksbank,96027
63290110,Königsbronn,08135025,Heidenheimer Volksbank,96027
63290110,Nattheim,08135026,Heidenheimer Volksbank,96027
63290110,Steinheim am Albuch,08135032,Heidenheimer Volksbank Zw Steinheim,96027
64000000,Reutlingen,08415061,Bundesbank,20640
64020186,Reutlingen,08415061,UniCredit Bank - HypoVereinsbank,22099
64040033,Reutlingen,08415061,Commerzbank,24608
64040045,Metzingen,08415050,Commerzbank,24609
64050000,Reutlingen,08415061,Kreissparkasse Reutlingen,56007
64050000,Bad Urach,08415078,Kreissparkasse Reutlingen,56007
64050000,Dettingen an der Erms,08415014,Kreissparkasse Reutlingen,56007
64050000,Engstingen,08415089,Kreissparkasse Reutlingen,56007
64050000,Eningen unter Achalm,08415019,Kreissparkasse Reutlingen,56007
64050000,Gomadingen,08415027,Kreissparkasse Reutlingen,56007
64050000,Grafenberg,08415029,Kreissparkasse Reutlingen,56007
64050000,Hayingen,08415034,Kreissparkasse Reutlingen,56007
64050000,Hohenstein,,Kreissparkasse Reutlingen,56007
64050000,Hülben,08415039,Kreissparkasse Reutlingen,56007
64050000,Lichtenstein,08415092,Kreissparkasse Reutlingen,56007
64050000,Metzingen,08415050,Kreissparkasse Reutlingen,56007
64050000,Münsingen,08415053,Kreissparkasse Reutlingen,56007
64050000,Pfullingen,08415059,Kreissparkasse Reutlingen,56007
64050000,Pliezhausen,08415060,Kreissparkasse Reutlingen,56007
64050000,Riederich,08415062,Kreissparkasse Reutlingen,56007
64050000,Römerstein,08415088,Kreissparkasse Reutlingen,56007
64050000,Sonnenbühl,08415091,Kreissparkasse Reutlingen,56007
64050000,St. Johann,08415093,Kreissparkasse Reutlingen,56007
64050000,Trochtelfingen,08415073,Kreissparkasse Reutlingen,56007
64050000,Walddorfhäslach,08415087,Kreissparkasse Reutlingen,56007
64050000,Wannweil,08415080,Kreissparkasse Reutlingen,56007
64050000,Zwiefalten,08415085,Kreissparkasse Reutlingen,56007
64061854,Tübingen,08416041,VR Bank Tübingen -alt-,66694
64061854,Bodelshausen,08416006,VR Bank Tübingen,66694
64061854,Dußlingen,08416011,VR Bank Tübingen,66694
64061854,Gomaringen,08416015,VR Bank Tübingen,66694
64061854,Kirchentellinsfurt,08416022,VR Bank Tübingen,66694
63061486,Dornstadt,08425031,VR-Bank Langenau-Ulmer Alb,66094
63061486,Elchingen,09775139,VR-Bank Langenau-Ulmer Alb,66094
63061486,Langenau,08425072,VR-Bank Langenau-Ulmer Alb (Gf P2),76094
63061486,Lonsee,08425075,VR-Bank Langenau-Ulmer Alb,66094
63061486,Westerstetten,08425135,VR-Bank Langenau-Ulmer Alb,66094
63070024,Ulm,08421000,Deutsche Bank,21256
63070024,Biberach an der Riß,08426021,Deutsche Bank,21256
63070024,Neu-Ulm,09775135,Deutsche Bank,21256
63070088,Ulm,08421000,Deutsche Bank,27256
63070088,Biberach an der Riß,08426021,Deutsche Bank,27256
63070088,Neu-Ulm,09775135,Deutsche Bank,27256
63080015,Ulm,08421000,Commerzbank vormals Dresdner Bank,28630
63080015,Biberach an der Riß,08426021,Commerzbank vormals Dresdner Bank,28630
63080085,Stuttgart,08111000,"Commerzbank vormals Dresdner Bank, PCC DCC-ITGK 1",
63090100,Ulm,08421000,Volksbank Ulm-Biberach,96019
63090100,Bad Buchau,08426013,Volksbank Ulm-Biberach,96019
63090100,Bad Schussenried,08426014,Volksbank Ulm-Biberach,96019
63090100,Bad Wurzach,08436010,Volksbank Ulm-Biberach,96019
63090100,Biberach an der Riß,08426021,Volksbank Ulm-Biberach,96019
63090100,Blaustein,08425141,Volksbank Ulm-Biberach,96019
63090100,Dietenheim,08425028,Volksbank Ulm-Biberach,96019
63090100,Dornstadt,08425031,Volksbank Ulm-Biberach,96019
63090100,Illertissen,09775129,Volksbank Ulm-Biberach,96019
63090100,Langenau,08425072,Volksbank Ulm-Biberach,96019
63090100,Neu-Ulm,09775135,Volksbank Ulm-Biberach,96019
63090100,Ochsenhausen,08426087,Volksbank Ulm-Biberach,96019
63090100,Ravensburg,08436064,Volksbank Ulm-Biberach,96019
63090100,Senden,,Volksbank Ulm-Biberach,96019
63090100,Ulm,08421000,Volksbank Ulm-Biberach (Gf P2),86019
63091010,Ehingen (Donau),08425033,Donau-Iller Bank,96062
63091010,Allmendingen,08425002,Donau-Iller Bank,96062
63091010,Balzheim,08425140,Donau-Iller Bank,96062
63091010,Dietenheim,08425028,Donau-Iller Bank,96062
63091010,Ehingen (Donau),08425033,Donau-Iller Bank (Gf P2),86062
63091010,Hüttisheim,08425064,Donau-Iller Bank,96062
63091010,Illerkirchberg,08425137,Donau-Iller Bank,96062
63091010,Illerrieden,08425066,Donau-Iller Bank,96062
63091010,Munderkingen,08425081,Donau-Iller Bank,96062
63091010,Oberstadion,08425091,Donau-Iller Bank,96062
63091010,Rottenacker,08425104,Donau-Iller Bank,96062
63091010,Schelklingen,08425108,Donau-Iller Bank,96062
63091010,Schnürpflingen,08425110,Donau-Iller Bank,96062
63091010,Staig,08425138,Donau-Iller Bank,96062
63091200,Blaubeuren,08425020,Volksbank Blaubeuren -alt-,96076
63091200,Blaubeuren,08425020,Volksbank Blaubeuren (Gf P2),86076
63091300,Langenau,08425072,Volksbank Alb,96092
63091300,Langenau,08425072,Volksbank Alb (Gf P2),86092
63220090,Heidenheim an der Brenz,08135019,UniCredit Bank - HypoVereinsbank,22037
63240016,Heidenheim an der Brenz,08135019,Commerzbank,24634
63250030,Heidenheim an der Brenz,08135019,Kreissparkasse Heidenheim,56023
62290110,Ilshofen,08127043,VR Bank Heilbronn Schwäbisch Hall,96026
62290110,Mainhardt,08127052,VR Bank Heilbronn Schwäbisch Hall,96026
62290110,Michelbach an der Bilz,08127056,VR Bank Heilbronn Schwäbisch Hall,96026
62290110,Michelfeld,08127059,VR Bank Heilbronn Schwäbisch Hall,96026
62290110,Neckarsulm,08125065,VR Bank Heilbronn Schwäbisch Hall,96026
62290110,Oberrot,08127062,VR Bank Heilbronn Schwäbisch Hall,96026
62290110,Obersontheim,08127063,VR Bank Heilbronn Schwäbisch Hall,96026
62290110,Oedheim,08125078,VR Bank Heilbronn Schwäbisch Hall,96026
62290110,Rosengarten,,VR Bank Heilbronn Schwäbisch Hall,96026
62290110,Satteldorf,08127073,VR Bank Heilbronn Schwäbisch Hall,96026
62290110,Schwäbisch Hall,08127076,VR Bank Heilbronn Schwäbisch Hall (Gf P2),86026
62290110,Sulzbach-Laufen,08127079,VR Bank Heilbronn Schwäbisch Hall,96026
62290110,Wallhausen,,VR Bank Heilbronn Schwäbisch Hall,96026
62290110,Wüstenrot,08125107,VR Bank Heilbronn Schwäbisch Hall,96026
62291020,Crailsheim,08127014,Crailsheimer Volksbank -alt-,96065
62291020,Crailsheim,08127014,Crailsheimer Volksbank (Gf P2),86065
62391420,Weikersheim,08128126,Volksbank Vorbach-Tauber -alt-,96117
62391420,Weikersheim,08128126,Volksbank Vorbach-Tauber (Gf P2),86117
63000000,Ulm,08421000,Bundesbank,20630
63020086,Ulm,08421000,UniCredit Bank - HypoVereinsbank,22090
63020086,Illertissen,09775129,UniCredit Bank - HypoVereinsbank,22090
63040053,Ulm,08421000,Commerzbank,24630
63040053,Ehingen (Donau),08425033,Commerzbank,24630
63040053,Neu-Ulm,09775135,Commerzbank,24630
63050000,Ulm,08421000,Sparkasse Ulm,56025
63050000,Allmendingen,08425002,Sparkasse Ulm,56025
63050000,Altheim (Alb),08425005,Sparkasse Ulm,56025
63050000,Amstetten,08425008,Sparkasse Ulm,56025
63050000,Beimerstetten,08425014,Sparkasse Ulm,56025
63050000,Blaubeuren,08425020,Sparkasse Ulm,56025
63050000,Blaustein,08425141,Sparkasse Ulm,56025
63050000,Dietenheim,08425028,Sparkasse Ulm,56025
63050000,Dornstadt,08425031,Sparkasse Ulm,56025
63050000,Ehingen (Donau),08425033,Sparkasse Ulm,56025
63050000,Erbach,,Sparkasse Ulm,56025
63050000,Heroldstatt,08425139,Sparkasse Ulm,56025
63050000,Illerkirchberg,08425137,Sparkasse Ulm,56025
63050000,Illerrieden,08425066,Sparkasse Ulm,56025
63050000,Laichingen,08425071,Sparkasse Ulm,56025
63050000,Langenau,08425072,Sparkasse Ulm,56025
63050000,Lonsee,08425075,Sparkasse Ulm,56025
63050000,Merklingen,08425079,Sparkasse Ulm,56025
63050000,Munderkingen,08425081,Sparkasse Ulm,56025
63050000,Nellingen,08425084,Sparkasse Ulm,56025
63050000,Oberdischingen,08425088,Sparkasse Ulm,56025
63050000,Rottenacker,08425104,Sparkasse Ulm,56025
63050000,Schelklingen,08425108,Sparkasse Ulm,56025
63050000,Staig,08425138,Sparkasse Ulm,56025
63050000,Westerheim,,Sparkasse Ulm,56025
63061486,Langenau,08425072,VR-Bank Langenau-Ulmer Alb -alt-,66094
62091800,Langenburg,08127047,Volksbank Hohenlohe Gs Langenburg,96153
62091800,Neuenstein,,Volksbank Hohenlohe Gs Neuenstein,96153
62091800,Niedernhall,08126060,Volksbank Hohenlohe Gs Niedernhall,96153
62091800,Niederstetten,08128082,Volksbank Hohenlohe Gs Niederstetten,96153
62091800,Pfedelbach,08126069,Volksbank Hohenlohe Gs Pfedelbach,96153
62091800,Rot am See,08127071,Volksbank Hohenlohe Gs Rot am See,96153
62091800,Schrozberg,08127075,Volksbank Hohenlohe Gs Schrozberg,96153
62091800,Weißbach,,Volksbank Hohenlohe Gs Weißbach,96153
62091800,Öhringen,08126066,Volksbank Hohenlohe (Gf P2),86153
62220000,Schwäbisch Hall,08127076,Bausparkasse Schwäbisch Hall,
62240048,Schwäbisch Hall,08127076,Commerzbank,24048
62250030,Schwäbisch Hall,08127076,Sparkasse Schwäbisch Hall-Crailsheim,56029
62250030,Blaufelden,08127008,Sparkasse Schwäbisch Hall-Crailsheim,56029
62250030,Bühlertann,08127012,Sparkasse Schwäbisch Hall-Crailsheim,56029
62250030,Crailsheim,08127014,Sparkasse Schwäbisch Hall-Crailsheim,56029
62250030,Gaildorf,08127025,Sparkasse Schwäbisch Hall-Crailsheim,56029
62250030,Gerabronn,08127032,Sparkasse Schwäbisch Hall-Crailsheim,56029
62250030,Ilshofen,08127043,Sparkasse Schwäbisch Hall-Crailsheim,56029
62250030,Mainhardt,08127052,Sparkasse Schwäbisch Hall-Crailsheim,56029
62250030,Michelfeld,08127059,Sparkasse Schwäbisch Hall-Crailsheim,56029
62250030,Oberrot,08127062,Sparkasse Schwäbisch Hall-Crailsheim,56029
62250030,Obersontheim,08127063,Sparkasse Schwäbisch Hall-Crailsheim,56029
62250030,Rosengarten,,Sparkasse Schwäbisch Hall-Crailsheim,56029
62250030,Rot am See,08127071,Sparkasse Schwäbisch Hall-Crailsheim,56029
62250030,Satteldorf,08127073,Sparkasse Schwäbisch Hall-Crailsheim,56029
62250030,Schrozberg,08127075,Sparkasse Schwäbisch Hall-Crailsheim,56029
62250030,Untermünkheim,08127086,Sparkasse Schwäbisch Hall-Crailsheim,56029
62251550,Künzelsau,08126046,Sparkasse Hohenlohekreis,56027
62251550,Bretzfeld,08126011,Sparkasse Hohenlohekreis,56027
62251550,Dörzbach,08126020,Sparkasse Hohenlohekreis,56027
62251550,Forchtenberg,08126028,Sparkasse Hohenlohekreis,56027
62251550,Ingelfingen,08126039,Sparkasse Hohenlohekreis,56027
62251550,Kupferzell,08126047,Sparkasse Hohenlohekreis,56027
62251550,Mulfingen,08126056,Sparkasse Hohenlohekreis,56027
62251550,Neuenstein,,Sparkasse Hohenlohekreis,56027
62251550,Niedernhall,08126060,Sparkasse Hohenlohekreis,56027
62251550,Pfedelbach,08126069,Sparkasse Hohenlohekreis,56027
62251550,Schöntal,08126072,Sparkasse Hohenlohekreis,56027
62251550,Waldenburg,,Sparkasse Hohenlohekreis,56027
62251550,Öhringen,08126066,Sparkasse Hohenlohekreis,56027
62280012,Schwäbisch Hall,08127076,Commerzbank vormals Dresdner Bank,28622
62290110,Schwäbisch Hall,08127076,VR Bank Heilbronn Schwäbisch Hall,96026
62290110,Bad Friedrichshall,08125005,VR Bank Heilbronn Schwäbisch Hall,96026
62290110,Bad Wimpfen,08125007,VR Bank Heilbronn Schwäbisch Hall,96026
62290110,Braunsbach,08127009,VR Bank Heilbronn Schwäbisch Hall,96026
62290110,Crailsheim,08127014,VR Bank Heilbronn Schwäbisch Hall,96026
62290110,Fichtenau,08127102,VR Bank Heilbronn Schwäbisch Hall,96026
62290110,Gaildorf,08127025,VR Bank Heilbronn Schwäbisch Hall,96026
62290110,Gundelsheim,,VR Bank Heilbronn Schwäbisch Hall,96026
62290110,Heilbronn,08121000,VR Bank Heilbronn Schwäbisch Hall,96026
62062643,Flein,08125030,Volksbank Flein-Talheim,66202
62062643,Flein,08125030,Volksbank Flein-Talheim (Gf P2),76202
62062643,Heilbronn,08121000,Volksbank Flein-Talheim,66202
62062643,Talheim,,Volksbank Flein-Talheim,66202
62063263,Brackenheim,08125013,VBU Volksbank im Unterland,66230
62063263,Brackenheim,08125013,VBU Volksbank im Unterland (Gf P2),76230
62063263,Güglingen,08125038,VBU Volksbank im Unterland,66230
62063263,Lauffen am Neckar,08125056,VBU Volksbank im Unterland,66230
62063263,Leingarten,08125058,VBU Volksbank im Unterland,66230
62063263,Massenbachhausen,08125061,VBU Volksbank im Unterland,66230
62063263,Neckarwestheim,08125066,VBU Volksbank im Unterland,66230
62063263,Nordheim,08125074,VBU Volksbank im Unterland,66230
62063263,Schwaigern,08125086,VBU Volksbank im Unterland,66230
62063263,Zaberfeld,08125108,VBU Volksbank im Unterland,66230
62070024,Heilbronn,08121000,Deutsche Bank,21249
62070024,Künzelsau,08126046,Deutsche Bank,21249
62070024,Neckarsulm,08125065,Deutsche Bank,21249
62070024,Schwäbisch Hall,08127076,Deutsche Bank,21249
62070024,Öhringen,08126066,Deutsche Bank,21249
62070081,Heilbronn,08121000,Deutsche Bank,27249
62070081,Künzelsau,08126046,Deutsche Bank,27249
62070081,Neckarsulm,08125065,Deutsche Bank,27249
62070081,Schwäbisch Hall,08127076,Deutsche Bank,27249
62070081,Öhringen,08126066,Deutsche Bank,27249
62080012,Heilbronn,08121000,Commerzbank vormals Dresdner Bank,28620
62080012,Neckarsulm,08125065,Commerzbank vormals Dresdner Bank,28620
62090100,Heilbronn,08121000,Volksbank Heilbronn -alt-,96018
62090100,Heilbronn,08121000,Volksbank Heilbronn (Gf P2),86018
62091400,Brackenheim,08125013,Volksbank Brackenheim-Güglingen -alt-,96106
62091400,Brackenheim,08125013,Volksbank Brackenheim-Güglingen (Gf P2),86106
62091600,Möckmühl,08125063,Volksbank Möckmühl,96140
62091600,Hardthausen am Kocher,08125111,Volksbank Möckmühl,96140
62091600,Jagsthausen,08125048,Volksbank Möckmühl,96140
62091600,Langenbrettach,08125113,Volksbank Möckmühl,96140
62091600,Möckmühl,08125063,Volksbank Möckmühl (Gf P2),86140
62091600,Neudenau,08125068,Volksbank Möckmühl,96140
62091600,Neuenstadt am Kocher,08125069,Volksbank Möckmühl,96140
62091600,Oedheim,08125078,Volksbank Möckmühl,96140
62091600,Roigheim,08125084,Volksbank Möckmühl,96140
62091600,Widdern,08125103,Volksbank Möckmühl,96140
62091800,Öhringen,08126066,Volksbank Hohenlohe,96153
62091800,Blaufelden,08127008,Volksbank Hohenlohe Gs Blaufelden,96153
62091800,Bretzfeld,08126011,Volksbank Hohenlohe Gs Bretzfeld,96153
62091800,Dörzbach,08126020,Volksbank Hohenlohe Gs Dörzbach,96153
62091800,Forchtenberg,08126028,Volksbank Hohenlohe Gs Forchtenberg,96153
62091800,Gerabronn,08127032,Volksbank Hohenlohe Gs Gerabronn,96153
62091800,Ingelfingen,08126039,Volksbank Hohenlohe Gs Ingelfingen,96153
62091800,Kirchberg an der Jagst,08127046,Volksbank Hohenlohe Gs Kirchberg,96153
62091800,Kupferzell,08126047,Volksbank Hohenlohe Gs Kupferzell,96153
62091800,Künzelsau,08126046,Volksbank Hohenlohe Gs Künzelsau,96153
61391410,Welzheim,08119084,VR Bank Schwäbischer Wald,96113
61391410,Alfdorf,08119001,VR Bank Schwäbischer Wald,96113
61391410,Allmersbach im Tal,08119003,VR Bank Schwäbischer Wald,96113
61391410,Weissach im Tal,08119083,VR Bank Schwäbischer Wald,96113
61391410,Welzheim,08119084,VR Bank Schwäbischer Wald (Gf P2),86113
61420086,Aalen,08136088,UniCredit Bank - HypoVereinsbank,22001
61440086,Aalen,08136088,Commerzbank,24631
61450050,Aalen,08136088,Kreissparkasse Ostalb,56024
61450050,Schwäbisch Gmünd,08136065,Kreissparkasse Ostalb,56024
61480001,Aalen,08136088,Commerzbank vormals Dresdner Bank,28614
61490150,Aalen,08136088,VR-Bank Ostalb,96039
61490150,Aalen,08136088,VR-Bank Ostalb (Gf P2),86039
61490150,Abtsgmünd,08136002,VR-Bank Ostalb,96039
61490150,Bopfingen,08136010,VR-Bank Ostalb,96039
61490150,Essingen,,VR-Bank Ostalb,96039
61490150,Hüttlingen,08136033,VR-Bank Ostalb,96039
61490150,Iggingen,08136034,VR-Bank Ostalb,96039
61490150,Lauchheim,08136038,VR-Bank Ostalb,96039
61490150,Leinzell,08136040,VR-Bank Ostalb,96039
61490150,Lorch,,VR-Bank Ostalb,96039
61490150,Neresheim,08136045,VR-Bank Ostalb,96039
61490150,Oberkochen,08136050,VR-Bank Ostalb,96039
61490150,Schechingen,08136062,VR-Bank Ostalb,96039
61490150,Schwäbisch Gmünd,08136065,VR-Bank Ostalb,96039
61490150,Waldstetten,,VR-Bank Ostalb,96039
61491010,Ellwangen (Jagst),08136019,VR-Bank Ellwangen,96060
61491010,Adelmannsfelden,08136003,VR-Bank Ellwangen,96060
61491010,Ellenberg,,VR-Bank Ellwangen,96060
61491010,Ellwangen (Jagst),08136019,VR-Bank Ellwangen (Gf P2),86060
61491010,Jagstzell,08136035,VR-Bank Ellwangen,96060
61491010,Neuler,08136046,VR-Bank Ellwangen,96060
61491010,Rosenberg,,VR-Bank Ellwangen,96060
61491010,Tannhausen,08136071,VR-Bank Ellwangen,96060
62020000,Heilbronn,08121000,Hoerner-Bank,25275
62040060,Heilbronn,08121000,Commerzbank,24604
62040060,Neckarsulm,08125065,Commerzbank,24604
62050000,Heilbronn,08121000,Kreissparkasse Heilbronn,56026
62061991,Obersulm,08125110,Volksbank Sulmtal,66693
62061991,Eberstadt,08125021,Volksbank Sulmtal,66693
62061991,Ellhofen,08125024,Volksbank Sulmtal,66693
62061991,Lehrensteinsfeld,08125057,Volksbank Sulmtal,66693
62061991,Löwenstein,08125059,Volksbank Sulmtal,66693
62061991,Obersulm,08125110,Volksbank Sulmtal (Gf P2),76693
62061991,Weinsberg,08125102,Volksbank Sulmtal,66693
62062215,Beilstein,,Volksbank Beilstein-Ilsfeld-Abstatt,66152
62062215,Abstatt,08125001,Volksbank Beilstein-Ilsfeld-Abstatt,66152
62062215,Beilstein,,Volksbank Beilstein-Ilsfeld-Abstatt (Gf P2),76152
62062215,Ilsfeld,08125046,Volksbank Beilstein-Ilsfeld-Abstatt,66152
62062215,Oberstenfeld,08118060,Volksbank Beilstein-Ilsfeld-Abstatt Zw Gronau,66152
62062215,Untergruppenbach,08125098,Volksbank Beilstein-Ilsfeld-Abstatt,66152
61290120,Aichtal,08116081,Volksbank Mittlerer Neckar,96030
61290120,Bissingen an der Teck,08116012,Volksbank Mittlerer Neckar,96030
61290120,Dettingen unter Teck,08116016,Volksbank Mittlerer Neckar,96030
61290120,Esslingen am Neckar,08116019,Volksbank Mittlerer Neckar (Gf P2),86030
61290120,Kirchheim unter Teck,08116033,Volksbank Mittlerer Neckar,96030
61290120,Köngen,08116035,Volksbank Mittlerer Neckar,96030
61290120,Lenningen,08116079,Volksbank Mittlerer Neckar,96030
61290120,Neckartailfingen,08116041,Volksbank Mittlerer Neckar,96030
61290120,Neckartenzlingen,08116042,Volksbank Mittlerer Neckar,96030
61290120,Neuffen,08116046,Volksbank Mittlerer Neckar,96030
61290120,Notzingen,08116048,Volksbank Mittlerer Neckar,96030
61290120,Oberboihingen,08116050,Volksbank Mittlerer Neckar,96030
61290120,Schlierbach,08117044,Volksbank Mittlerer Neckar,96030
61290120,Unterensingen,08116068,Volksbank Mittlerer Neckar,96030
61290120,Weilheim an der Teck,08116070,Volksbank Mittlerer Neckar,96030
61290120,Wendlingen am Neckar,08116071,Volksbank Mittlerer Neckar,96030
61340079,Schwäbisch Gmünd,08136065,Commerzbank,24610
61361722,Heubach,08136028,Raiffeisenbank Rosenstein,66113
61361722,Bartholomä,08136007,Raiffeisenbank Rosenstein,66113
61361722,Böbingen an der Rems,08136009,Raiffeisenbank Rosenstein,66113
61361722,Heubach,08136028,Raiffeisenbank Rosenstein (Gf P2),76113
61361722,Heuchlingen,08136029,Raiffeisenbank Rosenstein,66113
61361722,Mögglingen,08136043,Raiffeisenbank Rosenstein,66113
61361975,Mutlangen,08136044,Raiffeisenbank Mutlangen -alt-,66140
61361975,Durlangen,08136015,Raiffeisenbank Mutlangen,66140
61361975,Eschach,08136020,Raiffeisenbank Mutlangen,66140
61361975,Gschwend,08136027,Raiffeisenbank Mutlangen,66140
61361975,Mutlangen,08136044,Raiffeisenbank Mutlangen (Gf P2),76140
61361975,Ruppertshofen,,Raiffeisenbank Mutlangen,66140
61361975,Schwäbisch Gmünd,08136065,Raiffeisenbank Mutlangen Ndl Großdeinbach,66140
61361975,Spraitbach,08136066,Raiffeisenbank Mutlangen,66140
61361975,Täferrot,08136070,Raiffeisenbank Mutlangen,66140
61370024,Schwäbisch Gmünd,08136065,Deutsche Bank,21254
61370024,Aalen,08136088,Deutsche Bank,21254
61370024,Crailsheim,08127014,Deutsche Bank,21254
61370024,Ellwangen (Jagst),08136019,Deutsche Bank,21254
61370024,Giengen an der Brenz,08135016,Deutsche Bank,21254
61370024,Heidenheim an der Brenz,08135019,Deutsche Bank,21254
61370024,Nördlingen,09779194,Deutsche Bank,21254
61370024,Schorndorf,,Deutsche Bank,21254
61370086,Schwäbisch Gmünd,08136065,Deutsche Bank,27254
61370086,Aalen,08136088,Deutsche Bank,27254
61370086,Crailsheim,08127014,Deutsche Bank,27254
61370086,Ellwangen (Jagst),08136019,Deutsche Bank,27254
61370086,Giengen an der Brenz,08135016,Deutsche Bank,27254
61370086,Heidenheim an der Brenz,08135019,Deutsche Bank,27254
61370086,Nördlingen,09779194,Deutsche Bank,27254
61370086,Schorndorf,,Deutsche Bank,27254
61390140,Schwäbisch Gmünd,08136065,Volksbank Schwäbisch Gmünd -alt-,96036
61390140,Schwäbisch Gmünd,08136065,Volksbank Schwäbisch Gmünd (Gf P2),86036
61170024,Esslingen am Neckar,08116019,Deutsche Bank,21244
61170024,Kirchheim unter Teck,08116033,Deutsche Bank,21244
61170024,Nürtingen,08116049,Deutsche Bank,21244
61170024,Plochingen,08116056,Deutsche Bank,21244
61170076,Esslingen am Neckar,08116019,Deutsche Bank,27244
61170076,Kirchheim unter Teck,08116033,Deutsche Bank,27244
61170076,Nürtingen,08116049,Deutsche Bank,27244
61170076,Plochingen,08116056,Deutsche Bank,27244
61180004,Esslingen am Neckar,08116019,Commerzbank vormals Dresdner Bank,28611
61180004,Plochingen,08116056,Commerzbank vormals Dresdner Bank,28611
61190110,Esslingen am Neckar,08116019,Volksbank Esslingen -alt-,96025
61190110,Esslingen am Neckar,08116019,Volksbank Esslingen (Gf P2),86025
61191310,Plochingen,08116056,Volksbank Plochingen,96101
61191310,Altbach,08116004,Altbacher Bank Ndl d Volksbank Plochingen,96101
61191310,Deizisau,08116014,Deizisauer Bank Ndl der Volksbank Plochingen,96101
61191310,Denkendorf,,Denkendorfer Bank Ndl d Volksbank Plochingen,96101
61191310,Esslingen am Neckar,08116019,Zeller Bank Ndl d Volksbank Plochingen,96101
61191310,Hochdorf,,Hochdorfer Bank Ndl d Volksbank Plochingen,96101
61191310,Plochingen,08116056,Volksbank Plochingen (Gf P2),86101
61191310,Reichenbach an der Fils,08116058,Volksbank Reichenbach Ndl d VB Plochingen,96101
61191310,Wernau (Neckar),08116072,Wernauer Bank Ndl d Volksbank Plochingen,96101
61240048,Nürtingen,08116049,Commerzbank,24648
61261213,Owen,08116054,Raiffeisenbank Teck -alt-,66058
61261213,Dettingen unter Teck,08116016,Raiffeisenbank Teck,66058
61261213,Kirchheim unter Teck,08116033,Raiffeisenbank Teck,66058
61261213,Lenningen,08116079,"Raiffbk Teck Gs Gutenbg, Schopfloch, Brucken",66058
61261213,Neidlingen,08116043,Raiffeisenbank Teck,66058
61261213,Owen,08116054,Raiffeisenbank Teck (Gf P2),76058
61261213,Weilheim an der Teck,08116070,Raiffeisenbank Teck,66058
61261339,Frickenhausen,08116020,VR Bank Hohenneuffen-Teck -alt-,66076
61261339,Bempflingen,08116008,VR Bank Hohenneuffen-Teck,66076
61261339,Beuren,,VR Bank Hohenneuffen-Teck,66076
61261339,Dettingen unter Teck,08116016,VR Bank Hohenneuffen-Teck,66076
61261339,Frickenhausen,08116020,VR Bank Hohenneuffen-Teck (Gf P2),76076
61261339,Grafenberg,08415029,VR Bank Hohenneuffen-Teck,66076
61261339,Großbettlingen,08116022,VR Bank Hohenneuffen-Teck,66076
61261339,Kirchheim unter Teck,08116033,VR Bank Hohenneuffen-Teck,66076
61261339,Kohlberg,,VR Bank Hohenneuffen-Teck,66076
61261339,Lenningen,08116079,VR Bank Hohenneuffen-Teck,66076
61261339,Neidlingen,08116043,VR Bank Hohenneuffen-Teck,66076
61261339,Nürtingen,08116049,VR Bank Hohenneuffen-Teck,66076
61261339,Owen,08116054,VR Bank Hohenneuffen-Teck,66076
61261339,Weilheim an der Teck,08116070,VR Bank Hohenneuffen-Teck,66076
61262258,Wolfschlugen,08116073,Genossenschaftsbank Wolfschlugen -alt-,66161
61262258,Wolfschlugen,08116073,Genossenschaftsbank Wolfschlugen (Gf P2),76161
61262345,Filderstadt,08116077,Bernhauser Bank,66170
61262345,Filderstadt,08116077,Bernhauser Bank (Gf P2),76170
61281007,Kirchheim unter Teck,08116033,Commerzbank vormals Dresdner Bank,28612
61281007,Nürtingen,08116049,Commerzbank vormals Dresdner Bank,28612
61290120,Esslingen am Neckar,08116019,Volksbank Mittlerer Neckar,96030
61070024,Geislingen an der Steige,08117024,Deutsche Bank,21247
61070078,Göppingen,08117026,Deutsche Bank,27247
61070078,Eislingen/Fils,08117019,Deutsche Bank,27247
61070078,Geislingen an der Steige,08117024,Deutsche Bank,27247
61080006,Göppingen,08117026,Commerzbank vormals Dresdner Bank,28610
61091200,Deggingen,08117014,Volksbank-Raiffeisenbank Deggingen -alt-,96074
61091200,Deggingen,08117014,Volksbank-Raiffeisenbank Deggingen (Gf P2),86074
61120286,Esslingen am Neckar,08116019,UniCredit Bank - HypoVereinsbank,22026
61140071,Esslingen am Neckar,08116019,Commerzbank,24602
61140071,Kirchheim unter Teck,08116033,Commerzbank,24602
61140071,Plochingen,08116056,Commerzbank,24602
61150020,Esslingen am Neckar,08116019,Kreissparkasse Esslingen-Nürtingen,56004
61150020,Aichtal,08116081,Kreissparkasse Esslingen-Nürtingen,56004
61150020,Aichwald,08116076,Kreissparkasse Esslingen-Nürtingen,56004
61150020,Altbach,08116004,Kreissparkasse Esslingen-Nürtingen,56004
61150020,Baltmannsweiler,08116007,Kreissparkasse Esslingen-Nürtingen,56004
61150020,Bempflingen,08116008,Kreissparkasse Esslingen-Nürtingen,56004
61150020,Beuren,,Kreissparkasse Esslingen-Nürtingen,56004
61150020,Bissingen an der Teck,08116012,Kreissparkasse Esslingen-Nürtingen,56004
61150020,Deizisau,08116014,Kreissparkasse Esslingen-Nürtingen,56004
61150020,Denkendorf,,Kreissparkasse Esslingen-Nürtingen,56004
61150020,Dettingen unter Teck,08116016,Kreissparkasse Esslingen-Nürtingen,56004
61150020,Erkenbrechtsweiler,08116018,Kreissparkasse Esslingen-Nürtingen,56004
61150020,Filderstadt,08116077,Kreissparkasse Esslingen-Nürtingen,56004
61150020,Frickenhausen,08116020,Kreissparkasse Esslingen-Nürtingen,56004
61150020,Großbettlingen,08116022,Kreissparkasse Esslingen-Nürtingen,56004
61150020,Hochdorf,,Kreissparkasse Esslingen-Nürtingen,56004
61150020,Kirchheim unter Teck,08116033,Kreissparkasse Esslingen-Nürtingen,56004
61150020,Köngen,08116035,Kreissparkasse Esslingen-Nürtingen,56004
61150020,Leinfelden-Echterdingen,08116078,Kreissparkasse Esslingen-Nürtingen,56004
61150020,Lenningen,08116079,Kreissparkasse Esslingen-Nürtingen,56004
61150020,Neckartailfingen,08116041,Kreissparkasse Esslingen-Nürtingen,56004
61150020,Neckartenzlingen,08116042,Kreissparkasse Esslingen-Nürtingen,56004
61150020,Neuffen,08116046,Kreissparkasse Esslingen-Nürtingen,56004
61150020,Neuhausen auf den Fildern,08116047,Kreissparkasse Esslingen-Nürtingen,56004
61150020,Notzingen,08116048,Kreissparkasse Esslingen-Nürtingen,56004
61150020,Nürtingen,08116049,Kreissparkasse Esslingen-Nürtingen,56004
61150020,Oberboihingen,08116050,Kreissparkasse Esslingen-Nürtingen,56004
61150020,Ostfildern,08116080,Kreissparkasse Esslingen-Nürtingen,56004
61150020,Owen,08116054,Kreissparkasse Esslingen-Nürtingen,56004
61150020,Plochingen,08116056,Kreissparkasse Esslingen-Nürtingen,56004
61150020,Reichenbach an der Fils,08116058,Kreissparkasse Esslingen-Nürtingen,56004
61150020,Unterensingen,08116068,Kreissparkasse Esslingen-Nürtingen,56004
61150020,Weilheim an der Teck,08116070,Kreissparkasse Esslingen-Nürtingen,56004
61150020,Wendlingen am Neckar,08116071,Kreissparkasse Esslingen-Nürtingen,56004
61150020,Wernau (Neckar),08116072,Kreissparkasse Esslingen-Nürtingen,56004
61150020,Wolfschlugen,08116073,Kreissparkasse Esslingen-Nürtingen,56004
61161696,Neuhausen auf den Fildern,08116047,Volksbank Filder,66111
61161696,Filderstadt,08116077,Volksbank Filder,66111
61161696,Neuhausen auf den Fildern,08116047,Volksbank Filder (Gf P2),76111
61030000,Göppingen,08117026,Bankhaus Gebr. Martin,99089
61030000,Göppingen,08117026,Bankhaus Gebr. Martin (Gf P3),89089
61030000,Göppingen,08117026,Bankhaus Gebr. Martin (Gf P2),26235
61040014,Göppingen,08117026,Commerzbank,24603
61040014,Geislingen an der Steige,08117024,Commerzbank,24603
61050000,Göppingen,08117026,Kreissparkasse Göppingen,56022
61050000,Albershausen,08117003,Kreissparkasse Göppingen,56022
61050000,Bad Boll,08117012,Kreissparkasse Göppingen,56022
61050000,Böhmenkirch,08117010,Kreissparkasse Göppingen,56022
61050000,Deggingen,08117014,Kreissparkasse Göppingen,56022
61050000,Donzdorf,08117015,Kreissparkasse Göppingen,56022
61050000,Ebersbach an der Fils,08117018,Kreissparkasse Göppingen,56022
61050000,Eislingen/Fils,08117019,Kreissparkasse Göppingen,56022
61050000,Geislingen an der Steige,08117024,Kreissparkasse Göppingen,56022
61050000,Gingen an der Fils,08117025,Kreissparkasse Göppingen,56022
61050000,Gruibingen,08117028,Kreissparkasse Göppingen,56022
61050000,Heiningen,,Kreissparkasse Göppingen,56022
61050000,Rechberghausen,08117038,Kreissparkasse Göppingen,56022
61050000,Salach,08117042,Kreissparkasse Göppingen,56022
61050000,Schlierbach,08117044,Kreissparkasse Göppingen,56022
61050000,Süßen,08117049,Kreissparkasse Göppingen,56022
61050000,Uhingen,08117051,Kreissparkasse Göppingen,56022
61050000,Wiesensteig,08117058,Kreissparkasse Göppingen,56022
61050000,Wäschenbeuren,08117053,Kreissparkasse Göppingen,56022
61050000,Zell unter Aichelberg,08117060,Kreissparkasse Göppingen,56022
61060500,Göppingen,08117026,Volksbank Göppingen,66037
61060500,Adelberg,08117001,Volksbank Göppingen,66037
61060500,Albershausen,08117003,Volksbank Göppingen,66037
61060500,Amstetten,08425008,Volksbank Göppingen,66037
61060500,Bad Überkingen,08117007,Volksbank Göppingen,66037
61060500,Böhmenkirch,08117010,Volksbank Göppingen,66037
61060500,Donzdorf,08117015,Volksbank Göppingen,66037
61060500,Ebersbach an der Fils,08117018,Volksbank Göppingen,66037
61060500,Eislingen/Fils,08117019,Volksbank Göppingen,66037
61060500,Geislingen an der Steige,08117024,Volksbank Göppingen,66037
61060500,Gingen an der Fils,08117025,Volksbank Göppingen,66037
61060500,Göppingen,08117026,Volksbank Göppingen (Gf P2),76037
61060500,Hattenhofen,,Volksbank Göppingen,66037
61060500,Heiningen,,Volksbank Göppingen,66037
61060500,Kuchen,08117033,Volksbank Göppingen,66037
61060500,Lauterstein,08117061,Volksbank Göppingen,66037
61060500,Salach,08117042,Volksbank Göppingen,66037
61060500,Schlat,08117043,Volksbank Göppingen,66037
61060500,Süßen,08117049,Volksbank Göppingen,66037
61060500,Uhingen,08117051,Volksbank Göppingen,66037
61060500,Waldstetten,,Volksbank Göppingen,66037
61060500,Wäschenbeuren,08117053,Volksbank Göppingen,66037
61060500,Zell unter Aichelberg,08117060,Volksbank Göppingen,66037
61070024,Göppingen,08117026,Deutsche Bank,21247
61070024,Eislingen/Fils,08117019,Deutsche Bank,21247
60470082,Marbach am Neckar,08118049,Deutsche Bank,27251
60470082,Markgröningen,08118050,Deutsche Bank,27251
60470082,Vaihingen an der Enz,08118073,Deutsche Bank,27251
60480008,Ludwigsburg,08118048,Commerzbank vormals Dresdner Bank,28604
60480008,Bietigheim-Bissingen,08118079,Commerzbank vormals Dresdner Bank,28604
60490150,Ludwigsburg,08118048,Volksbank Ludwigsburg -alt-,96038
60490150,Affalterbach,08118001,Volksbank Ludwigsburg,96038
60490150,Bietigheim-Bissingen,08118079,Volksbank Ludwigsburg,96038
60490150,Erdmannhausen,08118014,Volksbank Ludwigsburg,96038
60490150,Großbottwar,08118021,Volksbank Ludwigsburg,96038
60490150,Hemmingen,,Volksbank Ludwigsburg,96038
60490150,Kornwestheim,08118046,Volksbank Ludwigsburg,96038
60490150,Ludwigsburg,08118048,Volksbank Ludwigsburg (Gf P2),86038
60490150,Marbach am Neckar,08118049,Volksbank Ludwigsburg,96038
60490150,Murr,08118054,Volksbank Ludwigsburg,96038
60490150,Sachsenheim,08118076,Volksbank Ludwigsburg,96038
60490150,Steinheim an der Murr,08118070,Volksbank Ludwigsburg,96038
60490150,Vaihingen an der Enz,08118073,Volksbank Ludwigsburg,96038
60491430,Ludwigsburg,08118048,VR-Bank Ludwigsburg,96120
60491430,Besigheim,08118007,VR-Bank Ludwigsburg,96120
60491430,Cleebronn,08125017,VR-Bank Ludwigsburg,96120
60491430,Erligheim,08118015,VR-Bank Ludwigsburg,96120
60491430,Freiberg am Neckar,08118078,VR-Bank Ludwigsburg,96120
60491430,Freudental,08118016,VR-Bank Ludwigsburg,96120
60491430,Gemmrigheim,08118018,VR-Bank Ludwigsburg,96120
60491430,Hessigheim,08118028,VR-Bank Ludwigsburg,96120
60491430,Ingersheim,08118077,VR-Bank Ludwigsburg,96120
60491430,Kirchheim am Neckar,08118040,VR-Bank Ludwigsburg,96120
60491430,Ludwigsburg,08118048,VR-Bank Ludwigsburg (Gf P2),86120
60491430,Löchgau,08118047,VR-Bank Ludwigsburg,96120
60491430,Mundelsheim,08118053,VR-Bank Ludwigsburg,96120
60491430,Mühlacker,08236040,VR-Bank Ludwigsburg,96120
60491430,Pfaffenhofen,08125081,VR-Bank Ludwigsburg,96120
60491430,Pleidelsheim,08118063,VR-Bank Ludwigsburg,96120
60491430,Sachsenheim,08118076,VR-Bank Ludwigsburg,96120
60491430,Sersheim,08118068,VR-Bank Ludwigsburg,96120
60491430,Vaihingen an der Enz,08118073,VR-Bank Ludwigsburg,96120
60491430,Walheim,08118074,VR-Bank Ludwigsburg,96120
60491430,Zaberfeld,08125108,VR-Bank Ludwigsburg,96120
60661906,Wimsheim,08236067,Raiffeisenbank Wimsheim-Mönsheim -alt-,66615
60661906,Mönsheim,08236039,Raiffeisenbank Wimsheim-Mönsheim,66615
60661906,Wimsheim,08236067,Raiffeisenbank Wimsheim-Mönsheim (Gf P2),76615
60663084,Neubulach,08235047,Raiffeisenbank im Kreis Calw,66681
60663084,Calw,08235085,Raiffeisenbank im Kreis Calw,66681
60663084,Ebhausen,08235020,Raiffeisenbank im Kreis Calw,66681
60663084,Neubulach,08235047,Raiffeisenbank im Kreis Calw (Gf P2),76681
60663084,Neuweiler,08235050,Raiffeisenbank im Kreis Calw,66681
60663084,Oberreichenbach,,Raiffeisenbank im Kreis Calw,66681
60670024,Stuttgart,08111000,Deutsche Bank,21261
60670070,Stuttgart,08111000,Deutsche Bank,27261
60450050,Erdmannhausen,08118014,Kreissparkasse Ludwigsburg,56021
60450050,Erligheim,08118015,Kreissparkasse Ludwigsburg,56021
60450050,Freiberg am Neckar,08118078,Kreissparkasse Ludwigsburg,56021
60450050,Freudental,08118016,Kreissparkasse Ludwigsburg,56021
60450050,Gemmrigheim,08118018,Kreissparkasse Ludwigsburg,56021
60450050,Gerlingen,08118019,Kreissparkasse Ludwigsburg,56021
60450050,Großbottwar,08118021,Kreissparkasse Ludwigsburg,56021
60450050,Hemmingen,,Kreissparkasse Ludwigsburg,56021
60450050,Hessigheim,08118028,Kreissparkasse Ludwigsburg,56021
60450050,Ingersheim,08118077,Kreissparkasse Ludwigsburg,56021
60450050,Kirchheim am Neckar,08118040,Kreissparkasse Ludwigsburg,56021
60450050,Korntal-Münchingen,08118080,Kreissparkasse Ludwigsburg,56021
60450050,Kornwestheim,08118046,Kreissparkasse Ludwigsburg,56021
60450050,Löchgau,08118047,Kreissparkasse Ludwigsburg,56021
60450050,Marbach am Neckar,08118049,Kreissparkasse Ludwigsburg,56021
60450050,Markgröningen,08118050,Kreissparkasse Ludwigsburg,56021
60450050,Mundelsheim,08118053,Kreissparkasse Ludwigsburg,56021
60450050,Murr,08118054,Kreissparkasse Ludwigsburg,56021
60450050,Möglingen,08118051,Kreissparkasse Ludwigsburg,56021
60450050,Oberriexingen,08118059,Kreissparkasse Ludwigsburg,56021
60450050,Oberstenfeld,08118060,Kreissparkasse Ludwigsburg,56021
60450050,Pleidelsheim,08118063,Kreissparkasse Ludwigsburg,56021
60450050,Remseck am Neckar,08118081,Kreissparkasse Ludwigsburg,56021
60450050,Sachsenheim,08118076,Kreissparkasse Ludwigsburg,56021
60450050,Schwieberdingen,08118067,Kreissparkasse Ludwigsburg,56021
60450050,Sersheim,08118068,Kreissparkasse Ludwigsburg,56021
60450050,Steinheim an der Murr,08118070,Kreissparkasse Ludwigsburg,56021
60450050,Tamm,08118071,Kreissparkasse Ludwigsburg,56021
60450050,Vaihingen an der Enz,08118073,Kreissparkasse Ludwigsburg,56021
60450050,Walheim,08118074,Kreissparkasse Ludwigsburg,56021
60460142,Ludwigsburg,08118048,Volksbank Freiberg und Umgebung -alt-,66011
60462808,Möglingen,08118051,VR-Bank Asperg-Markgröningen -alt-,66211
60462808,Asperg,08118003,VR-Bank Asperg-Markgröningen,66211
60462808,Ludwigsburg,08118048,VR-Bank Asperg-Markgröningen,66211
60462808,Markgröningen,08118050,VR-Bank Asperg-Markgröningen,66211
60462808,Möglingen,08118051,VR-Bank Asperg-Markgröningen (Gf P2),76211
60462808,Oberriexingen,08118059,VR-Bank Asperg-Markgröningen,66211
60462808,Schwieberdingen,08118067,VR-Bank Asperg-Markgröningen,66211
60462808,Tamm,08118071,VR-Bank Asperg-Markgröningen,66211
60470024,Ludwigsburg,08118048,Deutsche Bank,21251
60470024,Asperg,08118003,Deutsche Bank,21251
60470024,Bietigheim-Bissingen,08118079,Deutsche Bank,21251
60470024,Kornwestheim,08118046,Deutsche Bank,21251
60470024,Marbach am Neckar,08118049,Deutsche Bank,21251
60470024,Markgröningen,08118050,Deutsche Bank,21251
60470024,Vaihingen an der Enz,08118073,Deutsche Bank,21251
60470082,Ludwigsburg,08118048,Deutsche Bank,27251
60470082,Asperg,08118003,Deutsche Bank,27251
60470082,Bietigheim-Bissingen,08118079,Deutsche Bank,27251
60470082,Kornwestheim,08118046,Deutsche Bank,27251
60391310,Gärtringen,08115015,Volksbank in der Region,96100
60391310,Gäufelden,08115016,Volksbank in der Region,96100
60391310,Haiterbach,08235032,Volksbank in der Region,96100
60391310,Herrenberg,08115021,Volksbank in der Region,96100
60391310,Nagold,08235046,Volksbank in der Region,96100
60391310,Rottenburg am Neckar,08416036,Volksbank in der Region,96100
60391310,Tübingen,08416041,Volksbank in der Region (Gf P2),86100
60391310,Wildberg,,Volksbank in der Region,96100
60391420,Magstadt,08115029,VR-Bank Magstadt-Weissach -alt-,96116
60391420,Magstadt,08115029,VR-Bank Magstadt-Weissach (Gf P2),86116
60420000,Oldenburg (Oldb),,Oldenburgische Landesbank AG,25599
60420000,Aachen,05334002,Oldenburgische Landesbank AG,25599
60420000,Aschaffenburg,09661000,Oldenburgische Landesbank AG,25599
60420000,Augsburg,09761000,Oldenburgische Landesbank AG,25599
60420000,Berlin,11000000,Oldenburgische Landesbank AG,25599
60420000,Bielefeld,05711000,Oldenburgische Landesbank AG,25599
60420000,Dortmund,05913000,Oldenburgische Landesbank AG,25599
60420000,Düsseldorf,05111000,Oldenburgische Landesbank AG,25599
60420000,Frankfurt am Main,06412000,Oldenburgische Landesbank AG,25599
60420000,Freiburg im Breisgau,08311000,Oldenburgische Landesbank AG,25599
60420000,Hamburg,02000000,Oldenburgische Landesbank AG,25599
60420000,Hannover,03241001,Oldenburgische Landesbank AG,25599
60420000,Kaiserslautern,07312000,Oldenburgische Landesbank AG,25599
60420000,Karlsruhe,08212000,Oldenburgische Landesbank AG,25599
60420000,Kassel,06611000,Oldenburgische Landesbank AG,25599
60420000,Kiel,01002000,Oldenburgische Landesbank AG,25599
60420000,Koblenz,07111000,Oldenburgische Landesbank AG,25599
60420000,Köln,05315000,Oldenburgische Landesbank AG,25599
60420000,Mainz,07315000,Oldenburgische Landesbank AG,25599
60420000,Mannheim,08222000,Oldenburgische Landesbank AG,25599
60420000,Münster,,Oldenburgische Landesbank AG,25599
60420000,Nürnberg,09564000,Oldenburgische Landesbank AG,25599
60420000,Stuttgart,08111000,Oldenburgische Landesbank AG,25599
60420000,Ulm,08421000,Oldenburgische Landesbank AG,25599
60420000,Würzburg,09663000,Oldenburgische Landesbank AG,25599
60420020,Oldenburg (Oldb),,Oldenburgische Landesbank AG,99076
60420021,Oldenburg (Oldb),,Oldenburgische Landesbank AG,
60420186,Ludwigsburg,08118048,UniCredit Bank - HypoVereinsbank,22052
60422000,Kornwestheim,08118046,RSB Retail+Service Bank,99032
60440073,Ludwigsburg,08118048,Commerzbank,24606
60440073,Bietigheim-Bissingen,08118079,Commerzbank,24606
60450050,Ludwigsburg,08118048,Kreissparkasse Ludwigsburg,56021
60450050,Affalterbach,08118001,Kreissparkasse Ludwigsburg,56021
60450050,Asperg,08118003,Kreissparkasse Ludwigsburg,56021
60450050,Benningen am Neckar,08118006,Kreissparkasse Ludwigsburg,56021
60450050,Besigheim,08118007,Kreissparkasse Ludwigsburg,56021
60450050,Bietigheim-Bissingen,08118079,Kreissparkasse Ludwigsburg,56021
60450050,Bönnigheim,08118010,Kreissparkasse Ludwigsburg,56021
60450050,Ditzingen,08118011,Kreissparkasse Ludwigsburg,56021
60450050,Eberdingen,08118012,Kreissparkasse Ludwigsburg,56021
60350130,Holzgerlingen,08115024,Kreissparkasse Böblingen,56002
60350130,Jettingen,08115053,Kreissparkasse Böblingen,56002
60350130,Leonberg,,Kreissparkasse Böblingen,56002
60350130,Magstadt,08115029,Kreissparkasse Böblingen,56002
60350130,Mötzingen,08115034,Kreissparkasse Böblingen,56002
60350130,Nufringen,08115037,Kreissparkasse Böblingen,56002
60350130,Renningen,08115041,Kreissparkasse Böblingen,56002
60350130,Rutesheim,08115042,Kreissparkasse Böblingen,56002
60350130,Schönaich,08115044,Kreissparkasse Böblingen,56002
60350130,Sindelfingen,08115045,Kreissparkasse Böblingen,56002
60350130,Steinenbronn,08115046,Kreissparkasse Böblingen,56002
60350130,Waldenbuch,08115048,Kreissparkasse Böblingen,56002
60350130,Weil der Stadt,08115050,Kreissparkasse Böblingen,56002
60350130,Weil im Schönbuch,08115051,Kreissparkasse Böblingen,56002
60350130,Weissach,08115052,Kreissparkasse Böblingen,56002
60361923,Weissach,08115052,Raiffeisenbank Weissach -alt-,66136
60361923,Eberdingen,08118012,Raiffeisenbank Weissach,66136
60361923,Weissach,08115052,Raiffeisenbank Weissach (Gf P2),76136
60380002,Böblingen,08115003,Commerzbank vormals Dresdner Bank,28603
60380002,Herrenberg,08115021,Commerzbank vormals Dresdner Bank,28603
60380002,Sindelfingen,08115045,Commerzbank vormals Dresdner Bank,28603
60390000,Sindelfingen,08115045,Vereinigte Volksbanken,96192
60390000,Altdorf,,Vereinigte Volksbanken,96192
60390000,Althengstett,08235007,Vereinigte Volksbanken,96192
60390000,Bad Liebenzell,08235008,Vereinigte Volksbanken,96192
60390000,Böblingen,08115003,Vereinigte Volksbanken,96192
60390000,Calw,08235085,Vereinigte Volksbanken,96192
60390000,Ehningen,08115013,Vereinigte Volksbanken,96192
60390000,Grafenau,,Vereinigte Volksbanken,96192
60390000,Hildrizhausen,08115022,Vereinigte Volksbanken,96192
60390000,Holzgerlingen,08115024,Vereinigte Volksbanken,96192
60390000,Leinfelden-Echterdingen,08116078,Vereinigte Volksbanken,96192
60390000,Schönaich,08115044,Vereinigte Volksbanken,96192
60390000,Sindelfingen,08115045,Vereinigte Volksbanken (Gf P2),86192
60390000,Steinenbronn,08115046,Vereinigte Volksbanken,96192
60390000,Waldenbuch,08115048,Vereinigte Volksbanken,96192
60390000,Weil der Stadt,08115050,Vereinigte Volksbanken,96192
60390300,Leonberg,,Volksbank Leonberg-Strohgäu,96197
60390300,Ditzingen,08118011,Volksbank Leonberg-Strohgäu,96197
60390300,Eberdingen,08118012,Volksbank Leonberg-Strohgäu,96197
60390300,Friolzheim,08236019,Volksbank Leonberg-Strohgäu,96197
60390300,Gerlingen,08118019,Volksbank Leonberg-Strohgäu,96197
60390300,Heimsheim,08236025,Volksbank Leonberg-Strohgäu,96197
60390300,Korntal-Münchingen,08118080,Volksbank Leonberg-Strohgäu,96197
60390300,Leonberg,,Volksbank Leonberg-Strohgäu (Gf P2),86197
60390300,Renningen,08115041,Volksbank Leonberg-Strohgäu,96197
60390300,Rutesheim,08115042,Volksbank Leonberg-Strohgäu,96197
60390300,Weissach,08115052,Volksbank Leonberg-Strohgäu,96197
60391310,Tübingen,08416041,Volksbank in der Region,96100
60391310,Bondorf,08115004,Volksbank in der Region,96100
